game_id,seed_group,round,position,speaker,role,silent,lr_pub,lr_full,dom_pub,dom_full,rand_pub,rand_full
s0g0,0,0,0,Bob,Carrot,0,0.004094,0.023590,0.233969,0.272013,0.367749,0.304242
s0g1,0,0,0,Alice,Carrot,0,0.006431,0.028762,0.247372,0.275243,0.648035,0.513789
s0g2,0,0,0,Bob,Carrot,0,0.003105,0.031944,0.231258,0.280800,0.281883,0.339107
s0g3,0,0,0,Bob,Carrot,0,0.003232,0.028679,0.229391,0.278811,0.475823,0.334357
s0g4,0,0,0,Bob,Parsnip,0,0.001636,0.026923,0.211567,0.273910,0.516412,0.340372
s0g5,0,0,0,Alice,Carrot,0,0.004076,0.011143,0.225960,0.248138,0.427463,0.466298
s0g6,0,0,0,Bob,Carrot,0,0.001922,0.027361,0.227031,0.277640,0.273381,0.351528
s0g7,0,0,0,Charlie,Carrot,0,0.001383,0.015702,0.214204,0.263752,0.303411,0.326592
s0g8,0,0,0,Eve,Carrot,0,0.003640,0.020909,0.237035,0.270830,0.512362,0.352512
s0g9,0,0,0,Charlie,Carrot,0,0.014738,0.037066,0.261507,0.283419,0.321310,0.328860
s0g10,0,0,0,Bob,Carrot,0,0.002346,0.020018,0.225766,0.270814,0.404004,0.368444
s0g11,0,0,0,Alice,Carrot,0,0.002886,0.031776,0.228091,0.283596,0.412728,0.324653
s0g12,0,0,0,Eve,Carrot,0,0.004054,0.028212,0.230681,0.277609,0.437437,0.361951
s0g13,0,0,0,Eve,Carrot,0,0.002578,0.028876,0.235765,0.279555,0.570243,0.342154
s0g14,0,0,0,Charlie,Carrot,0,0.002139,0.019793,0.220680,0.271570,0.490154,0.316043
s0g15,0,0,0,Eve,Carrot,0,0.001852,0.015757,0.211177,0.261962,0.411745,0.321277
s0g16,0,0,0,Bob,Parsnip,0,0.004828,0.022523,0.231277,0.267974,0.579371,0.393048
s0g17,0,0,0,Charlie,Carrot,0,0.003802,0.021140,0.233425,0.264593,0.536078,0.476367
s0g18,0,0,0,Alice,Carrot,0,0.002519,0.023477,0.225350,0.273505,0.349223,0.323717
s0g19,0,0,0,Dave,Parsnip,0,0.003793,0.015294,0.228061,0.260407,0.761113,0.608012
s1g0,1,0,0,Bob,Carrot,0,0.003359,0.030642,0.244289,0.281424,0.919078,0.918794
s1g1,1,0,0,Eve,Carrot,0,0.008817,0.033695,0.258661,0.284168,0.951756,0.922036
s1g2,1,0,0,Dave,Carrot,0,0.007203,0.019986,0.234266,0.263431,0.950472,0.954896
s1g3,1,0,0,Eve,Carrot,0,0.003096,0.026185,0.231849,0.276454,0.968866,0.920070
s1g4,1,0,0,Alice,Carrot,0,0.010009,0.022783,0.253340,0.269394,0.959818,0.952181
s1g5,1,0,0,Eve,Carrot,0,0.002174,0.019718,0.222222,0.269207,0.952888,0.919554
s1g6,1,0,0,Alice,Parsnip,0,0.003015,0.018863,0.215385,0.261539,0.928291,0.909591
s1g7,1,0,0,Charlie,Carrot,0,0.002912,0.022879,0.227832,0.270823,0.942147,0.928364
s1g8,1,0,0,Alice,Carrot,0,0.003235,0.022580,0.229643,0.271061,0.952787,0.924955
s1g9,1,0,0,Eve,Carrot,0,0.003157,0.036482,0.231287,0.283244,0.913816,0.922593
s1g10,1,0,0,Charlie,Carrot,0,0.002869,0.023416,0.228707,0.273198,0.931356,0.913378
s1g11,1,0,0,Eve,Carrot,0,0.001967,0.013609,0.219103,0.260908,0.921307,0.928185
s1g12,1,0,0,Bob,Carrot,0,0.004825,0.022981,0.241522,0.271413,0.946888,0.924636
s1g13,1,0,0,Dave,Carrot,0,0.005904,0.013913,0.261633,0.264979,0.952498,0.938365
s1g14,1,0,0,Bob,Carrot,0,0.003035,0.024342,0.225295,0.273296,0.958834,0.926393
s1g15,1,0,0,Charlie,Carrot,0,0.002006,0.023014,0.219957,0.272804,0.961463,0.929193
s1g16,1,0,0,Eve,Carrot,0,0.005231,0.037980,0.244320,0.286213,0.950932,0.927827
s1g17,1,0,0,Alice,Carrot,0,0.004042,0.042953,0.234360,0.291133,0.984810,0.931360
s1g18,1,0,0,Dave,Parsnip,0,0.001670,0.015262,0.212411,0.259868,0.963713,0.944114
s1g19,1,0,0,Alice,Carrot,0,0.002428,0.019260,0.226881,0.269802,0.970975,0.946301
s2g0,2,0,0,Charlie,Carrot,0,0.002286,0.017502,0.225839,0.266920,0.602296,0.730221
s2g1,2,0,0,Charlie,Carrot,0,0.006347,0.024841,0.244119,0.274181,0.604361,0.688841
s2g2,2,0,0,Charlie,Carrot,0,0.001831,0.023708,0.217921,0.273509,0.723360,0.769359
s2g3,2,0,0,Eve,Carrot,0,0.006971,0.021892,0.245311,0.271451,0.649425,0.707011
s2g4,2,0,0,Dave,Carrot,0,0.003239,0.018509,0.224032,0.265478,0.733651,0.786738
s2g5,2,0,0,Alice,Carrot,0,0.017744,0.065773,0.262073,0.297961,0.725389,0.758508
s2g6,2,0,0,Bob,Carrot,0,0.002710,0.027659,0.234832,0.280762,0.558854,0.762199
s2g7,2,0,0,Bob,Carrot,0,0.002949,0.020087,0.233290,0.270916,0.619228,0.706896
s2g8,2,0,0,Alice,Parsnip,0,0.002712,0.038531,0.228197,0.287654,0.763016,0.768731
s2g9,2,0,0,Eve,Carrot,0,0.003079,0.030656,0.225725,0.279843,0.641520,0.751028
s2g10,2,0,0,Bob,Carrot,0,0.002997,0.025701,0.227760,0.275479,0.576852,0.709742
s2g11,2,0,0,Bob,Carrot,0,0.000708,0.016339,0.195714,0.260714,0.470115,0.755771
s2g12,2,0,0,Charlie,Carrot,0,0.004742,0.031675,0.237664,0.280828,0.853873,0.772386
s2g13,2,0,0,Charlie,Carrot,0,0.014269,0.021295,0.258361,0.263997,0.555667,0.752066
s2g14,2,0,0,Alice,Parsnip,0,0.001774,0.015078,0.205341,0.257155,0.595186,0.675572
s2g15,2,0,0,Alice,Carrot,0,0.002273,0.015453,0.215615,0.261666,0.614470,0.671822
s2g16,2,0,0,Dave,Carrot,0,0.002948,0.022424,0.240039,0.275514,0.532389,0.792691
s2g17,2,0,0,Bob,Carrot,0,0.013973,0.051678,0.267219,0.294763,0.755949,0.783474
s2g18,2,0,0,Alice,Carrot,0,0.001563,0.022149,0.217903,0.272133,0.535932,0.700987
s2g19,2,0,0,Dave,Parsnip,0,0.001958,0.016396,0.211426,0.259160,0.671973,0.749428
s3g0,3,0,0,Bob,Parsnip,0,0.002964,0.025327,0.228033,0.275366,0.218496,0.426674
s3g1,3,0,0,Eve,Carrot,0,0.002649,0.025977,0.230287,0.276806,0.197577,0.443300
s3g2,3,0,0,Alice,Parsnip,0,0.002922,0.018106,0.216481,0.262786,0.281519,0.453335
s3g3,3,0,0,Charlie,Carrot,0,0.006475,0.033331,0.240579,0.281452,0.165685,0.421937
s3g4,3,0,0,Charlie,Carrot,0,0.012358,0.024674,0.246485,0.268159,0.224445,0.239633
s3g5,3,0,0,Dave,Carrot,0,0.005415,0.018799,0.237814,0.265673,0.163879,0.382088
s3g6,3,0,0,Bob,Carrot,0,0.003972,0.042128,0.238384,0.289172,0.262652,0.433268
s3g7,3,0,0,Alice,Carrot,0,0.001887,0.026489,0.233170,0.277979,0.131430,0.431229
s3g8,3,0,0,Charlie,Carrot,0,0.002327,0.021533,0.216295,0.269280,0.243445,0.423330
s3g9,3,0,0,Dave,Carrot,0,0.003289,0.020629,0.229960,0.272716,0.204793,0.406238
s3g10,3,0,0,Dave,Carrot,0,0.004511,0.028771,0.232251,0.277256,0.337948,0.433705
s3g11,3,0,0,Alice,Carrot,0,0.004942,0.030496,0.241576,0.279641,0.273254,0.449085
s3g12,3,0,0,Eve,Carrot,0,0.010177,0.020503,0.262994,0.271654,0.094653,0.280834
s3g13,3,0,0,Dave,Carrot,0,0.003310,0.020220,0.229663,0.267151,0.231725,0.254167
s3g14,3,0,0,Bob,Parsnip,0,0.005094,0.023522,0.229847,0.270286,0.404814,0.456244
s3g15,3,0,0,Eve,Parsnip,0,0.001098,0.015242,0.207131,0.258914,0.329921,0.459203
s3g16,3,0,0,Dave,Carrot,0,0.002562,0.028215,0.227651,0.278634,0.165813,0.387687
s3g17,3,0,0,Dave,Carrot,0,0.001765,0.031790,0.217726,0.281632,0.101632,0.412215
s3g18,3,0,0,Dave,Carrot,0,0.001638,0.023839,0.224200,0.275173,0.196912,0.405212
s3g19,3,0,0,Dave,Carrot,0,0.004527,0.010892,0.224171,0.247298,0.467575,0.267403
s4g0,4,0,0,Charlie,Carrot,0,0.002413,0.021331,0.228845,0.272737,0.145448,0.081892
s4g1,4,0,0,Eve,Carrot,0,0.002650,0.031971,0.230247,0.281179,0.071046,0.065085
s4g2,4,0,0,Eve,Carrot,0,0.004345,0.028969,0.232949,0.278260,0.142242,0.077340
s4g3,4,0,0,Alice,Carrot,0,0.002011,0.016717,0.230315,0.266758,0.080028,0.071700
s4g4,4,0,0,Eve,Carrot,0,0.001980,0.024498,0.222488,0.274885,0.158973,0.087018
s4g5,4,0,0,Charlie,Carrot,0,0.002921,0.030870,0.228558,0.281473,0.161505,0.080552
s4g6,4,0,0,Bob,Carrot,0,0.004758,0.032157,0.236880,0.282338,0.077241,0.080925
s4g7,4,0,0,Alice,Parsnip,0,0.001579,0.007679,0.206899,0.242283,0.153019,0.082451
s4g8,4,0,0,Alice,Carrot,0,0.007233,0.026591,0.243754,0.278567,0.096258,0.053053
s4g9,4,0,0,Bob,Carrot,0,0.007607,0.035674,0.248516,0.285172,0.147577,0.088583
s4g10,4,0,0,Dave,Carrot,0,0.002069,0.022521,0.218581,0.271812,0.153753,0.089217
s4g11,4,0,0,Alice,Carrot,0,0.005876,0.027227,0.258053,0.279077,0.065885,0.076449
s4g12,4,0,0,Dave,Carrot,0,0.003921,0.017457,0.227642,0.262913,0.164803,0.054159
s4g13,4,0,0,Charlie,Carrot,0,0.011330,0.053801,0.259870,0.295346,0.112518,0.070072
s4g14,4,0,0,Charlie,Carrot,0,0.003124,0.023226,0.224751,0.271619,0.148896,0.097747
s4g15,4,0,0,Dave,Carrot,1,0.010348,0.025755,0.306403,0.275947,0.004509,0.079922
s4g16,4,0,0,Charlie,Carrot,0,0.001109,0.029966,0.203699,0.279759,0.190673,0.081378
s4g17,4,0,0,Alice,Carrot,0,0.004273,0.027274,0.243794,0.279629,0.079157,0.070206
s4g18,4,0,0,Eve,Carrot,0,0.004094,0.021111,0.235044,0.267317,0.134767,0.112795
s4g19,4,0,0,Charlie,Parsnip,0,0.001405,0.009313,0.206350,0.244695,0.127252,0.073012
s0g0,0,0,1,Charlie,Carrot,0,0.001350,0.026913,0.219101,0.276652,0.549351,0.297173
s0g1,0,0,1,Charlie,Parsnip,0,0.002642,0.026200,0.228743,0.275892,0.446550,0.330742
s0g2,0,0,1,Alice,Carrot,0,0.001166,0.034900,0.214935,0.284499,0.383159,0.366097
s0g3,0,0,1,Alice,Carrot,0,0.005227,0.019503,0.240946,0.266734,0.353657,0.364140
s0g4,0,0,1,Charlie,Carrot,0,0.012275,0.034942,0.258887,0.281238,0.430234,0.342372
s0g5,0,0,1,Bob,Carrot,0,0.007045,0.016660,0.241488,0.261859,0.615200,0.420376
s0g6,0,0,1,Alice,Carrot,0,0.005629,0.015198,0.239509,0.257396,0.542099,0.557188
s0g7,0,0,1,Bob,Carrot,0,0.001075,0.020734,0.215145,0.269552,0.559765,0.384395
s0g8,0,0,1,Bob,Carrot,0,0.000765,0.018357,0.203201,0.266525,0.529825,0.342381
s0g9,0,0,1,Bob,Carrot,0,0.002135,0.024746,0.225706,0.273953,0.434385,0.312869
s0g10,0,0,1,Alice,Carrot,0,0.010653,0.017018,0.272147,0.271245,0.590370,0.599021
s0g11,0,0,1,Eve,Carrot,0,0.010837,0.032741,0.256251,0.279258,0.599741,0.463542
s0g12,0,0,1,Charlie,Parsnip,0,0.002828,0.031938,0.228137,0.281160,0.523428,0.346922
s0g13,0,0,1,Dave,Parsnip,0,0.002731,0.033418,0.221175,0.279303,0.397526,0.368752
s0g14,0,0,1,Dave,Carrot,0,0.002934,0.068856,0.231135,0.308078,0.792247,0.508337
s0g15,0,0,1,Charlie,Carrot,0,0.001685,0.021629,0.218538,0.270482,0.456805,0.312686
s0g16,0,0,1,Charlie,Carrot,0,0.005197,0.015385,0.240651,0.263999,0.529257,0.453550
s0g17,0,0,1,Eve,Parsnip,0,0.001272,0.019521,0.211474,0.266898,0.426822,0.318795
s0g18,0,0,1,Charlie,Carrot,0,0.004244,0.023510,0.236940,0.272304,0.595125,0.351003
s0g19,0,0,1,Charlie,Carrot,0,0.001117,0.015454,0.207252,0.262005,0.392693,0.296602
s1g0,1,0,1,Charlie,Carrot,0,0.002731,0.036377,0.230055,0.284593,0.959197,0.930752
s1g1,1,0,1,Dave,Carrot,0,0.004256,0.027546,0.238017,0.274807,0.960927,0.933584
s1g2,1,0,1,Alice,Carrot,0,0.004602,0.026123,0.228209,0.272572,0.962646,0.930321
s1g3,1,0,1,Charlie,Carrot,0,0.003536,0.046416,0.241670,0.291146,0.965702,0.919991
s1g4,1,0,1,Eve,Carrot,0,0.007244,0.035252,0.257368,0.285999,0.924048,0.925037
s1g5,1,0,1,Dave,Parsnip,0,0.002033,0.012668,0.214445,0.255610,0.946915,0.931255
s1g6,1,0,1,Charlie,Carrot,0,0.005573,0.022180,0.249175,0.272280,0.967925,0.922561
s1g7,1,0,1,Dave,Carrot,0,0.001163,0.026711,0.207261,0.273656,0.942171,0.923848
s1g8,1,0,1,Dave,Carrot,0,0.002992,0.023700,0.235415,0.274956,0.935961,0.921436
s1g9,1,0,1,Alice,Carrot,0,0.002655,0.010774,0.218270,0.248633,0.929030,0.942726
s1g10,1,0,1,Alice,Carrot,0,0.005254,0.043723,0.238899,0.289890,0.931308,0.915691
s1g11,1,0,1,Charlie,Carrot,0,0.010230,0.021566,0.247393,0.269074,0.962175,0.949622
s1g12,1,0,1,Dave,Carrot,0,0.004242,0.025964,0.239320,0.276100,0.942016,0.930104
s1g13,1,0,1,Alice,Carrot,0,0.001030,0.013823,0.209377,0.259241,0.962183,0.937500
s1g14,1,0,1,Dave,Carrot,0,0.004500,0.028533,0.239104,0.279872,0.933956,0.932288
s1g15,1,0,1,Eve,Carrot,0,0.004264,0.034598,0.230960,0.282324,0.918297,0.917742
s1g16,1,0,1,Charlie,Parsnip,0,0.003486,0.027701,0.227226,0.275517,0.958943,0.934381
s1g17,1,0,1,Dave,Parsnip,0,0.002192,0.025131,0.223969,0.273467,0.938529,0.929047
s1g18,1,0,1,Eve,Carrot,0,0.025769,0.036640,0.274771,0.278885,0.935409,0.915049
s1g19,1,0,1,Eve,Carrot,0,0.002716,0.021233,0.228895,0.265032,0.971347,0.949559
s2g0,2,0,1,Dave,Carrot,0,0.004193,0.028675,0.234100,0.275294,0.517315,0.664558
s2g1,2,0,1,Alice,Carrot,0,0.003665,0.030667,0.233476,0.277577,0.623686,0.702188
s2g2,2,0,1,Alice,Carrot,0,0.003200,0.013977,0.234410,0.256974,0.696497,0.689111
s2g3,2,0,1,Dave,Carrot,0,0.004531,0.023211,0.236294,0.272368,0.691332,0.755614
s2g4,2,0,1,Alice,Carrot,0,0.003592,0.032312,0.226991,0.279718,0.689927,0.728758
s2g5,2,0,1,Bob,Carrot,0,0.024903,0.049618,0.286146,0.294255,0.771102,0.778407
s2g6,2,0,1,Dave,Carrot,0,0.002550,0.023246,0.226034,0.271105,0.719906,0.731201
s2g7,2,0,1,Charlie,Parsnip,0,0.003525,0.039114,0.236912,0.289243,0.720120,0.762160
s2g8,2,0,1,Charlie,Carrot,0,0.001932,0.016611,0.218352,0.264549,0.676426,0.696362
s2g9,2,0,1,Bob,Carrot,0,0.001883,0.036762,0.229785,0.285105,0.718908,0.792585
s2g10,2,0,1,Dave,Carrot,0,0.003360,0.024426,0.230924,0.272758,0.766643,0.732804
s2g11,2,0,1,Dave,Carrot,0,0.002626,0.026877,0.231683,0.275871,0.733236,0.722496
s2g12,2,0,1,Bob,Parsnip,0,0.001740,0.027577,0.220531,0.275330,0.659794,0.727788
s2g13,2,0,1,Alice,Parsnip,0,0.003195,0.030916,0.219475,0.277914,0.581868,0.696918
s2g14,2,0,1,Eve,Carrot,0,0.002798,0.028912,0.230948,0.277582,0.603450,0.723693
s2g15,2,0,1,Charlie,Carrot,0,0.001805,0.084530,0.214750,0.314514,0.564432,0.778541
s2g16,2,0,1,Charlie,Parsnip,0,0.002019,0.008521,0.219670,0.248880,0.653423,0.788713
s2g17,2,0,1,Dave,Carrot,0,0.003013,0.023999,0.240103,0.274644,0.614599,0.708247
s2g18,2,0,1,Bob,Carrot,0,0.000744,0.021405,0.208849,0.270079,0.613934,0.700667
s2g19,2,0,1,Eve,Carrot,0,0.010481,0.048367,0.257245,0.292627,0.733297,0.777983
s3g0,3,0,1,Alice,Carrot,0,0.001984,0.022020,0.225659,0.271496,0.046062,0.347422
s3g1,3,0,1,Dave,Carrot,0,0.004546,0.038649,0.238892,0.285549,0.164894,0.427845
s3g2,3,0,1,Dave,Carrot,0,0.003262,0.038436,0.234017,0.287605,0.064996,0.393991
s3g3,3,0,1,Alice,Carrot,0,0.006355,0.056290,0.232584,0.294529,0.297179,0.418728
s3g4,3,0,1,Bob,Carrot,0,0.042336,0.196925,0.284649,0.333796,0.157376,0.447298
s3g5,3,0,1,Eve,Carrot,0,0.004524,0.025005,0.234281,0.276402,0.173170,0.415392
s3g6,3,0,1,Alice,Carrot,0,0.000687,0.010694,0.207171,0.251909,0.278548,0.460022
s3g7,3,0,1,Eve,Carrot,0,0.008543,0.029451,0.246795,0.276835,0.511310,0.407214
s3g8,3,0,1,Dave,Carrot,0,0.007274,0.035639,0.251868,0.285196,0.098614,0.402664
s3g9,3,0,1,Bob,Carrot,0,0.005428,0.010472,0.229651,0.246577,0.398986,0.396656
s3g10,3,0,1,Bob,Carrot,0,0.001264,0.033084,0.211089,0.280859,0.239125,0.430201
s3g11,3,0,1,Bob,Carrot,0,0.007537,0.031422,0.250772,0.280892,0.357221,0.456880
s3g12,3,0,1,Bob,Carrot,0,0.004611,0.024968,0.235002,0.273807,0.227900,0.410886
s3g13,3,0,1,Charlie,Parsnip,0,0.001132,0.017332,0.204556,0.262694,0.254025,0.422853
s3g14,3,0,1,Dave,Carrot,0,0.006732,0.061850,0.244975,0.297425,0.083790,0.506515
s3g15,3,0,1,Bob,Carrot,0,0.002626,0.035176,0.225934,0.284978,0.080267,0.432987
s3g16,3,0,1,Alice,Parsnip,0,0.001468,0.012415,0.209690,0.252008,0.330266,0.430238
s3g17,3,0,1,Charlie,Carrot,0,0.002910,0.029805,0.230228,0.279200,0.099351,0.440555
s3g18,3,0,1,Eve,Carrot,0,0.003593,0.022234,0.234811,0.272124,0.133059,0.306885
s3g19,3,0,1,Bob,Parsnip,0,0.002753,0.017858,0.222341,0.262915,0.220642,0.437332
s4g0,4,0,1,Dave,Parsnip,0,0.002974,0.038873,0.229718,0.286326,0.093145,0.083948
s4g1,4,0,1,Bob,Carrot,0,0.001178,0.022248,0.214519,0.272761,0.057264,0.067224
s4g2,4,0,1,Alice,Carrot,0,0.003624,0.029849,0.230187,0.276253,0.064714,0.084416
s4g3,4,0,1,Bob,Carrot,0,0.005129,0.014046,0.232515,0.253921,0.068650,0.063511
s4g4,4,0,1,Bob,Carrot,0,0.002823,0.031475,0.224946,0.278726,0.083268,0.079278
s4g5,4,0,1,Bob,Parsnip,0,0.001035,0.021679,0.206462,0.268220,0.089860,0.105646
s4g6,4,0,1,Dave,Carrot,0,0.007965,0.027652,0.253586,0.275785,0.185359,0.083700
s4g7,4,0,1,Bob,Carrot,0,0.008202,0.042155,0.245981,0.288635,0.062761,0.073227
s4g8,4,0,1,Bob,Carrot,0,0.002165,0.036759,0.226176,0.284899,0.081389,0.068957
s4g9,4,0,1,Charlie,Parsnip,0,0.004962,0.019707,0.244913,0.270787,0.080052,0.056830
s4g10,4,0,1,Charlie,Carrot,0,0.001868,0.006147,0.213322,0.236762,0.051183,0.054828
s4g11,4,0,1,Charlie,Carrot,0,0.009029,0.027330,0.253315,0.278272,0.211300,0.080903
s4g12,4,0,1,Charlie,Carrot,0,0.002754,0.016442,0.213194,0.257071,0.061604,0.060919
s4g13,4,0,1,Bob,Carrot,0,0.001969,0.028740,0.221679,0.277014,0.111715,0.077673
s4g14,4,0,1,Dave,Carrot,0,0.005447,0.023329,0.244279,0.271084,0.088902,0.078111
s4g15,4,0,1,Charlie,Carrot,0,0.004391,0.062817,0.247331,0.301916,0.082916,0.065973
s4g16,4,0,1,Bob,Carrot,0,0.001082,0.012576,0.206183,0.256334,0.088648,0.071594
s4g17,4,0,1,Eve,Carrot,0,0.002522,0.014270,0.233854,0.263046,0.064539,0.078568
s4g18,4,0,1,Bob,Carrot,0,0.003202,0.031495,0.237619,0.281764,0.038614,0.061675
s4g19,4,0,1,Eve,Carrot,0,0.004569,0.026395,0.234370,0.273686,0.050551,0.062395
s0g0,0,0,2,Dave,Parsnip,0,0.001894,0.018990,0.216808,0.265512,0.361550,0.299150
s0g1,0,0,2,Eve,Carrot,0,0.002969,0.013350,0.235017,0.258157,0.461425,0.310233
s0g2,0,0,2,Eve,Carrot,0,0.000957,0.028894,0.207835,0.278791,0.635036,0.427843
s0g3,0,0,2,Eve,Carrot,0,0.001093,0.053867,0.217093,0.295906,0.464577,0.369900
s0g4,0,0,2,Eve,Carrot,0,0.001573,0.031019,0.223971,0.280546,0.446664,0.359750
s0g5,0,0,2,Eve,Parsnip,0,0.004296,0.030673,0.235852,0.277598,0.359386,0.357363
s0g6,0,0,2,Dave,Carrot,0,0.010258,0.033983,0.253029,0.282291,0.307842,0.292463
s0g7,0,0,2,Eve,Carrot,0,0.001412,0.037350,0.218213,0.284145,0.394463,0.367753
s0g8,0,0,2,Dave,Carrot,0,0.004881,0.026905,0.238368,0.275070,0.315894,0.339458
s0g9,0,0,2,Dave,Carrot,0,0.001632,0.021939,0.217982,0.270048,0.508201,0.327344
s0g10,0,0,2,Eve,Parsnip,0,0.005069,0.071315,0.244469,0.312292,0.593227,0.394470
s0g11,0,0,2,Bob,Carrot,0,0.001138,0.021117,0.212552,0.269892,0.509774,0.307868
s0g12,0,0,2,Alice,Carrot,0,0.002585,0.025103,0.218134,0.275724,0.407311,0.328319
s0g13,0,0,2,Alice,Carrot,0,0.005538,0.035756,0.246022,0.283399,0.400910,0.361688
s0g14,0,0,2,Bob,Carrot,0,0.003045,0.023005,0.234184,0.275535,0.439077,0.355175
s0g15,0,0,2,Bob,Carrot,0,0.002060,0.022295,0.220016,0.270160,0.518619,0.367637
s0g16,0,0,2,Alice,Carrot,0,0.004298,0.019858,0.241834,0.268786,0.572374,0.305270
s0g17,0,0,2,Alice,Carrot,0,0.002464,0.044242,0.239990,0.290785,0.550827,0.323273
s0g18,0,0,2,Eve,Carrot,0,0.005482,0.030469,0.237516,0.278537,0.307294,0.327359
s0g19,0,0,2,Alice,Carrot,0,0.003448,0.029836,0.239233,0.279623,0.531499,0.361357
s1g0,1,0,2,Dave,Carrot,0,0.001979,0.019430,0.225577,0.266939,0.948249,0.923949
s1g1,1,0,2,Bob,Carrot,0,0.004227,0.034995,0.251688,0.285115,0.954163,0.917590
s1g2,1,0,2,Charlie,Carrot,0,0.006383,0.341984,0.248278,0.361998,0.901908,0.927374
s1g3,1,0,2,Bob,Carrot,0,0.006747,0.033397,0.252275,0.282192,0.963958,0.927063
s1g4,1,0,2,Bob,Parsnip,0,0.003428,0.022928,0.229001,0.272146,0.916197,0.925284
s1g5,1,0,2,Bob,Carrot,0,0.003995,0.020345,0.234253,0.267659,0.932156,0.932153
s1g6,1,0,2,Eve,Carrot,0,0.004692,0.031603,0.244313,0.281973,0.961630,0.928718
s1g7,1,0,2,Alice,Carrot,0,0.001750,0.017922,0.209212,0.259918,0.949640,0.941547
s1g8,1,0,2,Charlie,Carrot,0,0.000959,0.012689,0.207001,0.254188,0.963574,0.946742
s1g9,1,0,2,Dave,Carrot,0,0.003065,0.034472,0.230482,0.281573,0.944799,0.924179
s1g10,1,0,2,Eve,Parsnip,0,0.005864,0.026919,0.244803,0.275941,0.837672,0.887334
s1g11,1,0,2,Bob,Carrot,0,0.004338,0.023584,0.233704,0.276418,0.941027,0.933889
s1g12,1,0,2,Charlie,Carrot,0,0.008742,0.020900,0.260680,0.268564,0.952492,0.938131
s1g13,1,0,2,Bob,Carrot,0,0.001498,0.058285,0.223340,0.301807,0.950730,0.927488
s1g14,1,0,2,Charlie,Carrot,0,0.003798,0.038871,0.227452,0.285718,0.947303,0.917884
s1g15,1,0,2,Dave,Carrot,0,0.004906,0.029644,0.234578,0.277391,0.979089,0.937468
s1g16,1,0,2,Dave,Carrot,0,0.010175,0.029115,0.253557,0.278031,0.954421,0.919425
s1g17,1,0,2,Charlie,Carrot,0,0.001595,0.017881,0.215862,0.264473,0.948616,0.943207
s1g18,1,0,2,Bob,Carrot,0,0.008639,0.030463,0.260019,0.278782,0.957271,0.925857
s1g19,1,0,2,Charlie,Parsnip,0,0.002593,0.019142,0.226226,0.267218,0.969576,0.956427
s2g0,2,0,2,Alice,Parsnip,0,0.003207,0.018922,0.228359,0.264020,0.710821,0.696065
s2g1,2,0,2,Bob,Carrot,0,0.005012,0.031227,0.247966,0.281530,0.766810,0.733559
s2g2,2,0,2,Bob,Parsnip,0,0.003581,0.015546,0.231466,0.262624,0.736101,0.752592
s2g3,2,0,2,Bob,Carrot,0,0.003762,0.039684,0.233901,0.289662,0.680793,0.792505
s2g4,2,0,2,Eve,Parsnip,0,0.004286,0.020092,0.233214,0.266540,0.595164,0.712543
s2g5,2,0,2,Eve,Carrot,0,0.004791,0.036493,0.234623,0.284350,0.660553,0.767858
s2g6,2,0,2,Charlie,Carrot,0,0.002754,0.025544,0.231735,0.275231,0.787920,0.781253
s2g7,2,0,2,Alice,Carrot,0,0.002750,0.032424,0.227093,0.283526,0.636697,0.744423
s2g8,2,0,2,Bob,Carrot,0,0.002143,0.027465,0.218765,0.276460,0.665466,0.744530
s2g9,2,0,2,Alice,Parsnip,0,0.002908,0.011156,0.228516,0.252100,0.561378,0.668490
s2g10,2,0,2,Alice,Carrot,0,0.004308,0.038677,0.241939,0.284915,0.668026,0.767995
s2g11,2,0,2,Eve,Parsnip,0,0.003715,0.028609,0.234946,0.277347,0.588121,0.723094
s2g12,2,0,2,Dave,Carrot,0,0.003146,0.026063,0.229274,0.275406,0.549945,0.724908
s2g13,2,0,2,Bob,Carrot,0,0.001625,0.039179,0.222828,0.287262,0.610144,0.757991
s2g14,2,0,2,Dave,Carrot,0,0.001813,0.026050,0.212445,0.275124,0.684010,0.753054
s2g15,2,0,2,Eve,Carrot,0,0.001911,0.024115,0.219160,0.272711,0.585199,0.729313
s2g16,2,0,2,Eve,Carrot,0,0.001685,0.013179,0.218067,0.255281,0.683396,0.737890
s2g17,2,0,2,Eve,Carrot,0,0.003570,0.037445,0.236107,0.284602,0.622031,0.743785
s2g18,2,0,2,Eve,Parsnip,0,0.001429,0.022510,0.209615,0.271303,0.580334,0.739910
s2g19,2,0,2,Bob,Carrot,0,0.003435,0.032491,0.237532,0.282672,0.535725,0.749861
s3g0,3,0,2,Eve,Carrot,0,0.001630,0.014368,0.215612,0.258705,0.071396,0.295221
s3g1,3,0,2,Bob,Carrot,0,0.002688,0.035175,0.237689,0.285622,0.070988,0.398539
s3g2,3,0,2,Bob,Carrot,0,0.006293,0.013213,0.240922,0.256258,0.246692,0.319288
s3g3,3,0,2,Bob,Carrot,0,0.006810,0.012244,0.243963,0.254989,0.227411,0.227154
s3g4,3,0,2,Dave,Parsnip,0,0.005578,0.026024,0.242862,0.272066,0.095528,0.360233
s3g5,3,0,2,Bob,Carrot,0,0.004220,0.029353,0.241488,0.280718,0.089511,0.432847
s3g6,3,0,2,Dave,Carrot,0,0.004148,0.019618,0.226258,0.265344,0.288712,0.415491
s3g7,3,0,2,Bob,Carrot,0,0.001950,0.045985,0.223985,0.291391,0.106308,0.442303
s3g8,3,0,2,Alice,Carrot,0,0.040056,0.075377,0.303127,0.306086,0.154326,0.408399
s3g9,3,0,2,Alice,Carrot,0,0.003253,0.021996,0.234156,0.270358,0.155303,0.352676
s3g10,3,0,2,Eve,Parsnip,0,0.002515,0.016934,0.218768,0.259308,0.160453,0.390083
s3g11,3,0,2,Eve,Carrot,0,0.013748,0.048546,0.270446,0.293821,0.152290,0.442876
s3g12,3,0,2,Charlie,Carrot,0,0.002045,0.014470,0.219576,0.258398,0.149819,0.299084
s3g13,3,0,2,Alice,Carrot,0,0.002271,0.023485,0.220909,0.271095,0.073775,0.393349
s3g14,3,0,2,Eve,Carrot,0,0.004004,0.049116,0.238000,0.293040,0.039217,0.431744
s3g15,3,0,2,Alice,Carrot,0,0.001288,0.017063,0.219350,0.263908,0.096839,0.407096
s3g16,3,0,2,Eve,Carrot,0,0.029423,0.029381,0.279568,0.275717,0.331606,0.345498
s3g17,3,0,2,Bob,Parsnip,0,0.005017,0.023689,0.239191,0.270360,0.181816,0.433935
s3g18,3,0,2,Alice,Carrot,0,0.005434,0.043303,0.236335,0.289824,0.086360,0.390321
s3g19,3,0,2,Alice,Carrot,0,0.001716,0.030467,0.226568,0.278844,0.089167,0.477679
s4g0,4,0,2,Bob,Carrot,0,0.003274,0.021438,0.227910,0.268907,0.103575,0.077656
s4g1,4,0,2,Dave,Carrot,0,0.016109,0.036637,0.266976,0.283587,0.031169,0.054550
s4g2,4,0,2,Dave,Parsnip,0,0.006133,0.022964,0.244208,0.270844,0.079502,0.089189
s4g3,4,0,2,Dave,Parsnip,0,0.003353,0.014062,0.228833,0.257198,0.123756,0.075056
s4g4,4,0,2,Alice,Parsnip,0,0.002353,0.007071,0.225754,0.243156,0.039295,0.046224
s4g5,4,0,2,Eve,Carrot,0,0.002424,0.024840,0.223933,0.273315,0.044204,0.060969
s4g6,4,0,2,Charlie,Carrot,0,0.002428,0.031541,0.232849,0.279561,0.021227,0.068697
s4g7,4,0,2,Dave,Carrot,0,0.001061,0.048267,0.212257,0.291865,0.053915,0.083219
s4g8,4,0,2,Dave,Carrot,0,0.123251,0.106052,0.326062,0.313718,0.052302,0.045479
s4g9,4,0,2,Eve,Carrot,0,0.021712,0.040925,0.275883,0.285660,0.059252,0.080500
s4g10,4,0,2,Bob,Parsnip,0,0.001126,0.018736,0.198315,0.263027,0.158088,0.095636
s4g11,4,0,2,Bob,Parsnip,0,0.006921,0.053689,0.244156,0.294340,0.081819,0.093840
s4g12,4,0,2,Eve,Carrot,0,0.005566,0.027663,0.253203,0.277641,0.053906,0.070471
s4g13,4,0,2,Alice,Parsnip,0,0.002194,0.031358,0.232857,0.280477,0.053057,0.074572
s4g14,4,0,2,Eve,Parsnip,0,0.005255,0.013763,0.244336,0.256748,0.285845,0.108524
s4g15,4,0,2,Bob,Carrot,0,0.005567,0.033161,0.248661,0.282978,0.061054,0.079118
s4g16,4,0,2,Eve,Carrot,0,0.005484,0.029864,0.237148,0.276497,0.041214,0.051559
s4g17,4,0,2,Charlie,Carrot,0,0.002919,0.026526,0.229639,0.278035,0.100456,0.052691
s4g18,4,0,2,Charlie,Carrot,0,0.030266,0.023723,0.277999,0.266324,0.038515,0.079324
s4g19,4,0,2,Bob,Carrot,0,0.002255,0.023710,0.224574,0.272839,0.088730,0.071024
s0g0,0,0,3,Eve,Carrot,0,0.008323,0.029381,0.252535,0.279039,0.344255,0.320901
s0g1,0,0,3,Dave,Carrot,0,0.018799,0.038502,0.284693,0.285884,0.666464,0.500772
s0g2,0,0,3,Charlie,Carrot,0,0.001865,0.030116,0.220095,0.276996,0.503302,0.386750
s0g3,0,0,3,Charlie,Carrot,0,0.002563,0.018486,0.225488,0.263494,0.455846,0.340902
s0g4,0,0,3,Alice,Carrot,0,0.002517,0.032495,0.242639,0.280084,0.278197,0.343937
s0g5,0,0,3,Charlie,Carrot,0,0.001717,0.026978,0.214200,0.274720,0.439472,0.350007
s0g6,0,0,3,Eve,Parsnip,0,0.003356,0.032192,0.221617,0.280875,0.308846,0.332715
s0g7,0,0,3,Dave,Carrot,0,0.001260,0.024837,0.216420,0.275062,0.558748,0.386365
s0g8,0,0,3,Alice,Carrot,0,0.001456,0.020891,0.211681,0.269383,0.411215,0.332132
s0g9,0,0,3,Eve,Carrot,0,0.004117,0.037467,0.239619,0.284348,0.380439,0.367861
s0g10,0,0,3,Dave,Carrot,0,0.003249,0.027073,0.239019,0.276872,0.613182,0.370565
s0g11,0,0,3,Dave,Parsnip,0,0.002362,0.023258,0.217169,0.268205,0.552649,0.386127
s0g12,0,0,3,Bob,Carrot,0,0.001211,0.046817,0.210821,0.293205,0.543669,0.509168
s0g13,0,0,3,Charlie,Carrot,0,0.003855,0.031450,0.238556,0.280801,0.280194,0.310779
s0g14,0,0,3,Eve,Carrot,0,0.000670,0.015352,0.201988,0.261858,0.543069,0.339911
s0g15,0,0,3,Alice,Parsnip,0,0.003558,0.044054,0.233126,0.291738,0.591320,0.364436
s0g16,0,0,3,Eve,Carrot,0,0.006403,0.023880,0.243342,0.270470,0.323652,0.317999
s0g17,0,0,3,Bob,Carrot,0,0.015198,0.047037,0.262920,0.293424,0.363266,0.413805
s0g18,0,0,3,Bob,Parsnip,0,0.009684,0.025484,0.252260,0.274718,0.381295,0.460003
s0g19,0,0,3,Bob,Carrot,0,0.016214,0.066120,0.276952,0.299330,0.636368,0.524964
s1g0,1,0,3,Eve,Carrot,0,0.002028,0.021364,0.225830,0.269544,0.955878,0.914558
s1g1,1,0,3,Alice,Carrot,0,0.003424,0.050875,0.229411,0.293479,0.937875,0.921719
s1g2,1,0,3,Bob,Carrot,0,0.072578,0.253269,0.330013,0.348524,0.895654,0.921858
s1g3,1,0,3,Dave,Carrot,0,0.006217,0.036052,0.240509,0.281855,0.938768,0.924883
s1g4,1,0,3,Charlie,Carrot,0,0.004597,0.028443,0.244608,0.277463,0.942820,0.925773
s1g5,1,0,3,Charlie,Carrot,0,0.005280,0.032451,0.235437,0.279887,0.969400,0.917943
s1g6,1,0,3,Dave,Carrot,0,0.014050,0.040424,0.263388,0.288776,0.943873,0.924152
s1g7,1,0,3,Eve,Carrot,0,0.008706,0.021828,0.258692,0.271993,0.964817,0.933306
s1g8,1,0,3,Bob,Carrot,0,0.003832,0.038912,0.239147,0.286381,0.976245,0.937829
s1g9,1,0,3,Bob,Carrot,0,0.004945,0.020162,0.242748,0.267287,0.936657,0.920019
s1g10,1,0,3,Bob,Carrot,0,0.005999,0.039232,0.241133,0.283754,0.926395,0.912633
s1g11,1,0,3,Dave,Parsnip,0,0.004715,0.031937,0.237183,0.281455,0.929530,0.918574
s1g12,1,0,3,Alice,Parsnip,0,0.000639,0.036481,0.240490,0.284575,0.890750,0.926750
s1g13,1,0,3,Charlie,Parsnip,0,0.003509,0.029245,0.239971,0.282512,0.963078,0.935596
s1g14,1,0,3,Alice,Carrot,0,0.002050,0.025093,0.222810,0.276023,0.948957,0.923980
s1g15,1,0,3,Alice,Parsnip,0,0.001002,0.026214,0.203662,0.273778,0.946035,0.938145
s1g16,1,0,3,Alice,Carrot,0,0.011191,0.037490,0.260464,0.284063,0.960673,0.934006
s1g17,1,0,3,Bob,Carrot,0,0.002423,0.026707,0.230479,0.275818,0.949262,0.926647
s1g18,1,0,3,Alice,Carrot,0,0.003832,0.025678,0.239365,0.275941,0.981718,0.942031
s1g19,1,0,3,Bob,Carrot,0,0.002290,0.045757,0.224995,0.292084,0.978311,0.927124
s2g0,2,0,3,Bob,Carrot,0,0.021498,0.024219,0.268097,0.271444,0.763802,0.751657
s2g1,2,0,3,Dave,Carrot,0,0.012845,0.034332,0.264165,0.281912,0.698552,0.754103
s2g2,2,0,3,Dave,Carrot,0,0.006151,0.035684,0.249591,0.285703,0.741522,0.743836
s2g3,2,0,3,Alice,Parsnip,0,0.002424,0.024996,0.223190,0.274087,0.656648,0.746959
s2g4,2,0,3,Charlie,Carrot,0,0.004059,0.031699,0.232993,0.278776,0.673488,0.740364
s2g5,2,0,3,Charlie,Parsnip,0,0.003649,0.024811,0.234190,0.272992,0.697703,0.774016
s2g6,2,0,3,Alice,Carrot,0,0.001524,0.015064,0.218289,0.260630,0.724717,0.733099
s2g7,2,0,3,Eve,Carrot,0,0.003904,0.033881,0.236033,0.282493,0.636152,0.762181
s2g8,2,0,3,Dave,Carrot,0,0.004465,0.042166,0.238939,0.288791,0.737566,0.752592
s2g9,2,0,3,Dave,Carrot,0,0.017420,0.035267,0.278550,0.283041,0.591143,0.764847
s2g10,2,0,3,Charlie,Parsnip,0,0.003190,0.034790,0.228052,0.280747,0.647651,0.761472
s2g11,2,0,3,Alice,Carrot,0,0.002573,0.022134,0.226070,0.270306,0.552068,0.699105
s2g12,2,0,3,Eve,Carrot,0,0.005045,0.021026,0.240050,0.267118,0.640350,0.729124
s2g13,2,0,3,Dave,Carrot,0,0.013925,0.023679,0.259667,0.270655,0.653084,0.747793
s2g14,2,0,3,Bob,Carrot,0,0.029446,0.100438,0.290702,0.317775,0.680931,0.809374
s2g15,2,0,3,Dave,Parsnip,0,0.004623,0.039974,0.237069,0.286049,0.390514,0.720324
s2g16,2,0,3,Bob,Carrot,0,0.011972,0.045969,0.264492,0.293746,0.708027,0.772051
s2g17,2,0,3,Alice,Carrot,0,0.012318,0.033263,0.261326,0.281946,0.675770,0.755702
s2g18,2,0,3,Dave,Carrot,0,0.005564,0.037352,0.243546,0.286593,0.715112,0.764599
s2g19,2,0,3,Charlie,Carrot,0,0.005719,0.032551,0.242518,0.279722,0.647179,0.771677
s3g0,3,0,3,Dave,Carrot,0,0.014149,0.022418,0.258981,0.271139,0.290112,0.402082
s3g1,3,0,3,Alice,Parsnip,0,0.002636,0.017755,0.226752,0.265015,0.239244,0.394248
s3g2,3,0,3,Eve,Carrot,0,0.004894,0.035050,0.231602,0.282873,0.119511,0.438412
s3g3,3,0,3,Eve,Parsnip,0,0.001875,0.011284,0.213169,0.251068,0.282199,0.295288
s3g4,3,0,3,Alice,Carrot,0,0.015078,0.055507,0.265778,0.290072,0.282279,0.526059
s3g5,3,0,3,Alice,Parsnip,0,0.003013,0.032938,0.229126,0.284434,0.159118,0.419516
s3g6,3,0,3,Charlie,Carrot,0,0.099159,0.285461,0.326814,0.351144,0.176025,0.447284
s3g7,3,0,3,Dave,Carrot,0,0.007041,0.040311,0.254080,0.287009,0.247416,0.462524
s3g8,3,0,3,Eve,Carrot,0,0.013410,0.083857,0.264430,0.312664,0.098820,0.403414
s3g9,3,0,3,Eve,Carrot,0,0.006298,0.036442,0.238143,0.283704,0.333060,0.479537
s3g10,3,0,3,Charlie,Carrot,0,0.003875,0.019762,0.226919,0.264676,0.122267,0.350584
s3g11,3,0,3,Dave,Parsnip,0,0.001646,0.009184,0.219803,0.249394,0.182999,0.394989
s3g12,3,0,3,Dave,Carrot,0,0.001939,0.099497,0.218747,0.315968,0.235170,0.493933
s3g13,3,0,3,Eve,Carrot,0,0.022238,0.037371,0.280291,0.285286,0.188095,0.484103
s3g14,3,0,3,Alice,Carrot,0,0.007512,0.137840,0.246371,0.326171,0.146262,0.414027
s3g15,3,0,3,Charlie,Carrot,0,0.001709,0.028098,0.220381,0.277541,0.102966,0.413799
s3g16,3,0,3,Bob,Carrot,0,0.005752,0.025714,0.241045,0.275705,0.104206,0.377991
s3g17,3,0,3,Alice,Carrot,0,0.007328,0.014345,0.251829,0.262351,0.217401,0.258263
s3g18,3,0,3,Bob,Carrot,0,0.031721,0.133189,0.286894,0.327414,0.349574,0.510549
s3g19,3,0,3,Charlie,Carrot,0,0.006147,0.034625,0.242415,0.284115,0.207117,0.394324
s4g0,4,0,3,Eve,Carrot,0,0.001968,0.019612,0.220937,0.269319,0.138325,0.068891
s4g1,4,0,3,Charlie,Parsnip,0,0.001999,0.040029,0.210112,0.285457,0.067365,0.083841
s4g2,4,0,3,Bob,Carrot,0,0.002958,0.032241,0.235960,0.281092,0.060255,0.071224
s4g3,4,0,3,Charlie,Carrot,0,0.001296,0.025755,0.212152,0.273658,0.073056,0.079020
s4g4,4,0,3,Dave,Carrot,0,0.003630,0.039896,0.238946,0.284815,0.073434,0.087423
s4g5,4,0,3,Dave,Carrot,0,0.003899,0.047517,0.238113,0.290899,0.055719,0.070199
s4g6,4,0,3,Alice,Carrot,0,0.006166,0.019052,0.245123,0.267038,0.073257,0.057750
s4g7,4,0,3,Eve,Carrot,0,0.008778,0.044705,0.253080,0.287086,0.076071,0.062150
s4g8,4,0,3,Eve,Parsnip,0,0.007042,0.035348,0.243810,0.283715,0.099083,0.080671
s4g9,4,0,3,Dave,Carrot,0,0.003595,0.060712,0.232946,0.298343,0.086704,0.089461
s4g10,4,0,3,Alice,Carrot,0,0.002226,0.024776,0.216252,0.272044,0.053130,0.086176
s4g11,4,0,3,Eve,Carrot,0,0.001930,0.029142,0.219077,0.276304,0.061555,0.067663
s4g12,4,0,3,Bob,Carrot,0,0.001869,0.019830,0.221795,0.268124,0.033030,0.060562
s4g13,4,0,3,Dave,Carrot,0,0.015968,0.043735,0.274845,0.289337,0.078075,0.091235
s4g14,4,0,3,Alice,Carrot,0,0.004282,0.018191,0.234457,0.266113,0.054650,0.068864
s4g15,4,0,3,Alice,Carrot,0,0.005074,0.020374,0.241639,0.267906,0.309406,0.113250
s4g16,4,0,3,Alice,Parsnip,0,0.002858,0.022688,0.228564,0.269316,0.091031,0.094220
s4g17,4,0,3,Dave,Parsnip,0,0.004947,0.076446,0.236677,0.309398,0.098934,0.050880
s4g18,4,0,3,Dave,Carrot,0,0.003887,0.063409,0.237271,0.301016,0.105713,0.082194
s4g19,4,0,3,Alice,Carrot,0,0.012786,0.045771,0.271066,0.292305,0.047670,0.060150
s0g0,0,0,4,Alice,Carrot,0,0.003486,0.061540,0.235959,0.298586,0.343712,0.359622
s0g1,0,0,4,Bob,Carrot,0,0.001970,0.019319,0.224135,0.268141,0.555915,0.297879
s0g2,0,0,4,Dave,Parsnip,0,0.002193,0.022819,0.216747,0.268820,0.684725,0.403789
s0g3,0,0,4,Dave,Parsnip,0,0.005948,0.024901,0.236383,0.271043,0.435844,0.341900
s0g4,0,0,4,Dave,Carrot,0,0.004284,0.030715,0.253643,0.280847,0.583824,0.320282
s0g5,0,0,4,Dave,Carrot,0,0.003710,0.018805,0.232160,0.264347,0.379585,0.273336
s0g6,0,0,4,Charlie,Carrot,0,0.007575,0.021044,0.253406,0.269563,0.404924,0.282775
s0g7,0,0,4,Alice,Parsnip,0,0.001624,0.047380,0.222224,0.296554,0.565138,0.389158
s0g8,0,0,4,Charlie,Parsnip,0,0.002593,0.021333,0.220607,0.266827,0.489372,0.329502
s0g9,0,0,4,Alice,Parsnip,0,0.011899,0.037887,0.259556,0.285051,0.498633,0.392975
s0g10,0,0,4,Charlie,Carrot,0,0.010366,0.036903,0.258541,0.284272,0.446861,0.363313
s0g11,0,0,4,Charlie,Carrot,0,0.030913,0.045089,0.286139,0.288795,0.540097,0.355442
s0g12,0,0,4,Dave,Carrot,0,0.006215,0.046390,0.252813,0.292278,0.378695,0.287699
s0g13,0,0,4,Bob,Carrot,0,0.010734,0.049048,0.258982,0.291285,0.432944,0.366596
s0g14,0,0,4,Alice,Parsnip,0,0.002703,0.021428,0.222856,0.270276,0.563344,0.416795
s0g15,0,0,4,Dave,Carrot,0,0.003479,0.047284,0.235330,0.294448,0.436652,0.373764
s0g16,0,0,4,Dave,Carrot,0,0.002277,0.024088,0.221743,0.271764,0.363591,0.319338
s0g17,0,0,4,Dave,Carrot,0,0.001556,0.021845,0.212012,0.270381,0.573837,0.287146
s0g18,0,0,4,Dave,Carrot,0,0.005258,0.071444,0.237374,0.302010,0.619114,0.492296
s0g19,0,0,4,Eve,Carrot,0,0.007240,0.040423,0.250925,0.288718,0.340480,0.376233
s1g0,1,0,4,Alice,Parsnip,0,0.001410,0.014197,0.209150,0.256995,0.958066,0.947200
s1g1,1,0,4,Charlie,Parsnip,0,0.001805,0.015481,0.208562,0.256981,0.969125,0.951312
s1g2,1,0,4,Eve,Parsnip,0,0.003066,0.059436,0.221002,0.298222,0.955058,0.927212
s1g3,1,0,4,Alice,Parsnip,0,0.004693,0.017703,0.232252,0.261070,0.903215,0.931559
s1g4,1,0,4,Dave,Carrot,0,0.004596,0.094038,0.244731,0.315778,0.959497,0.931898
s1g5,1,0,4,Alice,Carrot,0,0.009606,0.043097,0.257687,0.287766,0.970845,0.928718
s1g6,1,0,4,Bob,Carrot,0,0.003249,0.022921,0.229776,0.274093,0.941768,0.930886
s1g7,1,0,4,Bob,Parsnip,0,0.001189,0.011878,0.205148,0.251445,0.968479,0.945822
s1g8,1,0,4,Eve,Parsnip,0,0.001283,0.024212,0.207105,0.272123,0.931205,0.927357
s1g9,1,0,4,Charlie,Parsnip,0,0.001060,0.037533,0.199217,0.281665,0.940629,0.946919
s1g10,1,0,4,Dave,Carrot,0,0.004071,0.043398,0.238935,0.286147,0.967400,0.920365
s1g11,1,0,4,Alice,Carrot,0,0.005619,0.016001,0.243077,0.263665,0.947051,0.936278
s1g12,1,0,4,Eve,Carrot,0,0.058124,0.071033,0.317332,0.304184,0.934092,0.897507
s1g13,1,0,4,Eve,Carrot,0,0.001457,0.013937,0.218515,0.260747,0.962098,0.927168
s1g14,1,0,4,Eve,Parsnip,0,0.001637,0.041933,0.214100,0.289127,0.956596,0.911464
s1g15,1,0,4,Bob,Carrot,0,0.003888,0.033171,0.231706,0.281319,0.966787,0.925670
s1g16,1,0,4,Bob,Carrot,0,0.023745,0.066645,0.268340,0.298358,0.874641,0.907742
s1g17,1,0,4,Eve,Carrot,0,0.184620,0.165909,0.341370,0.332430,0.850283,0.903000
s1g18,1,0,4,Charlie,Carrot,0,0.000974,0.018526,0.203226,0.264686,0.974928,0.932808
s1g19,1,0,4,Dave,Carrot,0,0.224659,0.177368,0.360278,0.338691,0.739420,0.862537
s2g0,2,0,4,Eve,Carrot,0,0.024189,0.146694,0.291625,0.332864,0.685286,0.796216
s2g1,2,0,4,Eve,Parsnip,0,0.002204,0.016350,0.215608,0.258025,0.726037,0.761500
s2g2,2,0,4,Eve,Carrot,0,0.002406,0.033074,0.226204,0.283891,0.833202,0.838214
s2g3,2,0,4,Charlie,Carrot,0,0.005000,0.023744,0.239865,0.274447,0.665393,0.810208
s2g4,2,0,4,Bob,Carrot,0,0.020784,0.050203,0.272754,0.290576,0.820821,0.791192
s2g5,2,0,4,Dave,Carrot,0,0.013072,0.171046,0.268600,0.332839,0.826137,0.856303
s2g6,2,0,4,Eve,Parsnip,0,0.000731,0.013598,0.200418,0.259142,0.681967,0.792068
s2g7,2,0,4,Dave,Carrot,0,0.005514,0.159905,0.254048,0.331038,0.802452,0.782958
s2g8,2,0,4,Eve,Carrot,0,0.005403,0.031932,0.238777,0.280838,0.715120,0.794708
s2g9,2,0,4,Charlie,Carrot,0,0.007240,0.046998,0.249214,0.292361,0.643317,0.802563
s2g10,2,0,4,Eve,Carrot,0,0.017485,0.145060,0.263279,0.325691,0.774632,0.758750
s2g11,2,0,4,Charlie,Carrot,0,0.009620,0.019010,0.250853,0.268672,0.668991,0.761410
s2g12,2,0,4,Alice,Carrot,0,0.009179,0.057306,0.250579,0.292564,0.657977,0.836719
s2g13,2,0,4,Eve,Carrot,0,0.013848,0.034555,0.259162,0.278854,0.704935,0.740948
s2g14,2,0,4,Charlie,Carrot,0,0.005192,0.138602,0.247708,0.328980,0.796647,0.839239
s2g15,2,0,4,Bob,Carrot,0,0.007307,0.041082,0.240925,0.286592,0.550860,0.765785
s2g16,2,0,4,Alice,Carrot,0,0.005324,0.144019,0.246430,0.327038,0.723480,0.820245
s2g17,2,0,4,Charlie,Parsnip,0,0.011174,0.029925,0.252188,0.276284,0.832539,0.819758
s2g18,2,0,4,Charlie,Carrot,0,0.006823,0.029037,0.255722,0.278720,0.728995,0.781507
s2g19,2,0,4,Alice,Carrot,0,0.002947,0.025174,0.229901,0.272043,0.553498,0.751937
s3g0,3,0,4,Charlie,Carrot,0,0.048519,0.130362,0.320171,0.329868,0.031222,0.263276
s3g1,3,0,4,Charlie,Carrot,0,0.010469,0.029596,0.261869,0.276973,0.148054,0.394940
s3g2,3,0,4,Charlie,Carrot,0,0.003924,0.024595,0.232993,0.271602,0.075531,0.336100
s3g3,3,0,4,Dave,Carrot,0,0.016598,0.060379,0.271840,0.298094,0.227649,0.500801
s3g4,3,0,4,Eve,Carrot,0,0.032439,0.040356,0.295505,0.286158,0.357505,0.294028
s3g5,3,0,4,Charlie,Carrot,0,0.014015,0.050405,0.264963,0.295382,0.282904,0.478611
s3g6,3,0,4,Eve,Parsnip,0,0.003969,0.052729,0.229065,0.296170,0.175848,0.503536
s3g7,3,0,4,Charlie,Parsnip,0,0.001977,0.022554,0.214871,0.266864,0.157459,0.424474
s3g8,3,0,4,Bob,Parsnip,0,0.007278,0.091714,0.239736,0.314365,0.182110,0.520292
s3g9,3,0,4,Charlie,Parsnip,0,0.006701,0.026419,0.235805,0.272739,0.474939,0.440642
s3g10,3,0,4,Alice,Carrot,0,0.006890,0.040298,0.249159,0.287193,0.158727,0.384030
s3g11,3,0,4,Charlie,Carrot,0,0.002297,0.019590,0.223607,0.266773,0.138452,0.376319
s3g12,3,0,4,Alice,Parsnip,0,0.002331,0.022451,0.222952,0.269090,0.286163,0.437115
s3g13,3,0,4,Bob,Carrot,0,0.003848,0.034183,0.236001,0.283732,0.193120,0.480981
s3g14,3,0,4,Charlie,Carrot,0,0.016775,0.177900,0.264491,0.331487,0.292241,0.433521
s3g15,3,0,4,Dave,Carrot,0,0.001191,0.020951,0.210089,0.268992,0.075909,0.415727
s3g16,3,0,4,Charlie,Carrot,0,0.014775,0.037047,0.263717,0.283072,0.333311,0.445690
s3g17,3,0,4,Eve,Carrot,0,0.100706,0.143660,0.333873,0.331885,0.075997,0.330144
s3g18,3,0,4,Charlie,Parsnip,0,0.002237,0.019479,0.219553,0.264641,0.168756,0.421354
s3g19,3,0,4,Eve,Carrot,0,0.002830,0.022990,0.221771,0.270097,0.135677,0.437194
s4g0,4,0,4,Alice,Carrot,0,0.002376,0.033909,0.223572,0.282195,0.105011,0.076987
s4g1,4,0,4,Alice,Carrot,0,0.011357,0.042252,0.261409,0.286416,0.110527,0.093531
s4g2,4,0,4,Charlie,Carrot,0,0.004818,0.020328,0.239318,0.268636,0.102833,0.073791
s4g3,4,0,4,Eve,Carrot,0,0.006736,0.041066,0.251130,0.287224,0.046371,0.059880
s4g4,4,0,4,Charlie,Carrot,0,0.001976,0.032754,0.221460,0.282440,0.070493,0.073773
s4g5,4,0,4,Alice,Carrot,0,0.003955,0.033117,0.241159,0.281600,0.025229,0.073222
s4g6,4,0,4,Eve,Parsnip,0,0.002705,0.035314,0.225563,0.282724,0.031540,0.066888
s4g7,4,0,4,Charlie,Carrot,0,0.002283,0.036520,0.220579,0.281981,0.119909,0.077073
s4g8,4,0,4,Charlie,Carrot,0,0.005290,0.028032,0.241201,0.278128,0.114086,0.058333
s4g9,4,0,4,Alice,Carrot,0,0.008586,0.041454,0.264500,0.289184,0.038752,0.049016
s4g10,4,0,4,Eve,Carrot,0,0.033544,0.102068,0.284978,0.312905,0.112341,0.062113
s4g11,4,0,4,Dave,Carrot,0,0.002920,0.024706,0.226449,0.274509,0.045183,0.048456
s4g12,4,0,4,Alice,Parsnip,0,0.003426,0.032565,0.220668,0.273186,0.129634,0.070119
s4g13,4,0,4,Eve,Carrot,0,0.009656,0.060773,0.249666,0.296994,0.109542,0.086918
s4g14,4,0,4,Bob,Carrot,0,0.008822,0.118387,0.261021,0.323478,0.057821,0.055012
s4g15,4,0,4,Eve,Parsnip,0,0.005572,0.034510,0.242345,0.286035,0.111150,0.089109
s4g16,4,0,4,Dave,Carrot,0,0.008725,0.032131,0.245918,0.279531,0.100293,0.071426
s4g17,4,0,4,Bob,Carrot,0,0.000976,0.034965,0.205644,0.283973,0.068916,0.086237
s4g18,4,0,4,Alice,Parsnip,0,0.005266,0.032401,0.230975,0.276232,0.216517,0.100078
s4g19,4,0,4,Dave,Carrot,0,0.001916,0.017473,0.218605,0.265792,0.066765,0.055634
s0g0,0,1,0,Charlie,Carrot,0,0.090512,0.066555,0.311674,0.298769,0.611940,0.372225
s0g1,0,1,0,Dave,Carrot,0,0.006684,0.036032,0.248551,0.282189,0.565333,0.316477
s0g2,0,1,0,Charlie,Carrot,0,0.094975,0.080616,0.325398,0.307992,0.458912,0.354340
s0g3,0,1,0,Charlie,Carrot,0,0.027343,0.032510,0.289638,0.281636,0.701819,0.379996
s0g4,0,1,0,Alice,Carrot,0,0.008798,0.032232,0.265677,0.280788,0.314246,0.315219
s0g5,0,1,0,Eve,Parsnip,0,0.018930,0.064284,0.251080,0.289939,0.335059,0.420985
s0g6,0,1,0,Alice,Carrot,0,0.012192,0.045444,0.265865,0.291195,0.592030,0.334444
s0g7,0,1,0,Bob,Carrot,0,0.017051,0.037265,0.275418,0.287570,0.539704,0.353921
s0g8,0,1,0,Eve,Carrot,0,0.021881,0.035702,0.272048,0.282582,0.390389,0.364684
s0g9,0,1,0,Dave,Carrot,0,0.184206,0.052367,0.334383,0.288447,0.318605,0.401987
s0g10,0,1,0,Bob,Carrot,0,0.018572,0.058811,0.278929,0.298565,0.515791,0.368825
s0g11,0,1,0,Eve,Carrot,0,0.009983,0.026786,0.257129,0.274181,0.579332,0.352921
s0g12,0,1,0,Alice,Carrot,0,0.006184,0.022164,0.241060,0.269091,0.269444,0.321420
s0g13,0,1,0,Eve,Carrot,0,0.025445,0.052734,0.272499,0.290735,0.473072,0.344714
s0g14,0,1,0,Eve,Carrot,0,0.036784,0.089752,0.289474,0.309376,0.508921,0.534499
s0g15,0,1,0,Charlie,Carrot,0,0.027740,0.050299,0.279631,0.293635,0.499234,0.338240
s0g16,0,1,0,Alice,Carrot,0,0.066355,0.048552,0.309558,0.292872,0.436590,0.319558
s0g17,0,1,0,Eve,Parsnip,0,0.001936,0.022142,0.210137,0.267193,0.642151,0.324149
s0g18,0,1,0,Bob,Parsnip,0,0.004425,0.020267,0.223718,0.263281,0.666826,0.379098
s0g19,0,1,0,Alice,Carrot,0,0.027106,0.067261,0.288109,0.301936,0.485824,0.333110
s1g0,1,1,0,Eve,Carrot,0,0.010503,0.031370,0.263070,0.278354,0.955811,0.940213
s1g1,1,1,0,Bob,Carrot,0,0.014235,0.037279,0.261854,0.282007,0.952292,0.930219
s1g2,1,1,0,Bob,Carrot,0,0.342920,0.301703,0.370173,0.353269,0.926556,0.944027
s1g3,1,1,0,Eve,Carrot,0,0.030936,0.059005,0.294524,0.299384,0.978753,0.942136
s1g4,1,1,0,Eve,Carrot,0,0.023917,0.187312,0.279340,0.339083,0.903519,0.929243
s1g5,1,1,0,Bob,Carrot,0,0.023138,0.084818,0.279467,0.307456,0.931937,0.924780
s1g6,1,1,0,Charlie,Carrot,0,0.019409,0.061496,0.280001,0.300642,0.925454,0.919368
s1g7,1,1,0,Alice,Carrot,0,0.027121,0.054719,0.283249,0.294137,0.980900,0.938673
s1g8,1,1,0,Bob,Carrot,0,0.065749,0.071320,0.306183,0.301762,0.949369,0.918207
s1g9,1,1,0,Dave,Carrot,0,0.019649,0.071164,0.276765,0.304268,0.960936,0.916293
s1g10,1,1,0,Charlie,Carrot,0,0.027125,0.070490,0.292302,0.304815,0.928824,0.914702
s1g11,1,1,0,Bob,Carrot,0,0.094698,0.094898,0.313443,0.310716,0.966527,0.926698
s1g12,1,1,0,Dave,Carrot,0,0.035661,0.073504,0.289190,0.308353,0.902129,0.873427
s1g13,1,1,0,Charlie,Parsnip,0,0.002918,0.032428,0.226053,0.280319,0.981673,0.941641
s1g14,1,1,0,Charlie,Carrot,0,0.019567,0.045947,0.268738,0.287608,0.968018,0.934618
s1g15,1,1,0,Dave,Carrot,0,0.005995,0.039048,0.243213,0.285350,0.965333,0.932623
s1g16,1,1,0,Charlie,Parsnip,0,0.004681,0.025112,0.226782,0.267969,0.974713,0.954649
s1g17,1,1,0,Alice,Carrot,0,0.021869,0.036999,0.279064,0.284848,0.968533,0.936095
s1g18,1,1,0,Alice,Carrot,0,0.009265,0.027066,0.251993,0.272829,0.976069,0.940324
s1g19,1,1,0,Alice,Carrot,0,0.028142,0.059131,0.285441,0.298539,0.946046,0.928636
s2g0,2,1,0,Alice,Parsnip,0,0.009935,0.120687,0.256691,0.324110,0.724972,0.872602
s2g1,2,1,0,Bob,Carrot,0,0.038104,0.051356,0.300032,0.293931,0.721091,0.790806
s2g2,2,1,0,Alice,Carrot,0,0.038344,0.062746,0.301908,0.304160,0.726931,0.834414
s2g3,2,1,0,Dave,Carrot,0,0.021538,0.042352,0.271127,0.287400,0.823412,0.821669
s2g4,2,1,0,Charlie,Carrot,0,0.021784,0.058226,0.292076,0.296574,0.804070,0.803030
s2g5,2,1,0,Alice,Carrot,0,0.001356,0.050300,0.211320,0.293964,0.631894,0.835536
s2g6,2,1,0,Dave,Carrot,0,0.016958,0.049281,0.273333,0.292285,0.666023,0.801769
s2g7,2,1,0,Bob,Carrot,0,0.006985,0.031577,0.245063,0.280250,0.750673,0.792791
s2g8,2,1,0,Dave,Carrot,0,0.033209,0.037540,0.286409,0.288121,0.657551,0.701098
s2g9,2,1,0,Bob,Carrot,0,0.007050,0.040120,0.240727,0.283169,0.822205,0.814712
s2g10,2,1,0,Charlie,Parsnip,0,0.006053,0.024127,0.236442,0.268814,0.620291,0.785088
s2g11,2,1,0,Alice,Carrot,0,0.007051,0.024492,0.249964,0.272663,0.642275,0.751122
s2g12,2,1,0,Charlie,Carrot,0,0.017092,0.042274,0.270238,0.287260,0.765603,0.778036
s2g13,2,1,0,Charlie,Carrot,0,0.024542,0.071008,0.281837,0.302604,0.648256,0.786554
s2g14,2,1,0,Eve,Carrot,0,0.013679,0.038921,0.275736,0.289745,0.577720,0.811914
s2g15,2,1,0,Charlie,Carrot,0,0.005746,0.024670,0.240775,0.271893,0.705779,0.811331
s2g16,2,1,0,Dave,Carrot,0,0.113482,0.193674,0.329799,0.338028,0.772638,0.810385
s2g17,2,1,0,Eve,Carrot,0,0.039946,0.073748,0.292911,0.302426,0.461025,0.780753
s2g18,2,1,0,Alice,Carrot,0,0.102740,0.071875,0.311776,0.301957,0.842763,0.808467
s2g19,2,1,0,Bob,Carrot,0,0.103512,0.083824,0.314174,0.306543,0.865481,0.803005
s3g0,3,1,0,Eve,Carrot,0,0.008194,0.067028,0.270407,0.308557,0.048969,0.282675
s3g1,3,1,0,Bob,Carrot,0,0.020506,0.058564,0.284265,0.298015,0.043414,0.365629
s3g2,3,1,0,Eve,Carrot,0,0.006506,0.029307,0.247202,0.273266,0.296640,0.404497
s3g3,3,1,0,Charlie,Carrot,0,0.015426,0.038592,0.267577,0.290151,0.235082,0.467178
s3g4,3,1,0,Charlie,Carrot,0,0.007255,0.038359,0.249519,0.285171,0.104815,0.337855
s3g5,3,1,0,Bob,Carrot,0,0.032266,0.090187,0.290249,0.313190,0.085123,0.394629
s3g6,3,1,0,Bob,Carrot,0,0.007850,0.064148,0.253319,0.299902,0.081912,0.416848
s3g7,3,1,0,Bob,Carrot,0,0.092294,0.112454,0.327374,0.320911,0.297615,0.487335
s3g8,3,1,0,Dave,Carrot,0,0.013986,0.053607,0.260598,0.296868,0.108970,0.381460
s3g9,3,1,0,Eve,Carrot,0,0.014286,0.048398,0.272433,0.292668,0.301835,0.447515
s3g10,3,1,0,Eve,Parsnip,0,0.004943,0.040963,0.231542,0.287052,0.169543,0.495642
s3g11,3,1,0,Bob,Carrot,0,0.003549,0.036693,0.235736,0.284709,0.199446,0.435359
s3g12,3,1,0,Eve,Carrot,0,0.045110,0.052856,0.294989,0.293737,0.271298,0.391426
s3g13,3,1,0,Alice,Carrot,0,0.021533,0.075065,0.285160,0.302791,0.086237,0.383660
s3g14,3,1,0,Alice,Carrot,0,0.018518,0.062477,0.270438,0.296208,0.226237,0.445147
s3g15,3,1,0,Alice,Carrot,0,0.040993,0.102894,0.301340,0.314584,0.111128,0.455944
s3g16,3,1,0,Alice,Parsnip,0,0.002841,0.036545,0.219825,0.281598,0.165473,0.462411
s3g17,3,1,0,Dave,Carrot,0,0.010171,0.035339,0.266804,0.284987,0.027712,0.320157
s3g18,3,1,0,Eve,Carrot,0,0.111855,0.068312,0.325959,0.303871,0.087266,0.372517
s3g19,3,1,0,Alice,Carrot,0,0.017321,0.013659,0.276418,0.261044,0.201521,0.285182
s4g0,4,1,0,Bob,Carrot,0,0.011812,0.039666,0.256676,0.284735,0.099125,0.059245
s4g1,4,1,0,Dave,Carrot,0,0.086372,0.118469,0.309536,0.306881,0.035779,0.067169
s4g2,4,1,0,Bob,Carrot,0,0.025989,0.059295,0.280247,0.297852,0.128921,0.080947
s4g3,4,1,0,Alice,Carrot,0,0.005024,0.020489,0.242653,0.269155,0.097579,0.076406
s4g4,4,1,0,Bob,Carrot,0,0.019045,0.038388,0.280496,0.285948,0.136250,0.067794
s4g5,4,1,0,Eve,Carrot,0,0.030432,0.094702,0.293302,0.309249,0.058322,0.043647
s4g6,4,1,0,Alice,Carrot,0,0.025021,0.026327,0.270578,0.265917,0.021675,0.039811
s4g7,4,1,0,Eve,Carrot,0,0.089906,0.068070,0.322411,0.305926,0.148763,0.067015
s4g8,4,1,0,Dave,Carrot,0,0.018515,0.058521,0.274295,0.299252,0.050453,0.059599
s4g9,4,1,0,Eve,Carrot,0,0.041150,0.120589,0.292403,0.317382,0.036488,0.040744
s4g10,4,1,0,Bob,Parsnip,0,0.012856,0.054865,0.256946,0.294446,0.100491,0.059576
s4g11,4,1,0,Eve,Carrot,0,0.051249,0.050769,0.302727,0.292401,0.089000,0.065799
s4g12,4,1,0,Bob,Carrot,0,0.011830,0.038145,0.261610,0.284306,0.074378,0.066175
s4g13,4,1,0,Dave,Carrot,0,0.008852,0.040416,0.259176,0.289360,0.104643,0.073641
s4g14,4,1,0,Alice,Carrot,0,0.005737,0.028838,0.264102,0.282140,0.065481,0.066228
s4g15,4,1,0,Alice,Carrot,0,0.009276,0.039795,0.260894,0.287121,0.107294,0.085952
s4g16,4,1,0,Charlie,Carrot,0,0.063382,0.048564,0.303654,0.291461,0.083998,0.063739
s4g17,4,1,0,Dave,Parsnip,0,0.012139,0.049716,0.252379,0.292146,0.166116,0.106511
s4g18,4,1,0,Bob,Carrot,0,0.120489,0.064785,0.324636,0.299149,0.108502,0.075885
s4g19,4,1,0,Bob,Carrot,0,0.074276,0.057496,0.315317,0.298005,0.089977,0.058529
s0g0,0,1,1,Eve,Carrot,0,0.014320,0.031531,0.268887,0.280331,0.577095,0.358916
s0g1,0,1,1,Bob,Carrot,0,0.027647,0.067346,0.293369,0.302362,0.531431,0.298781
s0g2,0,1,1,Eve,Carrot,0,0.009389,0.048346,0.267227,0.294606,0.583209,0.346004
s0g3,0,1,1,Eve,Carrot,0,0.005261,0.041056,0.248618,0.286689,0.451036,0.282345
s0g4,0,1,1,Bob,Parsnip,0,0.012707,0.049659,0.260977,0.291792,0.485699,0.313070
s0g5,0,1,1,Bob,Carrot,0,0.003071,0.075781,0.226732,0.302360,0.757444,0.493533
s0g6,0,1,1,Bob,Carrot,0,0.006166,0.039593,0.249330,0.286597,0.624667,0.326256
s0g7,0,1,1,Alice,Parsnip,0,0.005713,0.028218,0.245683,0.277898,0.458608,0.313106
s0g8,0,1,1,Bob,Carrot,0,0.009154,0.029719,0.249806,0.277292,0.384574,0.341607
s0g9,0,1,1,Bob,Carrot,0,0.043491,0.077550,0.293279,0.305905,0.347301,0.392492
s0g10,0,1,1,Charlie,Carrot,0,0.010794,0.042728,0.259337,0.287907,0.445541,0.326271
s0g11,0,1,1,Charlie,Carrot,0,0.099982,0.143007,0.325181,0.324181,0.504183,0.464770
s0g12,0,1,1,Dave,Carrot,0,0.033730,0.043994,0.290204,0.288671,0.562434,0.311553
s0g13,0,1,1,Charlie,Carrot,0,0.007859,0.028619,0.250494,0.274090,0.544704,0.316648
s0g14,0,1,1,Dave,Carrot,0,0.026148,0.051026,0.276585,0.292681,0.434271,0.366249
s0g15,0,1,1,Bob,Carrot,0,0.005326,0.041424,0.250858,0.288291,0.481075,0.372354
s0g16,0,1,1,Charlie,Carrot,0,0.009393,0.047704,0.267821,0.293061,0.460023,0.292221
s0g17,0,1,1,Dave,Carrot,0,0.024093,0.074646,0.281435,0.299891,0.559192,0.448842
s0g18,0,1,1,Alice,Carrot,0,0.096204,0.045200,0.323274,0.291230,0.412449,0.493527
s0g19,0,1,1,Charlie,Carrot,0,0.009593,0.045954,0.269207,0.292248,0.554254,0.312303
s1g0,1,1,1,Dave,Carrot,0,0.002335,0.019606,0.222478,0.267028,0.976775,0.943234
s1g1,1,1,1,Dave,Carrot,0,0.016146,0.050960,0.281108,0.296209,0.942921,0.934259
s1g2,1,1,1,Eve,Parsnip,0,0.002074,0.092429,0.221372,0.312814,0.977546,0.939459
s1g3,1,1,1,Dave,Carrot,0,0.014883,0.027114,0.270220,0.277069,0.977936,0.945393
s1g4,1,1,1,Bob,Parsnip,0,0.009807,0.072664,0.255029,0.304808,0.928951,0.911831
s1g5,1,1,1,Alice,Carrot,0,0.008072,0.025646,0.249139,0.272761,0.965557,0.937855
s1g6,1,1,1,Dave,Carrot,0,0.020366,0.040727,0.279120,0.289292,0.950901,0.940025
s1g7,1,1,1,Eve,Carrot,0,0.022010,0.043622,0.272332,0.289465,0.971479,0.933779
s1g8,1,1,1,Charlie,Carrot,0,0.006664,0.037153,0.250590,0.287338,0.910421,0.926293
s1g9,1,1,1,Bob,Carrot,0,0.009111,0.110176,0.253571,0.314771,0.950368,0.916037
s1g10,1,1,1,Eve,Parsnip,0,0.009066,0.036892,0.254950,0.281437,0.949607,0.941172
s1g11,1,1,1,Dave,Parsnip,0,0.013477,0.163342,0.256596,0.332979,0.959214,0.923860
s1g12,1,1,1,Charlie,Carrot,0,0.005701,0.062441,0.250203,0.301618,0.945405,0.934302
s1g13,1,1,1,Eve,Carrot,0,0.003449,0.028221,0.239504,0.277286,0.963032,0.926023
s1g14,1,1,1,Eve,Parsnip,0,0.016864,0.053726,0.274559,0.297083,0.953543,0.943499
s1g15,1,1,1,Alice,Parsnip,0,0.006296,0.029379,0.243866,0.275407,0.961258,0.943138
s1g16,1,1,1,Eve,Carrot,0,0.012337,0.032741,0.263842,0.280587,0.978010,0.940119
s1g17,1,1,1,Charlie,Carrot,0,0.018432,0.043782,0.268497,0.287973,0.960033,0.924960
s1g18,1,1,1,Charlie,Carrot,0,0.028897,0.075377,0.289928,0.304875,0.940704,0.914781
s1g19,1,1,1,Bob,Carrot,0,0.004222,0.037626,0.239700,0.286115,0.947434,0.926443
s2g0,2,1,1,Dave,Carrot,0,0.051157,0.184762,0.303122,0.337353,0.742089,0.816561
s2g1,2,1,1,Dave,Carrot,0,0.018770,0.041708,0.283129,0.290519,0.839316,0.797780
s2g2,2,1,1,Bob,Parsnip,0,0.004402,0.028520,0.232270,0.276735,0.709679,0.769754
s2g3,2,1,1,Bob,Carrot,0,0.009124,0.053132,0.261919,0.294838,0.767176,0.837895
s2g4,2,1,1,Alice,Carrot,0,0.078961,0.184506,0.329903,0.337637,0.736161,0.816212
s2g5,2,1,1,Dave,Carrot,0,0.010051,0.046597,0.259176,0.291761,0.868984,0.834973
s2g6,2,1,1,Charlie,Carrot,0,0.003240,0.036705,0.231316,0.283095,0.850141,0.833762
s2g7,2,1,1,Alice,Carrot,0,0.057807,0.169538,0.297906,0.327993,0.833361,0.839173
s2g8,2,1,1,Alice,Parsnip,0,0.002863,0.023361,0.234698,0.271470,0.485674,0.762449
s2g9,2,1,1,Eve,Carrot,0,0.003673,0.028449,0.233830,0.277754,0.706951,0.779973
s2g10,2,1,1,Alice,Carrot,0,0.021651,0.046712,0.274575,0.289063,0.843845,0.795010
s2g11,2,1,1,Eve,Parsnip,0,0.001927,0.027077,0.221698,0.273942,0.745513,0.801373
s2g12,2,1,1,Eve,Carrot,0,0.005454,0.082942,0.241278,0.305922,0.769082,0.839146
s2g13,2,1,1,Alice,Parsnip,0,0.007372,0.040415,0.244421,0.287165,0.725998,0.766432
s2g14,2,1,1,Dave,Carrot,0,0.390638,0.214419,0.386353,0.344249,0.853500,0.840374
s2g15,2,1,1,Alice,Carrot,0,0.013477,0.052869,0.271902,0.295524,0.681965,0.812564
s2g16,2,1,1,Bob,Carrot,0,0.011027,0.129861,0.266600,0.323048,0.741863,0.837866
s2g17,2,1,1,Dave,Carrot,0,0.012095,0.074665,0.256729,0.306046,0.681030,0.836269
s2g18,2,1,1,Dave,Carrot,0,0.033708,0.056587,0.284098,0.291124,0.614151,0.771255
s2g19,2,1,1,Eve,Carrot,0,0.041013,0.059114,0.288781,0.296742,0.641528,0.797543
s3g0,3,1,1,Bob,Parsnip,0,0.007457,0.076896,0.251446,0.308066,0.095188,0.360253
s3g1,3,1,1,Charlie,Carrot,0,0.003050,0.031750,0.237362,0.280393,0.116543,0.344584
s3g2,3,1,1,Alice,Parsnip,0,0.003548,0.029668,0.230964,0.277362,0.127267,0.394438
s3g3,3,1,1,Alice,Carrot,0,0.118437,0.106443,0.334721,0.317102,0.121797,0.337745
s3g4,3,1,1,Eve,Carrot,0,0.025708,0.081037,0.286800,0.307867,0.039500,0.415002
s3g5,3,1,1,Alice,Parsnip,0,0.015360,0.058301,0.262885,0.299123,0.148641,0.551462
s3g6,3,1,1,Eve,Parsnip,0,0.004732,0.034372,0.234709,0.283734,0.144853,0.445946
s3g7,3,1,1,Charlie,Parsnip,0,0.020719,0.090605,0.270329,0.310685,0.389295,0.484688
s3g8,3,1,1,Alice,Carrot,0,0.096713,0.099024,0.316044,0.316806,0.259051,0.363773
s3g9,3,1,1,Charlie,Parsnip,0,0.003767,0.019580,0.231208,0.265508,0.286716,0.459132
s3g10,3,1,1,Bob,Carrot,0,0.019272,0.052646,0.272884,0.292943,0.143324,0.440669
s3g11,3,1,1,Charlie,Carrot,0,0.006143,0.045030,0.250670,0.289915,0.101737,0.429964
s3g12,3,1,1,Bob,Carrot,0,0.013193,0.043512,0.270555,0.290767,0.158189,0.309494
s3g13,3,1,1,Charlie,Parsnip,0,0.001105,0.017837,0.212074,0.267270,0.123330,0.408754
s3g14,3,1,1,Bob,Parsnip,0,0.004575,0.031377,0.240072,0.279013,0.211089,0.483916
s3g15,3,1,1,Bob,Carrot,0,0.050045,0.084505,0.309668,0.309208,0.115332,0.406697
s3g16,3,1,1,Eve,Carrot,0,0.039487,0.099161,0.290983,0.311930,0.185567,0.410611
s3g17,3,1,1,Alice,Carrot,0,0.004204,0.035892,0.246388,0.286792,0.059132,0.373908
s3g18,3,1,1,Dave,Carrot,0,0.042014,0.067251,0.296338,0.302142,0.140251,0.421143
s3g19,3,1,1,Dave,Carrot,0,0.010859,0.042591,0.260402,0.289312,0.097556,0.382169
s4g0,4,1,1,Dave,Parsnip,0,0.003687,0.032192,0.224277,0.277765,0.177344,0.087289
s4g1,4,1,1,Bob,Carrot,0,0.027779,0.131771,0.276106,0.320374,0.062551,0.045294
s4g2,4,1,1,Dave,Parsnip,0,0.006122,0.043145,0.244284,0.289408,0.120716,0.080429
s4g3,4,1,1,Eve,Carrot,0,0.010192,0.038843,0.255625,0.285196,0.057444,0.071303
s4g4,4,1,1,Charlie,Carrot,0,0.016796,0.045401,0.267665,0.290446,0.112728,0.080594
s4g5,4,1,1,Charlie,Carrot,0,0.008165,0.043664,0.251191,0.288789,0.116661,0.075909
s4g6,4,1,1,Charlie,Carrot,0,0.017364,0.031526,0.273435,0.281003,0.042065,0.057422
s4g7,4,1,1,Bob,Carrot,0,0.015786,0.043307,0.269040,0.292923,0.095894,0.068041
s4g8,4,1,1,Bob,Carrot,0,0.009827,0.032445,0.269430,0.283932,0.042875,0.073440
s4g9,4,1,1,Dave,Carrot,0,0.003647,0.050163,0.229348,0.292960,0.063163,0.082987
s4g10,4,1,1,Charlie,Carrot,0,0.003632,0.017863,0.237572,0.265625,0.041940,0.054910
s4g11,4,1,1,Bob,Parsnip,0,0.013143,0.055855,0.262586,0.297477,0.063719,0.064614
s4g12,4,1,1,Charlie,Carrot,0,0.022018,0.047012,0.284149,0.292036,0.113617,0.070731
s4g13,4,1,1,Alice,Parsnip,0,0.002397,0.033810,0.220496,0.283883,0.089196,0.076140
s4g14,4,1,1,Bob,Carrot,0,0.013683,0.043367,0.266282,0.290478,0.075616,0.077685
s4g15,4,1,1,Eve,Parsnip,0,0.012137,0.060175,0.273689,0.301713,0.098226,0.091662
s4g16,4,1,1,Bob,Carrot,0,0.009680,0.031906,0.258721,0.280157,0.056324,0.065392
s4g17,4,1,1,Charlie,Carrot,0,0.003841,0.025106,0.239358,0.275104,0.045368,0.060423
s4g18,4,1,1,Alice,Parsnip,0,0.004340,0.034738,0.234342,0.281843,0.074179,0.083361
s4g19,4,1,1,Dave,Carrot,0,0.009937,0.042832,0.261788,0.291854,0.127561,0.080938
s0g0,0,1,2,Bob,Carrot,0,0.020818,0.057271,0.273038,0.298632,0.436455,0.330781
s0g1,0,1,2,Charlie,Parsnip,0,0.007617,0.032863,0.249293,0.281821,0.417940,0.261164
s0g2,0,1,2,Alice,Carrot,0,0.179338,0.096853,0.342177,0.313318,0.687696,0.329536
s0g3,0,1,2,Dave,Parsnip,0,0.006595,0.037754,0.245203,0.288888,0.465775,0.291411
s0g4,0,1,2,Eve,Carrot,0,0.002486,0.034567,0.225985,0.283337,0.433653,0.317590
s0g5,0,1,2,Charlie,Carrot,0,0.003906,0.026859,0.234591,0.275095,0.404053,0.352077
s0g6,0,1,2,Dave,Carrot,0,0.016164,0.148998,0.272825,0.327400,0.344886,0.293923
s0g7,0,1,2,Dave,Carrot,0,0.005587,0.035864,0.241035,0.281831,0.498665,0.323999
s0g8,0,1,2,Dave,Carrot,0,0.004218,0.028273,0.236241,0.276264,0.479754,0.287804
s0g9,0,1,2,Eve,Carrot,0,0.066904,0.088401,0.302922,0.308987,0.706095,0.326074
s0g10,0,1,2,Eve,Parsnip,0,0.005024,0.031610,0.238971,0.281870,0.567201,0.291064
s0g11,0,1,2,Dave,Parsnip,0,0.011103,0.030955,0.331975,0.278212,0.351192,0.310026
s0g12,0,1,2,Bob,Carrot,0,0.015447,0.033975,0.266791,0.281942,0.352874,0.291257
s0g13,0,1,2,Dave,Parsnip,0,0.005837,0.018583,0.237483,0.263918,0.347405,0.286635
s0g14,0,1,2,Alice,Parsnip,0,0.006732,0.029209,0.239662,0.274677,0.376680,0.303849
s0g15,0,1,2,Eve,Carrot,0,0.032545,0.058366,0.294277,0.298512,0.599216,0.322635
s0g16,0,1,2,Bob,Parsnip,0,0.005358,0.055182,0.232247,0.293407,0.461658,0.334636
s0g17,0,1,2,Alice,Carrot,0,0.009487,0.044171,0.261267,0.291072,0.419644,0.286244
s0g18,0,1,2,Charlie,Carrot,0,0.004045,0.037618,0.241848,0.284652,0.527789,0.371366
s0g19,0,1,2,Eve,Carrot,0,0.045224,0.066822,0.296788,0.304019,0.331499,0.276843
s1g0,1,1,2,Alice,Parsnip,0,0.002803,0.020167,0.231870,0.269362,0.966748,0.945294
s1g1,1,1,2,Eve,Carrot,0,0.031812,0.086266,0.292422,0.309750,0.956591,0.926416
s1g2,1,1,2,Alice,Carrot,0,0.004799,0.054384,0.242145,0.297355,0.921479,0.914845
s1g3,1,1,2,Alice,Parsnip,0,0.005380,0.044506,0.238648,0.289093,0.965941,0.953988
s1g4,1,1,2,Dave,Carrot,0,0.008387,0.129279,0.255243,0.320816,0.913418,0.921142
s1g5,1,1,2,Charlie,Carrot,0,0.016962,0.049667,0.274296,0.291736,0.969582,0.947595
s1g6,1,1,2,Alice,Parsnip,0,0.014773,0.100146,0.254214,0.312423,0.925253,0.917269
s1g7,1,1,2,Dave,Carrot,0,0.042331,0.056398,0.304938,0.298613,0.973654,0.938617
s1g8,1,1,2,Dave,Carrot,0,0.006309,0.031745,0.247648,0.279235,0.978153,0.934712
s1g9,1,1,2,Alice,Carrot,0,0.025491,0.075297,0.277138,0.303274,0.960541,0.929348
s1g10,1,1,2,Dave,Carrot,0,0.036085,0.109507,0.295299,0.316087,0.952933,0.946521
s1g11,1,1,2,Alice,Carrot,0,0.001993,0.040038,0.223720,0.287507,0.954900,0.935248
s1g12,1,1,2,Alice,Parsnip,0,0.007800,0.084474,0.245958,0.312931,0.947900,0.919852
s1g13,1,1,2,Bob,Carrot,0,0.004294,0.025455,0.251823,0.277249,0.977323,0.942017
s1g14,1,1,2,Alice,Carrot,0,0.005544,0.031137,0.239187,0.278032,0.968755,0.939708
s1g15,1,1,2,Charlie,Carrot,0,0.005355,0.024319,0.234411,0.271511,0.982977,0.943481
s1g16,1,1,2,Dave,Carrot,0,0.082861,0.046652,0.325894,0.296519,0.924296,0.927765
s1g17,1,1,2,Eve,Carrot,0,0.017291,0.041076,0.277159,0.290534,0.952186,0.928037
s1g18,1,1,2,Dave,Parsnip,0,0.002558,0.026437,0.225822,0.274497,0.958187,0.931405
s1g19,1,1,2,Eve,Carrot,0,0.001867,0.020815,0.220624,0.269317,0.960700,0.933273
s2g0,2,1,2,Bob,Carrot,0,0.009413,0.155024,0.265980,0.334383,0.544714,0.794071
s2g1,2,1,2,Alice,Carrot,0,0.022787,0.056050,0.289056,0.297061,0.826674,0.844308
s2g2,2,1,2,Charlie,Carrot,0,0.017639,0.065970,0.281731,0.304028,0.571495,0.801533
s2g3,2,1,2,Eve,Carrot,0,0.003646,0.039100,0.235721,0.287091,0.552761,0.780324
s2g4,2,1,2,Bob,Carrot,0,0.056359,0.118008,0.309107,0.321995,0.805539,0.768419
s2g5,2,1,2,Charlie,Parsnip,0,0.004883,0.022055,0.237409,0.267403,0.739188,0.791876
s2g6,2,1,2,Eve,Parsnip,0,0.008682,0.042651,0.260459,0.287893,0.718856,0.804770
s2g7,2,1,2,Dave,Carrot,0,0.040782,0.067987,0.295789,0.301254,0.907905,0.874437
s2g8,2,1,2,Charlie,Carrot,0,0.041097,0.086926,0.303286,0.314560,0.587779,0.804538
s2g9,2,1,2,Dave,Carrot,0,0.007468,0.056038,0.266248,0.299548,0.604414,0.821718
s2g10,2,1,2,Bob,Carrot,0,0.004582,0.034370,0.239692,0.281297,0.724900,0.784887
s2g11,2,1,2,Charlie,Carrot,0,0.028008,0.045673,0.278084,0.288859,0.741833,0.753882
s2g12,2,1,2,Bob,Parsnip,0,0.010105,0.049692,0.252948,0.291099,0.776104,0.858916
s2g13,2,1,2,Dave,Carrot,0,0.004334,0.034878,0.247929,0.283433,0.651753,0.757572
s2g14,2,1,2,Bob,Carrot,0,0.462789,0.201912,0.383908,0.341170,0.622659,0.815648
s2g15,2,1,2,Bob,Carrot,0,0.039390,0.101931,0.306992,0.318424,0.723999,0.822689
s2g16,2,1,2,Alice,Carrot,0,0.029424,0.206907,0.304559,0.337799,0.700625,0.853063
s2g17,2,1,2,Alice,Carrot,0,0.050672,0.079781,0.305583,0.308049,0.642121,0.778049
s2g18,2,1,2,Charlie,Carrot,0,0.034054,0.046757,0.292361,0.291603,0.651813,0.779398
s2g19,2,1,2,Charlie,Carrot,0,0.008608,0.047387,0.261659,0.291541,0.775725,0.827943
s3g0,3,1,2,Alice,Carrot,0,0.013666,0.043562,0.268488,0.289919,0.067253,0.308839
s3g1,3,1,2,Dave,Carrot,0,0.028552,0.058243,0.293291,0.300203,0.112718,0.398852
s3g2,3,1,2,Charlie,Carrot,0,0.003934,0.019447,0.236224,0.266599,0.139692,0.335913
s3g3,3,1,2,Dave,Carrot,0,0.010678,0.064826,0.260639,0.305477,0.089002,0.405526
s3g4,3,1,2,Dave,Parsnip,0,0.005288,0.033247,0.238483,0.280727,0.115543,0.438521
s3g5,3,1,2,Eve,Carrot,0,0.008025,0.048398,0.251344,0.293202,0.095363,0.425719
s3g6,3,1,2,Alice,Carrot,0,0.022421,0.067821,0.275725,0.301894,0.093411,0.337856
s3g7,3,1,2,Alice,Carrot,0,0.023392,0.040484,0.277228,0.287946,0.250694,0.491967
s3g8,3,1,2,Eve,Carrot,0,0.020895,0.079473,0.269744,0.308893,0.116887,0.495018
s3g9,3,1,2,Dave,Carrot,0,0.008892,0.023722,0.256978,0.275863,0.153595,0.422954
s3g10,3,1,2,Charlie,Carrot,0,0.241011,0.196540,0.358311,0.338272,0.146298,0.485244
s3g11,3,1,2,Eve,Carrot,0,0.015197,0.039078,0.266532,0.286394,0.070665,0.348661
s3g12,3,1,2,Alice,Parsnip,0,0.006135,0.047286,0.243988,0.291574,0.144183,0.429057
s3g13,3,1,2,Dave,Carrot,0,0.002903,0.019735,0.221469,0.265349,0.152697,0.354310
s3g14,3,1,2,Dave,Carrot,0,0.007900,0.030245,0.246072,0.278856,0.137877,0.433493
s3g15,3,1,2,Dave,Carrot,0,0.015837,0.060849,0.271020,0.301147,0.085817,0.414715
s3g16,3,1,2,Charlie,Carrot,0,0.004605,0.021407,0.240061,0.270197,0.118422,0.338878
s3g17,3,1,2,Eve,Carrot,0,0.036929,0.098575,0.294540,0.315099,0.067949,0.342891
s3g18,3,1,2,Charlie,Parsnip,0,0.006996,0.042948,0.244227,0.288528,0.145265,0.436192
s3g19,3,1,2,Eve,Carrot,0,0.006133,0.030249,0.245423,0.278825,0.084240,0.436842
s4g0,4,1,2,Alice,Carrot,0,0.221215,0.087309,0.348090,0.308484,0.153819,0.087849
s4g1,4,1,2,Charlie,Parsnip,0,0.013119,0.055757,0.255010,0.295115,0.141291,0.084687
s4g2,4,1,2,Alice,Carrot,0,0.025584,0.031771,0.277250,0.281656,0.083439,0.076291
s4g3,4,1,2,Dave,Parsnip,0,0.001496,0.031701,0.214345,0.281682,0.104163,0.087045
s4g4,4,1,2,Eve,Carrot,0,0.011555,0.038336,0.264263,0.285856,0.148515,0.080819
s4g5,4,1,2,Alice,Carrot,0,0.053801,0.154343,0.302409,0.328459,0.078449,0.066245
s4g6,4,1,2,Dave,Carrot,0,0.004121,0.034599,0.235499,0.282002,0.029823,0.054756
s4g7,4,1,2,Charlie,Carrot,0,0.002966,0.025247,0.232378,0.276090,0.072229,0.069914
s4g8,4,1,2,Charlie,Carrot,0,0.018723,0.075670,0.286188,0.309909,0.024755,0.060530
s4g9,4,1,2,Alice,Carrot,0,0.063519,0.242634,0.303401,0.344261,0.026116,0.063360
s4g10,4,1,2,Eve,Carrot,0,0.132097,0.127794,0.326016,0.319133,0.065026,0.054431
s4g11,4,1,2,Dave,Carrot,0,0.010129,0.051383,0.265022,0.293337,0.059755,0.095237
s4g12,4,1,2,Dave,Carrot,0,0.010213,0.030193,0.256201,0.278122,0.106071,0.082873
s4g13,4,1,2,Charlie,Carrot,0,0.100066,0.170613,0.323841,0.330185,0.082557,0.072950
s4g14,4,1,2,Dave,Carrot,0,0.004752,0.037054,0.235374,0.286550,0.135883,0.083864
s4g15,4,1,2,Dave,Carrot,0,0.555846,0.137102,0.397938,0.327683,0.252008,0.127587
s4g16,4,1,2,Eve,Carrot,0,0.004663,0.055172,0.243734,0.294925,0.019079,0.038599
s4g17,4,1,2,Bob,Carrot,0,0.021045,0.071688,0.290217,0.307175,0.089339,0.072190
s4g18,4,1,2,Charlie,Carrot,0,0.003687,0.044319,0.235476,0.288029,0.050821,0.077805
s4g19,4,1,2,Alice,Carrot,0,0.003222,0.027046,0.234464,0.278463,0.097670,0.069797
s0g0,0,1,3,Alice,Carrot,0,0.009670,0.052566,0.256155,0.295022,0.447950,0.273919
s0g1,0,1,3,Eve,Carrot,0,0.047551,0.075462,0.304269,0.306788,0.501034,0.288017
s0g2,0,1,3,Dave,Parsnip,0,0.028863,0.103387,0.288575,0.320157,0.579063,0.263569
s0g3,0,1,3,Alice,Carrot,0,0.137619,0.102553,0.335862,0.314913,0.540161,0.296326
s0g4,0,1,3,Dave,Carrot,0,0.034296,0.068209,0.293749,0.303647,0.668687,0.474062
s0g5,0,1,3,Dave,Carrot,0,0.009442,0.029381,0.261607,0.276810,0.369723,0.335637
s0g6,0,1,3,Charlie,Carrot,0,0.113240,0.145118,0.327609,0.326577,0.320201,0.271633
s0g7,0,1,3,Eve,Carrot,0,0.009443,0.047741,0.262213,0.293138,0.548650,0.302449
s0g8,0,1,3,Charlie,Parsnip,0,0.013863,0.064003,0.256386,0.300002,0.484114,0.304138
s0g9,0,1,3,Alice,Parsnip,0,0.007445,0.050955,0.245932,0.293065,0.411828,0.300964
s0g10,0,1,3,Dave,Carrot,0,0.004815,0.041880,0.242176,0.287247,0.520790,0.323391
s0g11,0,1,3,Bob,Carrot,0,0.038415,0.095853,0.306893,0.311238,0.539190,0.454635
s0g12,0,1,3,Charlie,Parsnip,0,0.008508,0.076062,0.254330,0.309651,0.457090,0.219621
s0g13,0,1,3,Alice,Carrot,0,0.030852,0.079360,0.281484,0.304804,0.410192,0.289742
s0g14,0,1,3,Bob,Carrot,0,0.006093,0.029953,0.250059,0.278433,0.516429,0.316349
s0g15,0,1,3,Alice,Parsnip,0,0.005541,0.049988,0.236807,0.291403,0.467742,0.330076
s0g16,0,1,3,Dave,Carrot,0,0.029194,0.055910,0.281683,0.294778,0.474909,0.302516
s0g17,0,1,3,Bob,Carrot,0,0.030505,0.070121,0.286926,0.301156,0.516696,0.438249
s0g18,0,1,3,Dave,Carrot,0,0.054209,0.045881,0.303113,0.289763,0.514015,0.338080
s0g19,0,1,3,Dave,Parsnip,0,0.020387,0.049331,0.272791,0.293613,0.561615,0.304238
s1g0,1,1,3,Bob,Carrot,0,0.004773,0.019550,0.236565,0.266538,0.976414,0.943950
s1g1,1,1,3,Charlie,Parsnip,0,0.005421,0.038803,0.235594,0.287819,0.956365,0.934457
s1g2,1,1,3,Charlie,Carrot,0,0.002397,0.046685,0.221750,0.291960,0.929325,0.941525
s1g3,1,1,3,Bob,Carrot,0,0.052079,0.194690,0.304882,0.338963,0.964662,0.946987
s1g4,1,1,3,Alice,Carrot,0,0.014023,0.044177,0.269530,0.291095,0.912717,0.915992
s1g5,1,1,3,Eve,Carrot,0,0.015625,0.036458,0.264294,0.282492,0.962283,0.942727
s1g6,1,1,3,Bob,Carrot,0,0.019498,0.057308,0.282838,0.297532,0.939774,0.919276
s1g7,1,1,3,Charlie,Carrot,0,0.048680,0.093534,0.309328,0.314575,0.968675,0.938410
s1g8,1,1,3,Eve,Parsnip,0,0.004444,0.022968,0.235209,0.271024,0.976080,0.935240
s1g9,1,1,3,Charlie,Parsnip,0,0.075472,0.107209,0.304672,0.316991,0.966056,0.925568
s1g10,1,1,3,Alice,Carrot,0,0.005825,0.040454,0.241052,0.285372,0.961210,0.953077
s1g11,1,1,3,Charlie,Carrot,0,0.003844,0.032120,0.241387,0.282317,0.953994,0.931219
s1g12,1,1,3,Bob,Carrot,0,0.083813,0.080355,0.320424,0.308902,0.892655,0.918545
s1g13,1,1,3,Alice,Carrot,0,0.003462,0.022216,0.230760,0.271693,0.983002,0.945140
s1g14,1,1,3,Dave,Carrot,0,0.005361,0.038379,0.237395,0.285341,0.958210,0.923549
s1g15,1,1,3,Bob,Carrot,0,0.006795,0.023688,0.241599,0.271066,0.979443,0.933706
s1g16,1,1,3,Bob,Carrot,0,0.014214,0.054894,0.260140,0.294859,0.932993,0.911274
s1g17,1,1,3,Bob,Carrot,0,0.014695,0.048462,0.274560,0.294584,0.814893,0.914456
s1g18,1,1,3,Eve,Carrot,0,0.000622,0.040920,0.221024,0.288619,0.864941,0.934065
s1g19,1,1,3,Charlie,Parsnip,0,0.012781,0.048241,0.263871,0.295663,0.954202,0.932001
s2g0,2,1,3,Charlie,Carrot,0,0.037569,0.204285,0.291992,0.342779,0.885312,0.897955
s2g1,2,1,3,Eve,Parsnip,0,0.005676,0.038408,0.245305,0.288278,0.841974,0.810164
s2g2,2,1,3,Dave,Carrot,0,0.036618,0.055896,0.293055,0.299072,0.666347,0.790642
s2g3,2,1,3,Alice,Parsnip,0,0.009857,0.065019,0.255086,0.302167,0.634520,0.793333
s2g4,2,1,3,Eve,Parsnip,0,0.008673,0.036883,0.249021,0.285126,0.716038,0.792666
s2g5,2,1,3,Bob,Carrot,0,0.004130,0.028996,0.245848,0.277405,0.760132,0.763520
s2g6,2,1,3,Bob,Carrot,0,0.102394,0.072744,0.321830,0.304682,0.716232,0.811640
s2g7,2,1,3,Eve,Carrot,0,0.238348,0.220390,0.359396,0.340765,0.951804,0.899982
s2g8,2,1,3,Eve,Carrot,0,0.008588,0.042942,0.252486,0.288707,0.664142,0.768164
s2g9,2,1,3,Charlie,Carrot,0,0.006261,0.048875,0.246194,0.296675,0.690751,0.848615
s2g10,2,1,3,Dave,Carrot,0,0.013752,0.047263,0.271038,0.290021,0.768765,0.779217
s2g11,2,1,3,Bob,Carrot,0,0.004131,0.035838,0.246596,0.285377,0.659120,0.740328
s2g12,2,1,3,Alice,Carrot,0,0.007623,0.049640,0.252421,0.291339,0.808120,0.822600
s2g13,2,1,3,Bob,Carrot,0,0.022464,0.088986,0.277369,0.309766,0.609207,0.814192
s2g14,2,1,3,Alice,Parsnip,0,0.007893,0.060594,0.252012,0.300416,0.651120,0.868938
s2g15,2,1,3,Eve,Carrot,0,0.093877,0.123619,0.327965,0.330170,0.773913,0.829174
s2g16,2,1,3,Eve,Carrot,0,0.058837,0.092934,0.305876,0.312466,0.797068,0.847618
s2g17,2,1,3,Charlie,Parsnip,0,0.006299,0.045691,0.243739,0.290810,0.674007,0.735611
s2g18,2,1,3,Eve,Parsnip,0,0.018177,0.054391,0.279344,0.296378,0.756354,0.770906
s2g19,2,1,3,Alice,Carrot,0,0.054365,0.050881,0.305746,0.290076,0.835099,0.873689
s3g0,3,1,3,Dave,Carrot,0,0.234821,0.160044,0.354634,0.333460,0.058495,0.365410
s3g1,3,1,3,Alice,Parsnip,0,0.002813,0.019502,0.226925,0.266637,0.190252,0.447445
s3g2,3,1,3,Bob,Carrot,0,0.007210,0.020718,0.254811,0.267281,0.099978,0.368826
s3g3,3,1,3,Bob,Carrot,0,0.045270,0.080178,0.301713,0.310180,0.085495,0.354643
s3g4,3,1,3,Alice,Carrot,0,0.029097,0.060469,0.296116,0.299603,0.106645,0.486779
s3g5,3,1,3,Dave,Carrot,0,0.041490,0.146009,0.305499,0.332514,0.128198,0.465480
s3g6,3,1,3,Charlie,Carrot,0,0.005334,0.088042,0.249296,0.310357,0.139781,0.462170
s3g7,3,1,3,Eve,Carrot,0,0.021448,0.046402,0.283366,0.292242,0.114048,0.433838
s3g8,3,1,3,Bob,Parsnip,0,0.012135,0.050990,0.259674,0.295914,0.118907,0.430630
s3g9,3,1,3,Bob,Carrot,0,0.080983,0.301736,0.326583,0.358937,0.189596,0.496808
s3g10,3,1,3,Dave,Carrot,0,0.005520,0.042607,0.248618,0.290788,0.082587,0.434660
s3g11,3,1,3,Dave,Parsnip,0,0.009994,0.094710,0.256466,0.314556,0.067312,0.416597
s3g12,3,1,3,Charlie,Carrot,0,0.008715,0.078631,0.254453,0.305555,0.109831,0.463912
s3g13,3,1,3,Bob,Carrot,0,0.061657,0.142959,0.311292,0.326013,0.264766,0.502817
s3g14,3,1,3,Eve,Carrot,0,0.004351,0.037294,0.242293,0.283323,0.185006,0.484781
s3g15,3,1,3,Charlie,Carrot,0,0.012392,0.050794,0.263168,0.294685,0.190683,0.511545
s3g16,3,1,3,Bob,Carrot,0,0.016656,0.055946,0.272003,0.296487,0.105845,0.404255
s3g17,3,1,3,Charlie,Carrot,0,0.003615,0.030946,0.239192,0.280781,0.059685,0.363348
s3g18,3,1,3,Bob,Carrot,0,0.018389,0.061365,0.276547,0.300557,0.051453,0.390092
s3g19,3,1,3,Bob,Parsnip,0,0.005742,0.025424,0.236388,0.271549,0.101068,0.464530
s4g0,4,1,3,Eve,Carrot,0,0.054550,0.125245,0.318969,0.323580,0.145221,0.083085
s4g1,4,1,3,Alice,Carrot,0,0.010665,0.071431,0.255297,0.302209,0.083717,0.049135
s4g2,4,1,3,Eve,Carrot,0,0.005886,0.031675,0.244820,0.279875,0.111522,0.070031
s4g3,4,1,3,Bob,Carrot,0,0.031725,0.057415,0.291582,0.298827,0.275654,0.101559
s4g4,4,1,3,Alice,Parsnip,0,0.015736,0.063718,0.272889,0.303266,0.075292,0.068345
s4g5,4,1,3,Bob,Parsnip,0,0.014666,0.039974,0.272900,0.287238,0.120115,0.101190
s4g6,4,1,3,Eve,Parsnip,0,0.002543,0.025741,0.221987,0.271511,0.077403,0.079014
s4g7,4,1,3,Dave,Carrot,0,0.021802,0.086019,0.278597,0.311285,0.041460,0.068234
s4g8,4,1,3,Eve,Parsnip,0,0.007098,0.040379,0.247222,0.284968,0.095468,0.062556
s4g9,4,1,3,Charlie,Parsnip,0,0.045023,0.058933,0.285421,0.294364,0.065834,0.064374
s4g10,4,1,3,Alice,Carrot,0,0.003968,0.044513,0.237162,0.290200,0.151183,0.100055
s4g11,4,1,3,Alice,Carrot,0,0.025940,0.042975,0.278837,0.290570,0.078521,0.059311
s4g12,4,1,3,Eve,Carrot,0,0.041871,0.090204,0.297187,0.315104,0.131571,0.066728
s4g13,4,1,3,Bob,Carrot,0,0.240317,0.445408,0.355930,0.381448,0.048077,0.068380
s4g14,4,1,3,Charlie,Carrot,0,0.004052,0.041542,0.233621,0.294825,0.077761,0.047590
s4g15,4,1,3,Charlie,Carrot,0,0.036783,0.128798,0.304838,0.326265,0.200409,0.096521
s4g16,4,1,3,Dave,Carrot,0,0.006859,0.074269,0.253334,0.304779,0.133850,0.063377
s4g17,4,1,3,Eve,Carrot,0,0.008055,0.035773,0.256638,0.285556,0.153661,0.080389
s4g18,4,1,3,Eve,Carrot,0,0.017275,0.049315,0.272191,0.291559,0.149508,0.079521
s4g19,4,1,3,Charlie,Parsnip,0,0.019373,0.055093,0.268992,0.297716,0.164314,0.076689
s0g0,0,1,4,Dave,Parsnip,0,0.014159,0.089905,0.258542,0.312111,0.600351,0.412234
s0g1,0,1,4,Alice,Carrot,0,0.007801,0.039765,0.253156,0.287960,0.285825,0.253628
s0g2,0,1,4,Bob,Carrot,0,0.470513,0.195465,0.389340,0.339327,0.522491,0.331040
s0g3,0,1,4,Bob,Carrot,0,0.052276,0.067564,0.300432,0.302539,0.554192,0.333421
s0g4,0,1,4,Charlie,Carrot,0,0.007056,0.044384,0.259089,0.289174,0.485579,0.305052
s0g5,0,1,4,Alice,Carrot,0,0.003389,0.028066,0.238648,0.277410,0.464783,0.345177
s0g6,0,1,4,Eve,Parsnip,0,0.007826,0.053009,0.248465,0.295247,0.209120,0.226586
s0g7,0,1,4,Charlie,Carrot,0,0.027176,0.087079,0.287342,0.311286,0.499470,0.358127
s0g8,0,1,4,Alice,Carrot,0,0.019685,0.050467,0.271695,0.294215,0.478812,0.328335
s0g9,0,1,4,Charlie,Carrot,0,0.060736,0.137602,0.311383,0.328652,0.648018,0.375098
s0g10,0,1,4,Alice,Carrot,0,0.012288,0.044703,0.260003,0.289734,0.613944,0.339376
s0g11,0,1,4,Alice,Carrot,0,0.006145,0.038396,0.259430,0.286920,0.703094,0.323485
s0g12,0,1,4,Eve,Carrot,0,0.005434,0.040375,0.246053,0.288544,0.336895,0.273124
s0g13,0,1,4,Bob,Carrot,0,0.038181,0.055621,0.289409,0.293476,0.517986,0.256268
s0g14,0,1,4,Charlie,Carrot,0,0.059697,0.068063,0.297128,0.299235,0.423696,0.319028
s0g15,0,1,4,Dave,Carrot,0,0.049011,0.134386,0.310243,0.326181,0.631084,0.365999
s0g16,0,1,4,Eve,Carrot,0,0.057482,0.079788,0.309321,0.305457,0.438986,0.306544
s0g17,0,1,4,Charlie,Carrot,0,0.028793,0.109855,0.289677,0.320391,0.310684,0.252176
s0g18,0,1,4,Eve,Carrot,0,0.002017,0.056246,0.225375,0.298291,0.630067,0.319054
s0g19,0,1,4,Bob,Carrot,0,0.050381,0.155290,0.309492,0.330667,0.521256,0.318203
s1g0,1,1,4,Charlie,Carrot,0,0.005405,0.021098,0.235163,0.266375,0.959598,0.937364
s1g1,1,1,4,Alice,Carrot,0,0.448496,0.143193,0.394750,0.324933,0.903360,0.915774
s1g2,1,1,4,Dave,Carrot,0,0.012067,0.077210,0.266866,0.305295,0.972538,0.942604
s1g3,1,1,4,Charlie,Carrot,0,0.272620,0.178538,0.356353,0.335272,0.947800,0.914493
s1g4,1,1,4,Charlie,Carrot,0,0.034314,0.409373,0.306591,0.374204,0.923617,0.943418
s1g5,1,1,4,Dave,Parsnip,0,0.006382,0.043360,0.239522,0.288515,0.966328,0.937447
s1g6,1,1,4,Eve,Carrot,0,0.095085,0.078929,0.316993,0.307181,0.954922,0.910784
s1g7,1,1,4,Bob,Parsnip,0,0.010149,0.062554,0.253833,0.302873,0.937772,0.935717
s1g8,1,1,4,Alice,Carrot,0,0.011879,0.041890,0.258273,0.287120,0.936705,0.924287
s1g9,1,1,4,Eve,Carrot,0,0.072294,0.144327,0.311847,0.327832,0.927805,0.916351
s1g10,1,1,4,Bob,Carrot,0,0.128984,0.094004,0.330174,0.312344,0.969028,0.929529
s1g11,1,1,4,Eve,Carrot,0,0.281163,0.064843,0.362023,0.302857,0.888249,0.931216
s1g12,1,1,4,Eve,Carrot,0,0.031294,0.066961,0.295896,0.302716,0.896200,0.912421
s1g13,1,1,4,Dave,Carrot,0,0.021261,0.050747,0.282397,0.296223,0.940593,0.921978
s1g14,1,1,4,Bob,Carrot,0,0.007252,0.040162,0.249621,0.285799,0.923082,0.931002
s1g15,1,1,4,Eve,Carrot,0,0.009280,0.029671,0.263046,0.277433,0.954030,0.928129
s1g16,1,1,4,Alice,Carrot,0,0.013168,0.033230,0.265878,0.281795,0.940209,0.925219
s1g17,1,1,4,Dave,Parsnip,0,0.034560,0.066859,0.283202,0.301300,0.925327,0.911301
s1g18,1,1,4,Bob,Carrot,0,0.003914,0.035665,0.239901,0.284527,0.964259,0.935169
s1g19,1,1,4,Dave,Carrot,0,0.101263,0.205893,0.319942,0.337904,0.857143,0.880397
s2g0,2,1,4,Eve,Carrot,0,0.007290,0.064233,0.253991,0.301246,0.589584,0.795697
s2g1,2,1,4,Charlie,Carrot,0,0.264640,0.189322,0.370847,0.339168,0.790270,0.832399
s2g2,2,1,4,Eve,Carrot,0,0.007101,0.071690,0.259131,0.305716,0.672513,0.866599
s2g3,2,1,4,Charlie,Carrot,0,0.166084,0.091408,0.338007,0.311748,0.856427,0.843659
s2g4,2,1,4,Dave,Carrot,0,0.013940,0.056110,0.272800,0.297038,0.749677,0.812910
s2g5,2,1,4,Eve,Carrot,0,0.023487,0.134091,0.277699,0.318809,0.726631,0.812074
s2g6,2,1,4,Alice,Carrot,0,0.093057,0.127609,0.315333,0.322318,0.784915,0.850734
s2g7,2,1,4,Charlie,Parsnip,0,0.014894,0.077099,0.266147,0.307854,0.843997,0.834823
s2g8,2,1,4,Bob,Carrot,0,0.026174,0.046309,0.287237,0.292813,0.703842,0.826308
s2g9,2,1,4,Alice,Parsnip,0,0.007124,0.044078,0.248755,0.290107,0.831521,0.828858
s2g10,2,1,4,Eve,Carrot,0,0.003175,0.086212,0.240502,0.309043,0.619485,0.880051
s2g11,2,1,4,Dave,Carrot,0,0.002540,0.030014,0.225722,0.278194,0.728928,0.781592
s2g12,2,1,4,Dave,Carrot,0,0.023746,0.053381,0.278178,0.294019,0.830357,0.829618
s2g13,2,1,4,Eve,Carrot,0,0.024747,0.070624,0.292758,0.307102,0.798875,0.837424
s2g14,2,1,4,Charlie,Carrot,0,0.006966,0.103589,0.254122,0.318428,0.745510,0.804112
s2g15,2,1,4,Dave,Parsnip,0,0.006517,0.095698,0.248126,0.317362,0.706121,0.873679
s2g16,2,1,4,Charlie,Parsnip,0,0.011124,0.099431,0.253961,0.314770,0.662345,0.863956
s2g17,2,1,4,Bob,Carrot,0,0.017357,0.093862,0.278217,0.312144,0.666644,0.807381
s2g18,2,1,4,Bob,Carrot,0,0.031974,0.122073,0.288544,0.322308,0.673910,0.735843
s2g19,2,1,4,Dave,Parsnip,0,0.027191,0.160954,0.281354,0.334233,0.629826,0.820693
s3g0,3,1,4,Charlie,Carrot,0,0.019416,0.157722,0.282844,0.333318,0.072681,0.395933
s3g1,3,1,4,Eve,Carrot,0,0.012432,0.055073,0.263438,0.294541,0.159208,0.442897
s3g2,3,1,4,Dave,Carrot,0,0.020005,0.088606,0.272810,0.307104,0.349493,0.493309
s3g3,3,1,4,Eve,Parsnip,0,0.004810,0.039326,0.239724,0.288353,0.212925,0.408104
s3g4,3,1,4,Bob,Carrot,0,0.059245,0.065322,0.318797,0.299291,0.086009,0.465722
s3g5,3,1,4,Charlie,Carrot,0,0.036819,0.089951,0.298644,0.312894,0.074550,0.476433
s3g6,3,1,4,Dave,Carrot,0,0.343392,0.263421,0.383105,0.352634,0.087219,0.486078
s3g7,3,1,4,Dave,Carrot,0,0.247531,0.124898,0.351533,0.320249,0.241548,0.496321
s3g8,3,1,4,Charlie,Carrot,0,0.784329,0.388229,0.434798,0.371467,0.320081,0.515477
s3g9,3,1,4,Alice,Carrot,0,0.032987,0.088566,0.300610,0.320160,0.174079,0.351016
s3g10,3,1,4,Alice,Carrot,0,0.041947,0.104151,0.303850,0.315796,0.089973,0.463193
s3g11,3,1,4,Alice,Carrot,0,0.267974,0.337811,0.360538,0.363427,0.176500,0.419911
s3g12,3,1,4,Dave,Carrot,0,0.008485,0.043660,0.256692,0.288822,0.196540,0.491933
s3g13,3,1,4,Eve,Carrot,0,0.090466,0.118400,0.330605,0.320195,0.053415,0.446607
s3g14,3,1,4,Charlie,Carrot,0,0.010732,0.043701,0.270515,0.289762,0.089180,0.408325
s3g15,3,1,4,Eve,Parsnip,0,0.016465,0.082795,0.272574,0.309740,0.128685,0.395298
s3g16,3,1,4,Dave,Carrot,0,0.062081,0.080509,0.308756,0.307483,0.178333,0.417318
s3g17,3,1,4,Bob,Parsnip,0,0.002897,0.070105,0.237001,0.305470,0.062727,0.550018
s3g18,3,1,4,Alice,Carrot,0,0.010287,0.044534,0.258805,0.290096,0.205568,0.426686
s3g19,3,1,4,Charlie,Carrot,0,0.120849,0.167256,0.340014,0.332587,0.109743,0.391055
s4g0,4,1,4,Charlie,Carrot,0,0.121597,0.147046,0.331078,0.332282,0.065406,0.051729
s4g1,4,1,4,Eve,Carrot,0,0.020972,0.084093,0.277127,0.308315,0.064573,0.059437
s4g2,4,1,4,Charlie,Carrot,0,0.003675,0.043143,0.240918,0.289428,0.072406,0.064801
s4g3,4,1,4,Charlie,Carrot,0,0.013582,0.058054,0.272649,0.298502,0.069485,0.061244
s4g4,4,1,4,Dave,Carrot,0,0.038118,0.082146,0.296823,0.307507,0.160706,0.093117
s4g5,4,1,4,Dave,Carrot,0,0.004052,0.038330,0.233632,0.284995,0.034898,0.069539
s4g6,4,1,4,Bob,Carrot,0,0.013106,0.089136,0.265609,0.309788,0.038886,0.062693
s4g7,4,1,4,Alice,Parsnip,0,0.004727,0.038684,0.238497,0.286318,0.062683,0.075208
s4g8,4,1,4,Alice,Carrot,0,0.023228,0.033213,0.292287,0.286671,0.034766,0.053886
s4g9,4,1,4,Bob,Carrot,0,0.037370,0.163736,0.310858,0.331604,0.103331,0.085531
s4g10,4,1,4,Dave,Carrot,0,0.005539,0.028905,0.243934,0.278323,0.131654,0.077337
s4g11,4,1,4,Charlie,Carrot,0,0.042889,0.092014,0.303878,0.313288,0.073539,0.051037
s4g12,4,1,4,Alice,Parsnip,0,0.015918,0.092791,0.266190,0.313217,0.166923,0.112408
s4g13,4,1,4,Eve,Carrot,0,0.120169,0.091259,0.330388,0.312801,0.110874,0.069317
s4g14,4,1,4,Eve,Parsnip,0,0.009985,0.071191,0.253317,0.305805,0.046885,0.037532
s4g15,4,1,4,Bob,Carrot,0,0.012006,0.110530,0.270079,0.322120,0.075165,0.078804
s4g16,4,1,4,Alice,Parsnip,0,0.003250,0.040338,0.234558,0.284238,0.089656,0.064681
s4g17,4,1,4,Alice,Carrot,0,0.024137,0.041282,0.276713,0.288683,0.125118,0.081630
s4g18,4,1,4,Dave,Carrot,0,0.025273,0.105840,0.276901,0.314736,0.080927,0.080118
s4g19,4,1,4,Eve,Carrot,0,0.411798,0.224947,0.381023,0.341250,0.068440,0.085638
s0g0,0,2,0,Charlie,Carrot,0,0.252939,0.200899,0.367451,0.337365,0.489339,0.299983
s0g1,0,2,0,Dave,Carrot,0,0.039812,0.102193,0.302895,0.314905,0.529143,0.291806
s0g2,0,2,0,Dave,Parsnip,0,0.005233,0.053354,0.242849,0.301686,0.670511,0.412067
s0g3,0,2,0,Dave,Parsnip,0,0.252216,0.190483,0.346226,0.338890,0.465874,0.362318
s0g4,0,2,0,Dave,Carrot,0,0.048883,0.085066,0.307441,0.308816,0.514019,0.325502
s0g5,0,2,0,Dave,Carrot,0,0.127315,0.079924,0.323558,0.306995,0.473078,0.329722
s0g6,0,2,0,Dave,Carrot,0,0.055282,0.074250,0.305796,0.305321,0.415596,0.295677
s0g7,0,2,0,Alice,Parsnip,0,0.002560,0.082843,0.221997,0.309157,0.435663,0.332621
s0g8,0,2,0,Eve,Carrot,0,0.033148,0.093752,0.304309,0.307199,0.685170,0.485535
s0g9,0,2,0,Dave,Carrot,0,0.015950,0.046258,0.267702,0.290495,0.539372,0.303007
s0g10,0,2,0,Eve,Parsnip,0,0.007560,0.031609,0.238674,0.280420,0.521813,0.357047
s0g11,0,2,0,Bob,Carrot,0,0.007920,0.053147,0.263841,0.295919,0.454262,0.286644
s0g12,0,2,0,Bob,Carrot,0,0.345915,0.121447,0.375325,0.319006,0.474416,0.280975
s0g13,0,2,0,Charlie,Carrot,0,0.015265,0.041414,0.268213,0.287063,0.412996,0.304037
s0g14,0,2,0,Dave,Carrot,0,0.080853,0.101439,0.324417,0.314020,0.364480,0.253523
s0g15,0,2,0,Charlie,Carrot,0,0.088444,0.149724,0.318295,0.327662,0.358447,0.309993
s0g16,0,2,0,Alice,Carrot,0,0.032305,0.055856,0.295377,0.294509,0.426624,0.275492
s0g17,0,2,0,Alice,Carrot,0,0.095081,0.078901,0.330410,0.306458,0.441037,0.262005
s0g18,0,2,0,Bob,Parsnip,0,0.190424,0.290674,0.344376,0.357694,0.723183,0.348660
s0g19,0,2,0,Dave,Parsnip,0,0.012871,0.072197,0.265542,0.306974,0.523335,0.312469
s1g0,1,2,0,Dave,Carrot,0,0.036370,0.068737,0.290992,0.298571,0.931091,0.906530
s1g1,1,2,0,Eve,Carrot,0,0.009529,0.040653,0.269288,0.287885,0.942645,0.907484
s1g2,1,2,0,Alice,Carrot,0,0.033644,0.079550,0.288192,0.307191,0.968176,0.935666
s1g3,1,2,0,Eve,Carrot,0,0.159781,0.114439,0.341406,0.318539,0.908246,0.924366
s1g4,1,2,0,Alice,Carrot,0,0.111676,0.156395,0.331404,0.328745,0.922926,0.903991
s1g5,1,2,0,Alice,Carrot,0,0.030679,0.072729,0.283756,0.302303,0.915805,0.920491
s1g6,1,2,0,Bob,Carrot,0,0.006091,0.040219,0.250551,0.285251,0.941857,0.923032
s1g7,1,2,0,Charlie,Carrot,0,0.372835,0.262396,0.380106,0.347703,0.931225,0.931577
s1g8,1,2,0,Bob,Carrot,0,0.098093,0.110783,0.329033,0.317030,0.942623,0.921592
s1g9,1,2,0,Charlie,Parsnip,0,0.004117,0.038031,0.228529,0.284690,0.966567,0.932459
s1g10,1,2,0,Eve,Parsnip,0,0.002780,0.041373,0.224710,0.287891,0.944942,0.935695
s1g11,1,2,0,Alice,Carrot,0,0.126867,0.126371,0.332422,0.322103,0.875742,0.911297
s1g12,1,2,0,Bob,Carrot,0,0.098900,0.097433,0.317675,0.311699,0.908544,0.895546
s1g13,1,2,0,Eve,Carrot,0,0.067939,0.100924,0.321693,0.314823,0.880243,0.899895
s1g14,1,2,0,Eve,Parsnip,0,0.002681,0.085092,0.219095,0.308111,0.936996,0.932064
s1g15,1,2,0,Bob,Carrot,0,0.019324,0.055857,0.281587,0.295611,0.951674,0.917603
s1g16,1,2,0,Charlie,Parsnip,0,0.001747,0.029921,0.210336,0.279075,0.964939,0.944936
s1g17,1,2,0,Bob,Carrot,0,0.356454,0.155491,0.375488,0.329309,0.943533,0.910781
s1g18,1,2,0,Alice,Carrot,0,0.021764,0.051395,0.271547,0.292769,0.905086,0.918606
s1g19,1,2,0,Bob,Carrot,0,0.039394,0.219824,0.304321,0.342232,0.918223,0.903764
s2g0,2,2,0,Alice,Parsnip,0,0.008689,0.090065,0.254562,0.309110,0.834253,0.885857
s2g1,2,2,0,Bob,Carrot,0,0.114762,0.181728,0.329619,0.334091,0.853116,0.858199
s2g2,2,2,0,Bob,Parsnip,0,0.023148,0.111670,0.276109,0.321531,0.726061,0.892693
s2g3,2,2,0,Bob,Carrot,0,0.031843,0.076647,0.288454,0.302932,0.907103,0.886908
s2g4,2,2,0,Charlie,Carrot,0,0.231932,0.123344,0.354601,0.320810,0.911275,0.873215
s2g5,2,2,0,Dave,Carrot,0,0.162610,0.225071,0.348224,0.337258,0.586667,0.858625
s2g6,2,2,0,Bob,Carrot,0,0.037699,0.250916,0.305232,0.346117,0.830910,0.850140
s2g7,2,2,0,Bob,Carrot,0,0.097868,0.107477,0.321824,0.316756,0.628155,0.810924
s2g8,2,2,0,Eve,Carrot,0,0.514430,0.221542,0.395695,0.346550,0.823777,0.835240
s2g9,2,2,0,Dave,Carrot,0,0.013649,0.033675,0.255902,0.280920,0.830165,0.821101
s2g10,2,2,0,Dave,Carrot,0,0.032164,0.102804,0.296306,0.316033,0.803651,0.869833
s2g11,2,2,0,Eve,Parsnip,0,0.003550,0.020166,0.226916,0.264491,0.705677,0.765525
s2g12,2,2,0,Alice,Carrot,0,0.070334,0.104440,0.319413,0.313730,0.708118,0.865893
s2g13,2,2,0,Dave,Carrot,0,0.009724,0.052226,0.263643,0.298073,0.696725,0.802163
s2g14,2,2,0,Alice,Parsnip,0,0.016832,0.082130,0.264311,0.309584,0.779557,0.831650
s2g15,2,2,0,Charlie,Carrot,0,0.025895,0.056757,0.294620,0.302191,0.650418,0.799910
s2g16,2,2,0,Dave,Carrot,0,0.060825,0.067181,0.302453,0.301527,0.788875,0.834000
s2g17,2,2,0,Dave,Carrot,0,0.017227,0.064175,0.273027,0.297815,0.581381,0.850122
s2g18,2,2,0,Dave,Carrot,0,0.354051,0.143083,0.382802,0.327380,0.769483,0.806246
s2g19,2,2,0,Charlie,Carrot,0,0.022664,0.064053,0.273168,0.297890,0.552484,0.774953
s3g0,3,2,0,Alice,Carrot,0,0.046742,0.137906,0.301647,0.327210,0.185643,0.455389
s3g1,3,2,0,Dave,Carrot,0,0.046488,0.095880,0.311959,0.314020,0.100823,0.404829
s3g2,3,2,0,Eve,Carrot,0,0.039482,0.047481,0.301538,0.288862,0.069695,0.381063
s3g3,3,2,0,Dave,Carrot,0,0.008752,0.046892,0.258699,0.290909,0.288006,0.546496
s3g4,3,2,0,Alice,Carrot,0,0.018834,0.049792,0.277318,0.292666,0.141199,0.382826
s3g5,3,2,0,Dave,Carrot,0,0.023152,0.110887,0.285268,0.320604,0.171060,0.486592
s3g6,3,2,0,Alice,Carrot,0,0.011548,0.027549,0.268587,0.277371,0.087588,0.390552
s3g7,3,2,0,Eve,Carrot,0,0.008271,0.069095,0.262744,0.301519,0.191712,0.455607
s3g8,3,2,0,Alice,Carrot,0,0.117237,0.168944,0.323780,0.331816,0.162067,0.438959
s3g9,3,2,0,Dave,Carrot,0,0.305435,0.177522,0.364505,0.333465,0.148501,0.494908
s3g10,3,2,0,Bob,Carrot,0,0.014426,0.078515,0.273146,0.305819,0.337003,0.513802
s3g11,3,2,0,Charlie,Carrot,0,0.033619,0.104042,0.297663,0.317085,0.140679,0.390503
s3g12,3,2,0,Bob,Carrot,0,0.036118,0.075653,0.289267,0.303311,0.375616,0.500148
s3g13,3,2,0,Dave,Carrot,0,0.018283,0.063170,0.276210,0.299248,0.199528,0.418737
s3g14,3,2,0,Eve,Carrot,0,0.253454,0.128608,0.350215,0.320929,0.313411,0.568078
s3g15,3,2,0,Alice,Carrot,0,0.013972,0.054147,0.271419,0.294824,0.089331,0.485935
s3g16,3,2,0,Alice,Parsnip,0,0.060098,0.137965,0.301820,0.325198,0.275241,0.541964
s3g17,3,2,0,Eve,Carrot,0,0.048428,0.092051,0.299856,0.313450,0.167431,0.437580
s3g18,3,2,0,Charlie,Parsnip,0,0.004430,0.028647,0.228095,0.276804,0.222419,0.476254
s3g19,3,2,0,Bob,Parsnip,0,0.028761,0.081571,0.275515,0.307634,0.132814,0.460717
s4g0,4,2,0,Dave,Parsnip,0,0.051013,0.104216,0.301956,0.317730,0.186279,0.108703
s4g1,4,2,0,Charlie,Parsnip,0,0.004174,0.073069,0.229746,0.306084,0.088896,0.066154
s4g2,4,2,0,Dave,Parsnip,0,0.001899,0.045439,0.222140,0.291790,0.109344,0.095277
s4g3,4,2,0,Dave,Parsnip,0,0.017728,0.173399,0.273646,0.340447,0.074313,0.045477
s4g4,4,2,0,Alice,Parsnip,0,0.033190,0.109567,0.280654,0.318430,0.065109,0.076394
s4g5,4,2,0,Bob,Parsnip,0,0.013550,0.067327,0.266672,0.301049,0.296637,0.097891
s4g6,4,2,0,Dave,Carrot,0,0.283653,0.114932,0.373258,0.310472,0.013047,0.083235
s4g7,4,2,0,Dave,Carrot,0,0.068345,0.062459,0.304614,0.298250,0.070004,0.072422
s4g8,4,2,0,Eve,Parsnip,0,0.006316,0.038649,0.241305,0.287154,0.137133,0.082257
s4g9,4,2,0,Eve,Carrot,0,0.007043,0.079923,0.261277,0.308976,0.072401,0.074227
s4g10,4,2,0,Eve,Carrot,0,0.018096,0.045682,0.275182,0.289422,0.092494,0.087565
s4g11,4,2,0,Alice,Carrot,0,0.232853,0.123055,0.360337,0.320673,0.023865,0.083701
s4g12,4,2,0,Charlie,Carrot,0,0.009005,0.082050,0.261296,0.311202,0.098722,0.071392
s4g13,4,2,0,Charlie,Carrot,0,0.082037,0.104056,0.329210,0.319787,0.189559,0.083035
s4g14,4,2,0,Charlie,Carrot,0,0.007945,0.030902,0.255421,0.280942,0.085062,0.090778
s4g15,4,2,0,Charlie,Carrot,0,0.032900,0.110467,0.294636,0.318517,0.201597,0.091165
s4g16,4,2,0,Eve,Carrot,0,0.040764,0.085002,0.300337,0.307831,0.082799,0.080230
s4g17,4,2,0,Charlie,Carrot,0,0.014968,0.043485,0.274002,0.290904,0.099508,0.068937
s4g18,4,2,0,Alice,Parsnip,0,0.070036,0.156453,0.307090,0.330192,0.087300,0.086937
s4g19,4,2,0,Charlie,Parsnip,0,0.026715,0.095932,0.284900,0.315611,0.140801,0.075845
s0g0,0,2,1,Bob,Carrot,0,0.063615,0.077184,0.320760,0.307074,0.561873,0.318034
s0g1,0,2,1,Bob,Carrot,0,0.196020,0.120158,0.357949,0.321716,0.469082,0.264183
s0g2,0,2,1,Alice,Carrot,0,0.421884,0.128205,0.387314,0.328985,0.538106,0.443868
s0g3,0,2,1,Bob,Carrot,0,0.020885,0.045835,0.288479,0.290523,0.607778,0.329535
s0g4,0,2,1,Bob,Parsnip,0,0.002861,0.097962,0.224524,0.315387,0.649771,0.306970
s0g5,0,2,1,Bob,Carrot,0,0.051886,0.149625,0.314912,0.328877,0.436369,0.289789
s0g6,0,2,1,Alice,Carrot,0,0.130752,0.431337,0.329608,0.373083,0.681419,0.428463
s0g7,0,2,1,Dave,Carrot,0,0.008115,0.069475,0.261267,0.301264,0.554224,0.292923
s0g8,0,2,1,Bob,Carrot,0,0.027413,0.070104,0.289563,0.302360,0.439185,0.278144
s0g9,0,2,1,Bob,Carrot,0,0.002217,0.038784,0.234300,0.284860,0.560006,0.364020
s0g10,0,2,1,Charlie,Carrot,0,0.017186,0.057935,0.278426,0.297430,0.628417,0.322127
s0g11,0,2,1,Alice,Carrot,0,0.020795,0.052588,0.280799,0.294936,0.400910,0.335875
s0g12,0,2,1,Eve,Carrot,0,0.085011,0.136497,0.315801,0.326696,0.423943,0.502990
s0g13,0,2,1,Eve,Carrot,0,0.008094,0.039950,0.256151,0.285002,0.408169,0.274103
s0g14,0,2,1,Charlie,Carrot,0,0.089096,0.165861,0.327295,0.333943,0.703508,0.347324
s0g15,0,2,1,Alice,Parsnip,0,0.004951,0.073898,0.237643,0.306031,0.469901,0.257206
s0g16,0,2,1,Bob,Parsnip,0,0.003649,0.047837,0.230696,0.290539,0.528559,0.290995
s0g17,0,2,1,Eve,Parsnip,0,0.011351,0.069749,0.253454,0.305024,0.550204,0.310156
s0g18,0,2,1,Eve,Carrot,0,0.312488,0.198236,0.361942,0.339679,0.598322,0.330725
s0g19,0,2,1,Charlie,Carrot,0,0.098006,0.160387,0.327022,0.330293,0.669537,0.296612
s1g0,1,2,1,Alice,Parsnip,0,0.014771,0.053698,0.261455,0.293903,0.925526,0.924490
s1g1,1,2,1,Dave,Carrot,0,0.008262,0.107336,0.264601,0.316234,0.944152,0.926776
s1g2,1,2,1,Eve,Parsnip,0,0.061998,0.130455,0.298994,0.320779,0.912135,0.931127
s1g3,1,2,1,Bob,Carrot,0,0.025552,0.108286,0.289756,0.316349,0.920902,0.919223
s1g4,1,2,1,Charlie,Carrot,0,0.622401,0.407273,0.405539,0.368054,0.780217,0.910647
s1g5,1,2,1,Eve,Carrot,0,0.024543,0.153156,0.277939,0.326732,0.961604,0.930026
s1g6,1,2,1,Eve,Carrot,0,0.022798,0.040845,0.274605,0.287602,0.940803,0.917020
s1g7,1,2,1,Alice,Carrot,0,0.077628,0.201775,0.316730,0.340732,0.928294,0.920810
s1g8,1,2,1,Dave,Carrot,0,0.101996,0.176562,0.330895,0.333899,0.906150,0.919390
s1g9,1,2,1,Alice,Carrot,0,0.479124,0.353164,0.389450,0.364174,0.932762,0.915152
s1g10,1,2,1,Alice,Carrot,0,0.248491,0.144143,0.357396,0.323323,0.863240,0.928667
s1g11,1,2,1,Charlie,Carrot,0,0.051208,0.078482,0.306167,0.312865,0.854187,0.906630
s1g12,1,2,1,Charlie,Carrot,0,0.539275,0.183568,0.383234,0.333514,0.960227,0.919057
s1g13,1,2,1,Bob,Carrot,0,0.023971,0.091974,0.290981,0.313789,0.925451,0.912195
s1g14,1,2,1,Dave,Carrot,0,0.216459,0.094936,0.347587,0.311861,0.922075,0.916373
s1g15,1,2,1,Alice,Parsnip,0,0.004540,0.051123,0.232407,0.295603,0.982388,0.946408
s1g16,1,2,1,Dave,Carrot,0,0.069034,0.138385,0.317904,0.326873,0.969455,0.917396
s1g17,1,2,1,Charlie,Carrot,0,0.050422,0.127164,0.317347,0.324415,0.920109,0.921754
s1g18,1,2,1,Bob,Carrot,0,0.084323,0.142075,0.325338,0.325998,0.937181,0.916747
s1g19,1,2,1,Alice,Carrot,0,0.046886,0.104727,0.299728,0.315925,0.944044,0.910554
s2g0,2,2,1,Dave,Carrot,0,0.004084,0.063072,0.250208,0.300506,0.620739,0.829965
s2g1,2,2,1,Alice,Carrot,0,0.096926,0.117968,0.321562,0.318013,0.885770,0.879336
s2g2,2,2,1,Charlie,Carrot,0,0.157860,0.113862,0.340080,0.318371,0.832285,0.848321
s2g3,2,2,1,Dave,Carrot,0,0.200045,0.171695,0.346371,0.332111,0.772134,0.849473
s2g4,2,2,1,Dave,Carrot,0,0.165688,0.104432,0.343298,0.313808,0.781101,0.827416
s2g5,2,2,1,Eve,Carrot,0,0.160296,0.196780,0.336536,0.337185,0.752461,0.829315
s2g6,2,2,1,Charlie,Carrot,0,0.328141,0.220814,0.382320,0.342902,0.796588,0.829413
s2g7,2,2,1,Eve,Carrot,0,0.051614,0.094642,0.308298,0.311827,0.562978,0.806366
s2g8,2,2,1,Charlie,Carrot,0,0.006091,0.040722,0.248980,0.289870,0.542048,0.733108
s2g9,2,2,1,Charlie,Carrot,0,0.003564,0.029035,0.236291,0.279172,0.706331,0.805658
s2g10,2,2,1,Eve,Carrot,0,0.005706,0.073301,0.248629,0.302537,0.498299,0.818060
s2g11,2,2,1,Bob,Carrot,0,0.005637,0.044786,0.240386,0.289050,0.616897,0.756026
s2g12,2,2,1,Bob,Parsnip,0,0.006700,0.057806,0.246307,0.298244,0.745300,0.825912
s2g13,2,2,1,Alice,Parsnip,0,0.018976,0.099236,0.269255,0.314126,0.760509,0.836218
s2g14,2,2,1,Eve,Carrot,0,0.017508,0.038942,0.268855,0.285737,0.635803,0.734143
s2g15,2,2,1,Dave,Parsnip,0,0.004043,0.050519,0.234293,0.299031,0.767769,0.858340
s2g16,2,2,1,Eve,Carrot,0,0.003645,0.047386,0.225588,0.289059,0.574436,0.761637
s2g17,2,2,1,Bob,Carrot,0,0.010749,0.048861,0.263994,0.292667,0.612426,0.823092
s2g18,2,2,1,Charlie,Carrot,0,0.031670,0.071322,0.298093,0.303698,0.612723,0.770853
s2g19,2,2,1,Dave,Parsnip,0,0.016477,0.055993,0.263088,0.295565,0.716754,0.806285
s3g0,3,2,1,Charlie,Carrot,0,0.009731,0.042965,0.261676,0.289784,0.086124,0.344174
s3g1,3,2,1,Charlie,Carrot,0,0.008809,0.047181,0.260941,0.292784,0.069784,0.367177
s3g2,3,2,1,Bob,Carrot,0,0.140785,0.124858,0.339889,0.320366,0.084856,0.469591
s3g3,3,2,1,Charlie,Carrot,0,0.019240,0.060138,0.273875,0.303675,0.205162,0.563548
s3g4,3,2,1,Eve,Carrot,0,0.010682,0.046593,0.264433,0.289344,0.088678,0.392656
s3g5,3,2,1,Charlie,Carrot,1,0.027251,0.165124,0.327551,0.333520,0.134175,0.429437
s3g6,3,2,1,Charlie,Carrot,0,0.002490,0.098152,0.230180,0.315308,0.075967,0.425824
s3g7,3,2,1,Bob,Carrot,0,0.004134,0.045931,0.238270,0.287769,0.210590,0.532891
s3g8,3,2,1,Bob,Parsnip,0,0.092080,0.147855,0.315335,0.330657,0.222917,0.479445
s3g9,3,2,1,Alice,Carrot,0,0.075251,0.130357,0.317126,0.324083,0.167112,0.519559
s3g10,3,2,1,Eve,Parsnip,0,0.015543,0.065880,0.259577,0.299599,0.133439,0.406140
s3g11,3,2,1,Dave,Parsnip,0,0.010794,0.140964,0.261704,0.328818,0.152847,0.526906
s3g12,3,2,1,Alice,Parsnip,0,0.003523,0.035873,0.229218,0.282592,0.163394,0.443199
s3g13,3,2,1,Charlie,Parsnip,0,0.099425,0.173035,0.320401,0.339067,0.515224,0.424653
s3g14,3,2,1,Dave,Carrot,0,0.035454,0.138766,0.290832,0.324863,0.145641,0.429887
s3g15,3,2,1,Dave,Carrot,0,0.006340,0.053766,0.254091,0.298739,0.070567,0.457598
s3g16,3,2,1,Bob,Carrot,0,0.049328,0.154244,0.315694,0.328500,0.366061,0.372938
s3g17,3,2,1,Alice,Carrot,0,0.176305,0.198948,0.349211,0.340146,0.126459,0.402440
s3g18,3,2,1,Dave,Carrot,0,0.044498,0.101652,0.304412,0.315895,0.102389,0.458081
s3g19,3,2,1,Dave,Carrot,0,0.352250,0.326217,0.386763,0.353334,0.184404,0.464390
s4g0,4,2,1,Bob,Carrot,0,0.076361,0.126530,0.314352,0.323137,0.174097,0.097687
s4g1,4,2,1,Eve,Carrot,0,0.107478,0.097832,0.325758,0.312064,0.096775,0.072674
s4g2,4,2,1,Eve,Carrot,0,0.004468,0.041255,0.231545,0.285653,0.080571,0.074720
s4g3,4,2,1,Eve,Carrot,0,0.340608,0.156320,0.372948,0.330346,0.045585,0.100014
s4g4,4,2,1,Eve,Carrot,0,0.413191,0.441979,0.382521,0.374148,0.070294,0.068359
s4g5,4,2,1,Dave,Carrot,0,0.025933,0.082673,0.286307,0.306971,0.042317,0.075622
s4g6,4,2,1,Charlie,Carrot,0,0.021008,0.105752,0.277475,0.313799,0.066080,0.071843
s4g7,4,2,1,Alice,Parsnip,0,0.006420,0.099884,0.247781,0.315841,0.098720,0.067537
s4g8,4,2,1,Alice,Carrot,0,0.032666,0.067188,0.290251,0.304025,0.092965,0.075772
s4g9,4,2,1,Bob,Carrot,0,0.011863,0.044657,0.266416,0.294023,0.088346,0.070625
s4g10,4,2,1,Alice,Carrot,0,0.013314,0.082819,0.266336,0.307978,0.025416,0.079724
s4g11,4,2,1,Bob,Parsnip,0,0.065999,0.118041,0.311405,0.325363,0.087997,0.076521
s4g12,4,2,1,Alice,Parsnip,0,0.042991,0.142953,0.291701,0.330468,0.082670,0.092988
s4g13,4,2,1,Dave,Carrot,0,0.482062,0.503379,0.385097,0.383411,0.115679,0.117711
s4g14,4,2,1,Eve,Parsnip,0,0.021425,0.086781,0.270137,0.312101,0.070377,0.082968
s4g15,4,2,1,Dave,Carrot,0,0.008566,0.054485,0.257685,0.294537,0.099602,0.102962
s4g16,4,2,1,Alice,Parsnip,0,0.007329,0.062079,0.250888,0.302202,0.135760,0.090794
s4g17,4,2,1,Alice,Carrot,0,0.004460,0.018770,0.251363,0.267982,0.038638,0.056296
s4g18,4,2,1,Charlie,Carrot,0,0.057701,0.137116,0.305734,0.324977,0.094354,0.080675
s4g19,4,2,1,Eve,Carrot,0,0.542264,0.248537,0.399177,0.350389,0.047511,0.057162
s0g0,0,2,2,Alice,Carrot,0,0.060759,0.049804,0.316468,0.294446,0.544257,0.304393
s0g1,0,2,2,Alice,Carrot,0,0.156691,0.110372,0.350275,0.317908,0.512396,0.246833
s0g2,0,2,2,Eve,Carrot,0,0.037593,0.099881,0.299449,0.313550,0.530057,0.297838
s0g3,0,2,2,Charlie,Carrot,0,0.059588,0.083261,0.324924,0.309613,0.645340,0.349932
s0g4,0,2,2,Charlie,Carrot,0,0.038740,0.068408,0.296162,0.303179,0.506568,0.325004
s0g5,0,2,2,Alice,Carrot,0,0.089772,0.109406,0.311649,0.314347,0.540311,0.298473
s0g6,0,2,2,Bob,Carrot,0,0.018707,0.163953,0.274981,0.332909,0.291769,0.273980
s0g7,0,2,2,Bob,Carrot,0,0.007239,0.071267,0.256563,0.302494,0.360451,0.273967
s0g8,0,2,2,Dave,Carrot,0,0.009562,0.088954,0.262537,0.308966,0.543776,0.312820
s0g9,0,2,2,Charlie,Carrot,0,0.015100,0.038893,0.289086,0.286244,0.584281,0.264445
s0g10,0,2,2,Alice,Carrot,0,0.208904,0.108949,0.368731,0.320564,0.536059,0.312484
s0g11,0,2,2,Dave,Parsnip,0,0.014651,0.072970,0.267911,0.305869,0.496138,0.249746
s0g12,0,2,2,Dave,Carrot,0,0.114246,0.155672,0.325310,0.329815,0.678068,0.297373
s0g13,0,2,2,Alice,Carrot,0,0.007424,0.034823,0.266045,0.284060,0.523160,0.288175
s0g14,0,2,2,Eve,Carrot,0,0.164271,0.198056,0.342248,0.336269,0.492459,0.281357
s0g15,0,2,2,Eve,Carrot,0,0.010469,0.093444,0.257581,0.312931,0.370721,0.269331
s0g16,0,2,2,Eve,Carrot,0,0.012980,0.070398,0.265867,0.300844,0.670190,0.462324
s0g17,0,2,2,Dave,Carrot,0,0.004411,0.046763,0.235950,0.289789,0.589897,0.295095
s0g18,0,2,2,Alice,Carrot,0,0.175867,0.089042,0.348008,0.312630,0.685982,0.357394
s0g19,0,2,2,Alice,Carrot,0,0.039940,0.104987,0.303059,0.315729,0.618310,0.314705
s1g0,1,2,2,Bob,Carrot,0,0.053659,0.073369,0.304371,0.303339,0.962894,0.938409
s1g1,1,2,2,Bob,Carrot,0,0.004196,0.045194,0.257765,0.293799,0.955407,0.918135
s1g2,1,2,2,Bob,Carrot,0,0.446172,0.168114,0.389931,0.331163,0.900061,0.916653
s1g3,1,2,2,Alice,Parsnip,0,0.073730,0.150105,0.315783,0.330956,0.968286,0.932375
s1g4,1,2,2,Eve,Carrot,0,0.012601,0.123064,0.266146,0.322550,0.914097,0.906495
s1g5,1,2,2,Charlie,Carrot,0,0.011855,0.109391,0.261681,0.315606,0.938179,0.933876
s1g6,1,2,2,Dave,Carrot,0,0.219244,0.149026,0.383415,0.331798,0.970959,0.935140
s1g7,1,2,2,Eve,Carrot,0,0.062093,0.226890,0.320957,0.344238,0.906429,0.922332
s1g8,1,2,2,Alice,Carrot,0,0.092039,0.112818,0.320271,0.318886,0.916370,0.917607
s1g9,1,2,2,Bob,Carrot,0,0.111630,0.131459,0.337963,0.324122,0.929972,0.921082
s1g10,1,2,2,Dave,Carrot,0,0.150775,0.200254,0.344836,0.340056,0.936143,0.922891
s1g11,1,2,2,Bob,Carrot,0,0.013692,0.045273,0.280515,0.289986,0.941525,0.924264
s1g12,1,2,2,Eve,Carrot,0,0.018844,0.111047,0.271817,0.315533,0.896430,0.899522
s1g13,1,2,2,Dave,Carrot,0,0.482669,0.231814,0.408693,0.342340,0.912402,0.931112
s1g14,1,2,2,Alice,Carrot,0,0.020815,0.103980,0.288356,0.315845,0.942362,0.921986
s1g15,1,2,2,Charlie,Carrot,0,0.013145,0.050201,0.275892,0.293792,0.956464,0.927085
s1g16,1,2,2,Alice,Carrot,0,0.127637,0.086762,0.343612,0.310290,0.868092,0.919133
s1g17,1,2,2,Alice,Carrot,0,0.010463,0.085381,0.269854,0.309751,0.928420,0.916285
s1g18,1,2,2,Charlie,Carrot,0,0.007486,0.125051,0.249626,0.319444,0.946922,0.912400
s1g19,1,2,2,Eve,Carrot,0,0.088353,0.073910,0.321857,0.303992,0.941028,0.922435
s2g0,2,2,2,Charlie,Carrot,0,0.006298,0.069061,0.249857,0.303159,0.751650,0.837319
s2g1,2,2,2,Dave,Carrot,0,0.037399,0.114348,0.299330,0.320155,0.879725,0.864644
s2g2,2,2,2,Eve,Carrot,0,0.037260,0.066729,0.293203,0.300288,0.756367,0.783629
s2g3,2,2,2,Charlie,Carrot,0,0.163571,0.168653,0.341914,0.328767,0.749505,0.835267
s2g4,2,2,2,Bob,Carrot,0,0.079088,0.098640,0.316718,0.312911,0.768970,0.804337
s2g5,2,2,2,Alice,Carrot,0,0.177657,0.334359,0.340444,0.356894,0.817386,0.831806
s2g6,2,2,2,Eve,Parsnip,0,0.036509,0.114297,0.294240,0.321982,0.684382,0.818767
s2g7,2,2,2,Dave,Carrot,0,0.020712,0.103019,0.280482,0.314811,0.535333,0.785525
s2g8,2,2,2,Bob,Carrot,0,0.019078,0.065718,0.278399,0.298778,0.604964,0.805615
s2g9,2,2,2,Bob,Carrot,0,0.005723,0.052282,0.239385,0.294339,0.670523,0.830694
s2g10,2,2,2,Alice,Carrot,0,0.003786,0.051961,0.245919,0.295497,0.567426,0.838738
s2g11,2,2,2,Dave,Carrot,0,0.074438,0.117539,0.320583,0.320964,0.681646,0.760987
s2g12,2,2,2,Dave,Carrot,0,0.212010,0.413740,0.355715,0.370065,0.864285,0.856503
s2g13,2,2,2,Eve,Carrot,0,0.244806,0.153418,0.365280,0.330088,0.773283,0.859114
s2g14,2,2,2,Charlie,Carrot,0,0.005260,0.040499,0.244558,0.288792,0.350734,0.769661
s2g15,2,2,2,Bob,Carrot,0,0.048542,0.097362,0.303346,0.315213,0.611966,0.832407
s2g16,2,2,2,Alice,Carrot,0,0.011932,0.066115,0.269766,0.301887,0.632326,0.824967
s2g17,2,2,2,Alice,Carrot,0,0.012145,0.063753,0.269797,0.298429,0.455568,0.801108
s2g18,2,2,2,Alice,Carrot,0,0.011611,0.068633,0.274888,0.302444,0.525595,0.831281
s2g19,2,2,2,Alice,Carrot,0,0.054459,0.077330,0.303454,0.303553,0.663628,0.783545
s3g0,3,2,2,Eve,Carrot,0,0.009726,0.079362,0.266247,0.310754,0.102108,0.421595
s3g1,3,2,2,Alice,Parsnip,0,0.046746,0.070281,0.298343,0.299920,0.433825,0.639796
s3g2,3,2,2,Charlie,Carrot,0,0.008284,0.051314,0.261657,0.295221,0.059035,0.357946
s3g3,3,2,2,Eve,Parsnip,0,0.128441,0.320018,0.328977,0.367896,0.163062,0.303480
s3g4,3,2,2,Bob,Carrot,0,0.011960,0.046852,0.268039,0.292049,0.073731,0.417013
s3g5,3,2,2,Alice,Parsnip,0,0.024899,0.078640,0.281747,0.307325,0.144268,0.593641
s3g6,3,2,2,Eve,Parsnip,0,0.003709,0.086999,0.232181,0.310578,0.125020,0.508030
s3g7,3,2,2,Dave,Carrot,0,0.008667,0.050478,0.257380,0.293287,0.117199,0.455399
s3g8,3,2,2,Eve,Carrot,0,0.015945,0.062322,0.275767,0.300810,0.090471,0.458847
s3g9,3,2,2,Charlie,Parsnip,0,0.027364,0.130441,0.286532,0.323554,0.253226,0.606195
s3g10,3,2,2,Alice,Carrot,0,0.058887,0.142054,0.299861,0.322076,0.139448,0.474505
s3g11,3,2,2,Alice,Carrot,0,0.033931,0.078943,0.294451,0.307759,0.079070,0.441928
s3g12,3,2,2,Charlie,Carrot,0,0.032569,0.078214,0.290474,0.304441,0.149362,0.447025
s3g13,3,2,2,Bob,Carrot,0,0.081541,0.120102,0.317014,0.320010,0.246073,0.526436
s3g14,3,2,2,Alice,Carrot,0,0.160015,0.120090,0.343424,0.319626,0.077772,0.467464
s3g15,3,2,2,Eve,Parsnip,0,0.053870,0.088998,0.297801,0.308205,0.178529,0.400083
s3g16,3,2,2,Dave,Carrot,0,0.006986,0.075820,0.263125,0.304080,0.070882,0.500131
s3g17,3,2,2,Dave,Carrot,0,0.112173,0.114428,0.347505,0.322570,0.057915,0.480788
s3g18,3,2,2,Bob,Carrot,0,0.019778,0.058767,0.276192,0.299392,0.144698,0.412604
s3g19,3,2,2,Eve,Carrot,0,0.051700,0.105939,0.315719,0.318331,0.091822,0.416333
s4g0,4,2,2,Eve,Carrot,0,0.021324,0.049313,0.286259,0.293378,0.108630,0.067945
s4g1,4,2,2,Alice,Carrot,0,0.020140,0.083469,0.281954,0.309043,0.092241,0.073273
s4g2,4,2,2,Bob,Carrot,0,0.116111,0.143680,0.339445,0.329303,0.059246,0.070194
s4g3,4,2,2,Charlie,Carrot,0,0.243116,0.151161,0.358735,0.330413,0.152143,0.072447
s4g4,4,2,2,Dave,Carrot,0,0.305905,0.199153,0.364398,0.337168,0.253254,0.124325
s4g5,4,2,2,Alice,Carrot,0,0.260167,0.146413,0.360769,0.328923,0.141173,0.100777
s4g6,4,2,2,Bob,Carrot,0,0.006621,0.055249,0.254677,0.297964,0.099840,0.070022
s4g7,4,2,2,Bob,Carrot,0,0.007057,0.083119,0.259683,0.309486,0.018679,0.072202
s4g8,4,2,2,Dave,Carrot,0,0.013056,0.051103,0.270245,0.295608,0.084253,0.084255
s4g9,4,2,2,Charlie,Parsnip,0,0.083261,0.220958,0.327678,0.347593,0.272394,0.096849
s4g10,4,2,2,Charlie,Carrot,0,0.825713,0.396780,0.432148,0.370911,0.240079,0.074198
s4g11,4,2,2,Eve,Carrot,0,0.057301,0.160690,0.320099,0.330019,0.100433,0.104695
s4g12,4,2,2,Bob,Carrot,0,0.042264,0.136656,0.297514,0.325404,0.097619,0.075113
s4g13,4,2,2,Alice,Parsnip,0,0.078276,0.131486,0.310648,0.323655,0.052481,0.104462
s4g14,4,2,2,Dave,Carrot,0,0.009085,0.056672,0.254485,0.299439,0.145269,0.095676
s4g15,4,2,2,Alice,Carrot,0,0.275121,0.150510,0.378089,0.328869,0.135945,0.127829
s4g16,4,2,2,Bob,Carrot,0,0.053296,0.113150,0.305609,0.318770,0.027074,0.079809
s4g17,4,2,2,Bob,Carrot,0,0.019621,0.042089,0.277779,0.293612,0.040068,0.047197
s4g18,4,2,2,Bob,Carrot,0,0.012215,0.085194,0.267495,0.306724,0.061213,0.089663
s4g19,4,2,2,Dave,Carrot,0,0.007800,0.083696,0.265013,0.310208,0.084384,0.097267
s0g0,0,2,3,Eve,Carrot,0,0.073193,0.057704,0.333502,0.301600,0.576132,0.380866
s0g1,0,2,3,Charlie,Parsnip,0,0.102876,0.120850,0.327331,0.322588,0.554121,0.251096
s0g2,0,2,3,Bob,Carrot,0,0.019485,0.076923,0.284924,0.305889,0.503065,0.290228
s0g3,0,2,3,Eve,Carrot,0,0.448440,0.155111,0.381650,0.330798,0.410114,0.382338
s0g4,0,2,3,Eve,Carrot,0,0.027772,0.080241,0.295696,0.309293,0.582880,0.336639
s0g5,0,2,3,Charlie,Carrot,0,0.117650,0.160826,0.336323,0.329266,0.432875,0.318524
s0g6,0,2,3,Eve,Parsnip,0,0.061142,0.081607,0.309415,0.306535,0.240259,0.272783
s0g7,0,2,3,Charlie,Carrot,0,0.113088,0.118910,0.341244,0.319579,0.741715,0.337802
s0g8,0,2,3,Charlie,Parsnip,0,0.160839,0.105115,0.343142,0.320347,0.427690,0.351390
s0g9,0,2,3,Eve,Carrot,0,0.028338,0.081288,0.300093,0.303290,0.602200,0.576507
s0g10,0,2,3,Bob,Carrot,0,0.011779,0.062011,0.272089,0.301588,0.603623,0.328593
s0g11,0,2,3,Charlie,Carrot,0,0.563440,0.195043,0.387439,0.335275,0.196127,0.287244
s0g12,0,2,3,Alice,Carrot,0,0.049856,0.074201,0.309329,0.304628,0.647995,0.339312
s0g13,0,2,3,Bob,Carrot,0,0.011575,0.045989,0.264626,0.291486,0.359274,0.305208
s0g14,0,2,3,Bob,Carrot,0,0.010319,0.083577,0.261195,0.309187,0.451611,0.294720
s0g15,0,2,3,Dave,Carrot,0,0.015494,0.057176,0.269094,0.298090,0.480776,0.300277
s0g16,0,2,3,Dave,Carrot,0,0.020386,0.052339,0.288511,0.295077,0.676494,0.287665
s0g17,0,2,3,Charlie,Carrot,0,0.396186,0.140827,0.392970,0.328115,0.490598,0.401054
s0g18,0,2,3,Dave,Carrot,0,0.113183,0.090927,0.333141,0.310667,0.777850,0.311506
s0g19,0,2,3,Bob,Carrot,0,0.014108,0.069412,0.279011,0.302439,0.697267,0.326470
s1g0,1,2,3,Charlie,Carrot,0,0.132402,0.077648,0.335894,0.306855,0.931759,0.921387
s1g1,1,2,3,Alice,Carrot,0,0.018673,0.074854,0.279600,0.306175,0.938782,0.939201
s1g2,1,2,3,Dave,Carrot,0,0.133998,0.213471,0.336167,0.340470,0.902420,0.919718
s1g3,1,2,3,Dave,Carrot,0,0.037399,0.141516,0.295773,0.326845,0.900568,0.913092
s1g4,1,2,3,Dave,Carrot,0,0.033306,0.214392,0.286967,0.340251,0.912706,0.911764
s1g5,1,2,3,Bob,Carrot,0,0.004700,0.049237,0.245906,0.291483,0.945810,0.920741
s1g6,1,2,3,Alice,Parsnip,0,0.023240,0.072096,0.284743,0.304509,0.951201,0.927095
s1g7,1,2,3,Bob,Parsnip,0,0.081837,0.069437,0.322107,0.299888,0.921326,0.916072
s1g8,1,2,3,Charlie,Carrot,0,0.055510,0.091080,0.316414,0.307870,0.910291,0.908308
s1g9,1,2,3,Dave,Carrot,0,0.024359,0.070673,0.293227,0.304575,0.934542,0.922257
s1g10,1,2,3,Charlie,Carrot,0,0.091667,0.138566,0.323171,0.324645,0.925715,0.915308
s1g11,1,2,3,Eve,Carrot,0,0.586579,0.126673,0.423296,0.326928,0.929785,0.948818
s1g12,1,2,3,Dave,Carrot,0,0.016599,0.089810,0.269971,0.308359,0.939972,0.910697
s1g13,1,2,3,Alice,Carrot,0,0.032511,0.092123,0.291054,0.313793,0.931893,0.914626
s1g14,1,2,3,Bob,Carrot,0,0.055299,0.095643,0.313829,0.314653,0.928258,0.929966
s1g15,1,2,3,Eve,Carrot,0,0.215810,0.078261,0.353168,0.307402,0.937218,0.941666
s1g16,1,2,3,Eve,Carrot,0,0.016968,0.083599,0.286431,0.309580,0.901593,0.916221
s1g17,1,2,3,Dave,Parsnip,0,0.063639,0.107691,0.310598,0.316403,0.838920,0.931826
s1g18,1,2,3,Eve,Carrot,0,0.015296,0.072324,0.264895,0.301848,0.918004,0.911762
s1g19,1,2,3,Charlie,Parsnip,0,0.088675,0.099178,0.321203,0.315481,0.932738,0.931240
s2g0,2,2,3,Bob,Carrot,0,0.228244,0.198935,0.346293,0.337503,0.881687,0.869117
s2g1,2,2,3,Charlie,Carrot,0,0.508202,0.181548,0.394879,0.334717,0.889067,0.879745
s2g2,2,2,3,Alice,Carrot,0,0.033471,0.070154,0.293809,0.310175,0.859436,0.829165
s2g3,2,2,3,Eve,Carrot,0,0.010992,0.101471,0.274861,0.313228,0.767789,0.857718
s2g4,2,2,3,Eve,Parsnip,0,0.039837,0.072814,0.297290,0.306519,0.725140,0.813924
s2g5,2,2,3,Bob,Carrot,0,0.019979,0.090388,0.279706,0.314222,0.709555,0.851463
s2g6,2,2,3,Alice,Carrot,0,0.045242,0.094293,0.367387,0.313852,0.413235,0.814983
s2g7,2,2,3,Alice,Carrot,0,0.380923,0.213820,0.372637,0.341753,0.807302,0.855322
s2g8,2,2,3,Dave,Carrot,0,0.603662,0.254360,0.404701,0.349375,0.911853,0.892822
s2g9,2,2,3,Eve,Carrot,0,0.003855,0.049307,0.243681,0.295579,0.756562,0.790672
s2g10,2,2,3,Bob,Carrot,0,0.008246,0.084672,0.252996,0.309485,0.712746,0.815276
s2g11,2,2,3,Alice,Carrot,0,0.026667,0.085016,0.294984,0.310629,0.597235,0.820693
s2g12,2,2,3,Eve,Carrot,0,0.346383,0.103168,0.358949,0.311097,0.901372,0.886042
s2g13,2,2,3,Charlie,Carrot,0,0.008228,0.078851,0.257196,0.307642,0.446689,0.781758
s2g14,2,2,3,Bob,Carrot,0,0.011707,0.073769,0.263528,0.305876,0.401052,0.799454
s2g15,2,2,3,Alice,Carrot,0,0.005405,0.032063,0.251627,0.284130,0.717920,0.811347
s2g16,2,2,3,Bob,Carrot,0,0.737932,0.143146,0.436474,0.324171,0.804839,0.867341
s2g17,2,2,3,Charlie,Parsnip,0,0.432688,0.157572,0.392260,0.332377,0.735277,0.846086
s2g18,2,2,3,Eve,Parsnip,0,0.023225,0.112824,0.283862,0.322426,0.739473,0.815265
s2g19,2,2,3,Eve,Carrot,0,0.018624,0.044188,0.276248,0.288191,0.731438,0.769598
s3g0,3,2,3,Dave,Carrot,0,0.254380,0.136333,0.367519,0.325268,0.296191,0.396956
s3g1,3,2,3,Eve,Carrot,0,0.037316,0.084097,0.298001,0.304695,0.361266,0.532772
s3g2,3,2,3,Alice,Parsnip,0,0.006857,0.046147,0.253737,0.291544,0.106710,0.424378
s3g3,3,2,3,Alice,Carrot,0,0.159985,0.159587,0.339232,0.332504,0.230471,0.460184
s3g4,3,2,3,Charlie,Carrot,0,0.484470,0.159747,0.397798,0.330256,0.293050,0.560518
s3g5,3,2,3,Bob,Carrot,0,0.022117,0.097914,0.282255,0.313424,0.090071,0.475789
s3g6,3,2,3,Dave,Carrot,0,0.414211,0.195530,0.375929,0.336025,0.304369,0.449933
s3g7,3,2,3,Alice,Carrot,0,0.007326,0.044846,0.264573,0.290797,0.168335,0.448256
s3g8,3,2,3,Charlie,Carrot,0,0.223540,0.440972,0.353160,0.374025,0.431485,0.603807
s3g9,3,2,3,Eve,Carrot,0,0.103567,0.190372,0.327618,0.344077,0.217691,0.491707
s3g10,3,2,3,Charlie,Carrot,0,0.106767,0.089076,0.326605,0.308688,0.186318,0.479762
s3g11,3,2,3,Eve,Carrot,0,0.125601,0.101118,0.338782,0.315702,0.254598,0.469728
s3g12,3,2,3,Dave,Carrot,0,0.012039,0.076404,0.267286,0.304133,0.118220,0.523635
s3g13,3,2,3,Eve,Carrot,0,0.027843,0.059098,0.275549,0.296691,0.287958,0.512231
s3g14,3,2,3,Bob,Parsnip,0,0.029192,0.145748,0.281085,0.328964,0.242792,0.417036
s3g15,3,2,3,Bob,Carrot,0,0.068979,0.092219,0.305806,0.309109,0.475958,0.527007
s3g16,3,2,3,Eve,Carrot,0,0.006032,0.083112,0.259891,0.308656,0.160173,0.441706
s3g17,3,2,3,Bob,Parsnip,0,0.075419,0.155206,0.317738,0.331244,0.262110,0.559544
s3g18,3,2,3,Eve,Carrot,0,0.006296,0.059577,0.259771,0.297553,0.262838,0.474768
s3g19,3,2,3,Alice,Carrot,0,0.073928,0.125663,0.315633,0.324342,0.101287,0.406713
s4g0,4,2,3,Alice,Carrot,0,0.117968,0.081961,0.330792,0.307037,0.134199,0.087584
s4g1,4,2,3,Dave,Carrot,0,0.023337,0.064031,0.273690,0.297038,0.045736,0.097132
s4g2,4,2,3,Alice,Carrot,0,0.025230,0.063155,0.285052,0.299288,0.144241,0.092476
s4g3,4,2,3,Alice,Carrot,0,0.033563,0.175731,0.290190,0.333838,0.069047,0.090156
s4g4,4,2,3,Charlie,Carrot,0,0.024787,0.143227,0.289185,0.326517,0.025969,0.095502
s4g5,4,2,3,Charlie,Carrot,0,0.111190,0.086322,0.325254,0.309228,0.118069,0.107147
s4g6,4,2,3,Alice,Carrot,0,0.116778,0.141737,0.323896,0.328490,0.152714,0.094763
s4g7,4,2,3,Charlie,Carrot,0,0.013735,0.083994,0.272655,0.311213,0.070913,0.093317
s4g8,4,2,3,Charlie,Carrot,0,0.005985,0.052748,0.258945,0.295148,0.050646,0.073317
s4g9,4,2,3,Alice,Carrot,0,0.046053,0.089584,0.303865,0.312970,0.052102,0.056847
s4g10,4,2,3,Dave,Carrot,0,0.022937,0.133239,0.278252,0.320731,0.056860,0.117598
s4g11,4,2,3,Dave,Carrot,0,0.138473,0.230205,0.341155,0.343720,0.039622,0.116138
s4g12,4,2,3,Eve,Carrot,0,0.008247,0.116016,0.253577,0.322997,0.056147,0.072998
s4g13,4,2,3,Eve,Carrot,0,0.027697,0.122116,0.289214,0.321757,0.224467,0.096652
s4g14,4,2,3,Bob,Carrot,0,0.012744,0.076637,0.270597,0.307927,0.034031,0.101287
s4g15,4,2,3,Eve,Parsnip,0,0.043954,0.093252,0.298904,0.312682,0.069903,0.110157
s4g16,4,2,3,Dave,Carrot,0,0.028695,0.100158,0.294682,0.315371,0.014327,0.092115
s4g17,4,2,3,Eve,Carrot,0,0.011636,0.053945,0.283996,0.297347,0.055417,0.071178
s4g18,4,2,3,Dave,Carrot,0,0.291109,0.100885,0.367221,0.313335,0.103532,0.113825
s4g19,4,2,3,Bob,Carrot,0,0.019847,0.072624,0.282186,0.303257,0.202799,0.109424
s0g0,0,2,4,Dave,Parsnip,0,0.059609,0.206542,0.314163,0.344886,0.251091,0.345463
s0g1,0,2,4,Eve,Carrot,0,0.021813,0.075715,0.282873,0.305739,0.502645,0.320942
s0g2,0,2,4,Charlie,Carrot,0,0.026473,0.074357,0.289422,0.308171,0.686556,0.358254
s0g3,0,2,4,Alice,Carrot,0,0.062060,0.120468,0.325621,0.322864,0.765858,0.386783
s0g4,0,2,4,Alice,Carrot,0,0.642734,0.138233,0.429669,0.325098,0.523687,0.384474
s0g5,0,2,4,Eve,Parsnip,0,0.030052,0.085498,0.294074,0.308751,0.565734,0.283757
s0g6,0,2,4,Charlie,Carrot,0,0.028403,0.073847,0.283790,0.306705,0.592655,0.290493
s0g7,0,2,4,Eve,Carrot,0,0.039006,0.289586,0.303671,0.360921,0.469400,0.478867
s0g8,0,2,4,Alice,Carrot,0,0.208183,0.202233,0.367944,0.335313,0.691636,0.496696
s0g9,0,2,4,Alice,Parsnip,0,0.283821,0.178105,0.371594,0.336961,0.635499,0.409080
s0g10,0,2,4,Dave,Carrot,0,0.046520,0.060528,0.302843,0.298538,0.645335,0.360427
s0g11,0,2,4,Eve,Carrot,0,0.010611,0.055627,0.262116,0.295611,0.449616,0.321454
s0g12,0,2,4,Charlie,Parsnip,0,0.030017,0.199395,0.291791,0.336752,0.646011,0.406318
s0g13,0,2,4,Dave,Parsnip,0,0.011768,0.113519,0.275895,0.321885,0.752155,0.392116
s0g14,0,2,4,Alice,Parsnip,0,0.014648,0.061096,0.273121,0.300753,0.512890,0.297086
s0g15,0,2,4,Bob,Carrot,0,0.005659,0.028032,0.245388,0.279668,0.455306,0.318844
s0g16,0,2,4,Charlie,Carrot,0,0.005849,0.041451,0.257980,0.290224,0.647826,0.342863
s0g17,0,2,4,Bob,Carrot,0,0.403543,0.183189,0.380021,0.336824,0.643749,0.353110
s0g18,0,2,4,Charlie,Carrot,0,0.016904,0.063784,0.275366,0.302668,0.487208,0.327294
s0g19,0,2,4,Eve,Carrot,0,0.101609,0.125795,0.330906,0.322409,0.778903,0.364181
s1g0,1,2,4,Eve,Carrot,0,0.112029,0.124005,0.332488,0.318757,0.909017,0.898083
s1g1,1,2,4,Charlie,Parsnip,0,0.477231,0.230829,0.397160,0.347470,0.950223,0.928246
s1g2,1,2,4,Charlie,Carrot,0,0.056942,0.072758,0.316678,0.304425,0.926669,0.918453
s1g3,1,2,4,Charlie,Carrot,0,0.053242,0.089895,0.307167,0.313461,0.916968,0.924605
s1g4,1,2,4,Bob,Parsnip,0,0.058028,0.105509,0.310638,0.317646,0.834771,0.921796
s1g5,1,2,4,Dave,Parsnip,0,0.023770,0.077821,0.279833,0.309784,0.965002,0.931325
s1g6,1,2,4,Charlie,Carrot,0,0.024687,0.179968,0.293173,0.329667,0.968288,0.912259
s1g7,1,2,4,Dave,Carrot,0,0.033881,0.100699,0.293753,0.314241,0.896256,0.929948
s1g8,1,2,4,Eve,Parsnip,0,0.027647,0.069587,0.289328,0.302691,0.894425,0.930197
s1g9,1,2,4,Eve,Carrot,0,0.285165,0.103883,0.369225,0.318181,0.972964,0.947292
s1g10,1,2,4,Bob,Carrot,0,0.116332,0.086571,0.331250,0.308793,0.905448,0.917699
s1g11,1,2,4,Dave,Parsnip,0,0.040165,0.101229,0.299898,0.313938,0.908395,0.932748
s1g12,1,2,4,Alice,Parsnip,0,0.003091,0.055127,0.243799,0.300026,0.947921,0.934840
s1g13,1,2,4,Charlie,Parsnip,0,0.048203,0.082048,0.306845,0.305812,0.855163,0.928885
s1g14,1,2,4,Charlie,Carrot,0,0.040083,0.082943,0.303216,0.310901,0.898235,0.924195
s1g15,1,2,4,Dave,Carrot,0,0.038530,0.080445,0.301916,0.310373,0.928253,0.929423
s1g16,1,2,4,Bob,Carrot,0,0.022056,0.065165,0.290705,0.303869,0.919586,0.909564
s1g17,1,2,4,Eve,Carrot,0,0.534100,0.167844,0.408001,0.331590,0.910103,0.939324
s1g18,1,2,4,Dave,Parsnip,0,0.305061,0.142154,0.367697,0.327335,0.923846,0.914900
s1g19,1,2,4,Dave,Carrot,0,0.435484,0.294488,0.382659,0.355278,0.960200,0.940399
s2g0,2,2,4,Eve,Carrot,0,0.473298,0.347796,0.395225,0.362458,0.892535,0.864696
s2g1,2,2,4,Eve,Parsnip,0,0.095706,0.200042,0.323930,0.339743,0.736043,0.890660
s2g2,2,2,4,Dave,Carrot,0,0.011501,0.068942,0.269866,0.303022,0.763088,0.816983
s2g3,2,2,4,Alice,Parsnip,0,0.053417,0.226979,0.314883,0.337598,0.714453,0.883150
s2g4,2,2,4,Alice,Carrot,0,0.289405,0.225836,0.358996,0.342109,0.804124,0.859130
s2g5,2,2,4,Charlie,Parsnip,0,0.016096,0.070728,0.274286,0.306675,0.777244,0.838052
s2g6,2,2,4,Dave,Carrot,0,0.014245,0.136633,0.277192,0.325700,0.746936,0.818380
s2g7,2,2,4,Charlie,Parsnip,0,0.227728,0.253570,0.349321,0.353749,0.864327,0.893557
s2g8,2,2,4,Alice,Parsnip,0,0.026791,0.124498,0.293715,0.320141,0.877497,0.884960
s2g9,2,2,4,Alice,Parsnip,0,0.012943,0.072002,0.265346,0.307196,0.726678,0.805146
s2g10,2,2,4,Charlie,Parsnip,0,0.271332,0.411340,0.360829,0.375866,0.689650,0.815069
s2g11,2,2,4,Charlie,Carrot,0,0.012772,0.075277,0.270802,0.306465,0.559783,0.788918
s2g12,2,2,4,Charlie,Carrot,0,0.066215,0.172428,0.320175,0.330664,0.872407,0.908373
s2g13,2,2,4,Bob,Carrot,0,0.080906,0.118834,0.322777,0.319954,0.476426,0.869372
s2g14,2,2,4,Dave,Carrot,0,0.141379,0.096821,0.335741,0.315382,0.845441,0.830313
s2g15,2,2,4,Eve,Carrot,0,0.071237,0.118443,0.319848,0.322814,0.576145,0.808803
s2g16,2,2,4,Charlie,Parsnip,0,0.037796,0.154679,0.296320,0.330536,0.871767,0.847566
s2g17,2,2,4,Eve,Carrot,0,0.259337,0.122959,0.360108,0.325635,0.752959,0.828301
s2g18,2,2,4,Bob,Carrot,0,0.006226,0.086140,0.264256,0.310734,0.718872,0.834374
s2g19,2,2,4,Bob,Carrot,0,0.008218,0.054031,0.259970,0.296348,0.580112,0.771771
s3g0,3,2,4,Bob,Parsnip,0,0.092147,0.176977,0.316856,0.334428,0.252224,0.487443
s3g1,3,2,4,Bob,Carrot,0,0.072806,0.109868,0.312477,0.314862,0.391489,0.571728
s3g2,3,2,4,Dave,Carrot,0,0.041745,0.061057,0.303662,0.300039,0.157397,0.459268
s3g3,3,2,4,Bob,Carrot,0,0.113422,0.046793,0.339324,0.294837,0.153679,0.379560
s3g4,3,2,4,Dave,Parsnip,0,0.023466,0.159675,0.279657,0.331651,0.091410,0.508047
s3g5,3,2,4,Eve,Carrot,0,0.104378,0.098653,0.330760,0.314384,0.174755,0.484808
s3g6,3,2,4,Bob,Carrot,0,0.015192,0.076664,0.273655,0.308650,0.176408,0.396171
s3g7,3,2,4,Charlie,Parsnip,0,0.285942,0.209902,0.365878,0.345091,0.164430,0.435403
s3g8,3,2,4,Dave,Carrot,0,0.035003,0.105607,0.287139,0.316719,0.195210,0.403908
s3g9,3,2,4,Bob,Carrot,0,0.060893,0.348864,0.316780,0.364620,0.136800,0.458067
s3g10,3,2,4,Dave,Carrot,0,0.007229,0.046924,0.256910,0.292545,0.165699,0.428765
s3g11,3,2,4,Bob,Carrot,0,0.121851,0.127625,0.343100,0.323374,0.168561,0.406371
s3g12,3,2,4,Eve,Carrot,0,0.030837,0.062665,0.291759,0.300772,0.165712,0.436090
s3g13,3,2,4,Alice,Carrot,0,0.111525,0.258526,0.319564,0.349878,0.514361,0.586844
s3g14,3,2,4,Charlie,Carrot,0,0.231202,0.193295,0.365303,0.339126,0.233574,0.469415
s3g15,3,2,4,Charlie,Carrot,0,0.002278,0.059964,0.238775,0.299195,0.133775,0.464457
s3g16,3,2,4,Charlie,Carrot,0,0.633448,0.170090,0.423036,0.334213,0.390397,0.460303
s3g17,3,2,4,Charlie,Carrot,0,0.068386,0.258345,0.324643,0.353126,0.161857,0.454048
s3g18,3,2,4,Alice,Carrot,0,0.015080,0.063003,0.271489,0.301638,0.117976,0.384843
s3g19,3,2,4,Charlie,Carrot,0,0.251805,0.238235,0.361247,0.346180,0.111899,0.332678
s4g0,4,2,4,Charlie,Carrot,0,0.008535,0.060619,0.270452,0.299690,0.013538,0.105789
s4g1,4,2,4,Bob,Carrot,0,0.008202,0.071556,0.262009,0.304487,0.053611,0.080031
s4g2,4,2,4,Charlie,Carrot,0,0.077553,0.095653,0.327794,0.311645,0.056552,0.080518
s4g3,4,2,4,Bob,Carrot,0,0.015587,0.118456,0.278143,0.320936,0.061173,0.069239
s4g4,4,2,4,Bob,Carrot,0,0.023494,0.065175,0.282452,0.300075,0.055917,0.078918
s4g5,4,2,4,Eve,Carrot,0,0.052005,0.111827,0.309954,0.322910,0.022870,0.050228
s4g6,4,2,4,Eve,Parsnip,0,0.150126,0.421668,0.330001,0.379852,0.057869,0.099651
s4g7,4,2,4,Eve,Carrot,0,0.159160,0.363836,0.351218,0.363680,0.021747,0.080641
s4g8,4,2,4,Bob,Carrot,0,0.008712,0.032755,0.269504,0.283764,0.036234,0.071022
s4g9,4,2,4,Dave,Carrot,0,0.016350,0.062224,0.276479,0.302995,0.052320,0.065498
s4g10,4,2,4,Bob,Parsnip,0,0.008110,0.071969,0.258081,0.304061,0.109051,0.106513
s4g11,4,2,4,Charlie,Carrot,0,0.088256,0.153222,0.324566,0.330105,0.065993,0.083362
s4g12,4,2,4,Dave,Carrot,0,0.392036,0.131247,0.383084,0.322950,0.121125,0.114356
s4g13,4,2,4,Bob,Carrot,0,0.169457,0.196612,0.349737,0.339986,0.057296,0.115086
s4g14,4,2,4,Alice,Carrot,0,0.222164,0.113460,0.348982,0.320153,0.116761,0.101705
s4g15,4,2,4,Bob,Carrot,0,0.025211,0.089643,0.289220,0.312586,0.029179,0.120462
s4g16,4,2,4,Charlie,Carrot,0,0.555760,0.182518,0.403350,0.336853,0.072692,0.100992
s4g17,4,2,4,Dave,Parsnip,0,0.002038,0.167037,0.260089,0.340911,0.027032,0.100896
s4g18,4,2,4,Eve,Carrot,0,0.151535,0.098733,0.341685,0.313495,0.127929,0.099752
s4g19,4,2,4,Alice,Carrot,0,0.006124,0.053934,0.251622,0.296761,0.039748,0.076377
