game_id,seed_group,round,position,speaker,role,silent,lr_pub,lr_full,dom_pub,dom_full,rand_pub,rand_full
s0g0,0,0,0,Bob,Carrot,0,0.007656,0.022913,0.245945,0.269974,0.375918,0.447551
s0g1,0,0,0,Alice,Carrot,0,0.002782,0.004458,0.217267,0.227485,0.653826,0.552459
s0g2,0,0,0,Bob,Carrot,0,0.003154,0.008881,0.219844,0.246446,0.709947,0.515539
s0g3,0,0,0,Bob,Carrot,0,0.000589,0.006852,0.191632,0.238131,0.730017,0.617389
s0g4,0,0,0,Bob,Parsnip,0,0.010142,0.038995,0.240576,0.278390,0.521107,0.357178
s0g5,0,0,0,Alice,Carrot,0,0.009751,0.012050,0.252589,0.256993,0.623709,0.498006
s0g6,0,0,0,Bob,Carrot,0,0.003583,0.033799,0.230989,0.284419,0.424590,0.375926
s0g7,0,0,0,Charlie,Carrot,0,0.001025,0.014520,0.202974,0.260005,0.514992,0.404178
s0g8,0,0,0,Eve,Carrot,0,0.002241,0.005262,0.222754,0.234408,0.569005,0.552138
s0g9,0,0,0,Charlie,Carrot,0,0.049025,0.053120,0.290493,0.291201,0.513095,0.453337
s0g10,0,0,0,Bob,Carrot,0,0.009530,0.011551,0.242057,0.248968,0.492553,0.427730
s0g11,0,0,0,Alice,Carrot,0,0.002082,0.022675,0.214536,0.271324,0.484504,0.401480
s0g12,0,0,0,Eve,Carrot,0,0.004171,0.012973,0.226783,0.254047,0.566975,0.501569
s0g13,0,0,0,Eve,Carrot,0,0.001152,0.006193,0.203616,0.238943,0.716014,0.603865
s0g14,0,0,0,Charlie,Carrot,0,0.006829,0.014143,0.241316,0.255897,0.452466,0.496772
s0g15,0,0,0,Eve,Carrot,0,0.003271,0.008671,0.225877,0.245213,0.584344,0.569396
s0g16,0,0,0,Bob,Parsnip,0,0.003254,0.017805,0.223327,0.262213,0.613496,0.492976
s0g17,0,0,0,Charlie,Carrot,0,0.010665,0.010651,0.250216,0.249017,0.419982,0.443285
s0g18,0,0,0,Alice,Carrot,0,0.000873,0.003956,0.191510,0.223570,0.693218,0.552800
s0g19,0,0,0,Dave,Parsnip,0,0.010595,0.018024,0.254864,0.265043,0.427954,0.361894
s1g0,1,0,0,Bob,Carrot,0,0.008414,0.011731,0.246111,0.253657,0.954314,0.954782
s1g1,1,0,0,Eve,Carrot,0,0.003834,0.026915,0.224026,0.276066,0.974550,0.932053
s1g2,1,0,0,Dave,Carrot,0,0.004432,0.006165,0.234003,0.239979,0.943760,0.944600
s1g3,1,0,0,Eve,Carrot,0,0.002603,0.007685,0.219063,0.240169,0.966883,0.971560
s1g4,1,0,0,Alice,Carrot,0,0.003060,0.017277,0.224446,0.263055,0.933442,0.931306
s1g5,1,0,0,Eve,Carrot,0,0.004434,0.045794,0.239427,0.291092,0.929485,0.925793
s1g6,1,0,0,Alice,Parsnip,0,0.005454,0.029018,0.241417,0.280503,0.954315,0.920285
s1g7,1,0,0,Charlie,Carrot,0,0.006631,0.011052,0.230820,0.243816,0.940566,0.957521
s1g8,1,0,0,Alice,Carrot,0,0.002212,0.005175,0.205655,0.228438,0.964812,0.954678
s1g9,1,0,0,Eve,Carrot,0,0.002409,0.009317,0.208827,0.244265,0.924273,0.964517
s1g10,1,0,0,Charlie,Carrot,0,0.002130,0.011961,0.214141,0.252804,0.969103,0.946031
s1g11,1,0,0,Eve,Carrot,0,0.005513,0.023345,0.233590,0.269400,0.849878,0.938112
s1g12,1,0,0,Bob,Carrot,0,0.004883,0.028326,0.232465,0.277157,0.954990,0.931792
s1g13,1,0,0,Dave,Carrot,0,0.004119,0.005565,0.243756,0.238360,0.916693,0.942554
s1g14,1,0,0,Bob,Carrot,0,0.002988,0.024220,0.225834,0.276026,0.966414,0.932294
s1g15,1,0,0,Charlie,Carrot,0,0.001553,0.030230,0.209810,0.279233,0.975892,0.921929
s1g16,1,0,0,Eve,Carrot,0,0.011301,0.021289,0.259089,0.268600,0.938572,0.956169
s1g17,1,0,0,Alice,Carrot,0,0.001550,0.003600,0.205269,0.220626,0.965054,0.965712
s1g18,1,0,0,Dave,Parsnip,0,0.003397,0.022041,0.228713,0.271223,0.955314,0.935536
s1g19,1,0,0,Alice,Carrot,0,0.003084,0.029011,0.224979,0.279075,0.946390,0.919420
s2g0,2,0,0,Charlie,Carrot,0,0.002418,0.004745,0.220577,0.231383,0.634573,0.616296
s2g1,2,0,0,Charlie,Carrot,0,0.013164,0.017853,0.257588,0.264015,0.696531,0.704685
s2g2,2,0,0,Charlie,Carrot,0,0.005954,0.009813,0.230125,0.242883,0.662063,0.642020
s2g3,2,0,0,Eve,Carrot,0,0.008810,0.010148,0.238069,0.245593,0.647785,0.649740
s2g4,2,0,0,Dave,Carrot,0,0.002498,0.006053,0.218917,0.239208,0.714166,0.685251
s2g5,2,0,0,Alice,Carrot,0,0.015604,0.024323,0.257231,0.267787,0.664050,0.759557
s2g6,2,0,0,Bob,Carrot,0,0.000845,0.005112,0.193586,0.231726,0.701601,0.664241
s2g7,2,0,0,Bob,Carrot,0,0.002562,0.036612,0.222723,0.284999,0.603890,0.763196
s2g8,2,0,0,Alice,Parsnip,0,0.003861,0.009057,0.226089,0.244824,0.428619,0.506158
s2g9,2,0,0,Eve,Carrot,0,0.001497,0.004803,0.208940,0.233854,0.705762,0.638204
s2g10,2,0,0,Bob,Carrot,0,0.007351,0.012514,0.246547,0.254208,0.676605,0.644847
s2g11,2,0,0,Bob,Carrot,0,0.000845,0.002829,0.198297,0.221606,0.546277,0.575341
s2g12,2,0,0,Charlie,Carrot,0,0.004453,0.010181,0.237632,0.249066,0.600806,0.657401
s2g13,2,0,0,Charlie,Carrot,0,0.001834,0.026906,0.211205,0.275771,0.640682,0.739041
s2g14,2,0,0,Alice,Parsnip,0,0.002632,0.032871,0.221630,0.281655,0.612727,0.736074
s2g15,2,0,0,Alice,Carrot,0,0.004854,0.022957,0.253011,0.271231,0.477759,0.686836
s2g16,2,0,0,Dave,Carrot,0,0.005607,0.008572,0.228532,0.241258,0.813035,0.715222
s2g17,2,0,0,Bob,Carrot,0,0.000938,0.005157,0.202941,0.235688,0.570431,0.607929
s2g18,2,0,0,Alice,Carrot,0,0.002255,0.006039,0.211086,0.233883,0.759190,0.731434
s2g19,2,0,0,Dave,Parsnip,0,0.003469,0.024235,0.229736,0.271201,0.769518,0.783144
s3g0,3,0,0,Bob,Parsnip,0,0.005561,0.036118,0.233061,0.281386,0.292466,0.483039
s3g1,3,0,0,Eve,Carrot,0,0.009170,0.016794,0.253895,0.265806,0.247235,0.236589
s3g2,3,0,0,Alice,Parsnip,0,0.011579,0.031070,0.259152,0.282617,0.198979,0.240315
s3g3,3,0,0,Charlie,Carrot,0,0.006449,0.017759,0.237322,0.262437,0.118674,0.251593
s3g4,3,0,0,Charlie,Carrot,0,0.014666,0.022350,0.254162,0.270704,0.304786,0.233135
s3g5,3,0,0,Dave,Carrot,0,0.002784,0.008403,0.223600,0.244174,0.226151,0.272605
s3g6,3,0,0,Bob,Carrot,0,0.001780,0.004394,0.209183,0.230010,0.157773,0.126136
s3g7,3,0,0,Alice,Carrot,0,0.005904,0.010831,0.237417,0.248323,0.147261,0.238155
s3g8,3,0,0,Charlie,Carrot,0,0.005203,0.007277,0.232088,0.238023,0.193962,0.188808
s3g9,3,0,0,Dave,Carrot,0,0.012545,0.022910,0.254584,0.267908,0.206189,0.225757
s3g10,3,0,0,Dave,Carrot,0,0.002163,0.006553,0.208389,0.232962,0.134333,0.216267
s3g11,3,0,0,Alice,Carrot,0,0.003414,0.027876,0.224835,0.277629,0.133446,0.401326
s3g12,3,0,0,Eve,Carrot,0,0.008160,0.024539,0.250666,0.271958,0.159415,0.218040
s3g13,3,0,0,Dave,Carrot,0,0.002299,0.009433,0.211533,0.242745,0.188971,0.244758
s3g14,3,0,0,Bob,Parsnip,0,0.002511,0.036902,0.225130,0.285500,0.265437,0.462342
s3g15,3,0,0,Eve,Parsnip,0,0.007044,0.044720,0.241987,0.282623,0.138036,0.301970
s3g16,3,0,0,Dave,Carrot,0,0.002816,0.008831,0.223822,0.246961,0.240269,0.223467
s3g17,3,0,0,Dave,Carrot,0,0.002991,0.013179,0.225840,0.259755,0.172873,0.231068
s3g18,3,0,0,Dave,Carrot,0,0.002040,0.004312,0.216949,0.231933,0.195732,0.133574
s3g19,3,0,0,Dave,Carrot,0,0.010760,0.014657,0.247364,0.254633,0.146405,0.152760
s4g0,4,0,0,Charlie,Carrot,0,0.005700,0.011085,0.237406,0.248931,0.074538,0.053875
s4g1,4,0,0,Eve,Carrot,0,0.004968,0.010238,0.233795,0.250168,0.052774,0.062901
s4g2,4,0,0,Eve,Carrot,0,0.005642,0.006923,0.238423,0.239714,0.070475,0.088042
s4g3,4,0,0,Alice,Carrot,0,0.004458,0.011694,0.229053,0.253075,0.078283,0.087838
s4g4,4,0,0,Eve,Carrot,0,0.002722,0.005902,0.223364,0.234097,0.208285,0.109069
s4g5,4,0,0,Charlie,Carrot,0,0.009258,0.017470,0.248654,0.262623,0.034252,0.063117
s4g6,4,0,0,Bob,Carrot,0,0.003913,0.034808,0.223943,0.282928,0.251383,0.081232
s4g7,4,0,0,Alice,Parsnip,0,0.006641,0.036037,0.246382,0.287093,0.042515,0.039621
s4g8,4,0,0,Alice,Carrot,0,0.004328,0.028234,0.232374,0.277233,0.127505,0.074879
s4g9,4,0,0,Bob,Carrot,0,0.001212,0.003470,0.202393,0.222703,0.128717,0.090962
s4g10,4,0,0,Dave,Carrot,0,0.014096,0.021534,0.253484,0.265275,0.059227,0.070237
s4g11,4,0,0,Alice,Carrot,0,0.002526,0.011273,0.219891,0.252717,0.065138,0.059752
s4g12,4,0,0,Dave,Carrot,0,0.005302,0.012463,0.240117,0.254119,0.170122,0.072673
s4g13,4,0,0,Charlie,Carrot,0,0.001838,0.005871,0.206089,0.233236,0.083221,0.065963
s4g14,4,0,0,Charlie,Carrot,0,0.001664,0.004860,0.206285,0.230395,0.038043,0.063047
s4g15,4,0,0,Dave,Carrot,0,0.008782,0.013537,0.245252,0.255861,0.067003,0.049497
s4g16,4,0,0,Charlie,Carrot,0,0.001685,0.003099,0.206299,0.215704,0.152826,0.078307
s4g17,4,0,0,Alice,Carrot,0,0.001863,0.009620,0.212175,0.248885,0.086479,0.106431
s4g18,4,0,0,Eve,Carrot,0,0.009241,0.011745,0.242927,0.250603,0.139254,0.065090
s4g19,4,0,0,Charlie,Parsnip,0,0.005565,0.039439,0.242948,0.287053,0.152590,0.086935
s0g0,0,0,1,Charlie,Carrot,0,0.003472,0.030064,0.222824,0.278146,0.503848,0.390540
s0g1,0,0,1,Charlie,Parsnip,0,0.002189,0.052826,0.232544,0.297512,0.618219,0.345465
s0g2,0,0,1,Alice,Carrot,0,0.002639,0.013958,0.218227,0.252259,0.618407,0.585240
s0g3,0,0,1,Alice,Carrot,0,0.001779,0.007443,0.217754,0.244775,0.666650,0.512899
s0g4,0,0,1,Charlie,Carrot,0,0.006907,0.018778,0.228698,0.261479,0.538578,0.435999
s0g5,0,0,1,Bob,Carrot,0,0.001610,0.008640,0.216926,0.250451,0.682553,0.647050
s0g6,0,0,1,Alice,Carrot,0,0.004033,0.017670,0.230038,0.263288,0.394211,0.511553
s0g7,0,0,1,Bob,Carrot,0,0.001040,0.002876,0.206062,0.223456,0.475965,0.475251
s0g8,0,0,1,Bob,Carrot,0,0.007011,0.008623,0.234217,0.240551,0.462397,0.491388
s0g9,0,0,1,Bob,Carrot,0,0.004873,0.017609,0.230807,0.263148,0.352996,0.489241
s0g10,0,0,1,Alice,Carrot,0,0.004899,0.009959,0.237659,0.249745,0.506199,0.548559
s0g11,0,0,1,Eve,Carrot,0,0.006093,0.013136,0.236915,0.256043,0.449496,0.458815
s0g12,0,0,1,Charlie,Parsnip,0,0.002853,0.049092,0.228239,0.293757,0.522400,0.378774
s0g13,0,0,1,Dave,Parsnip,0,0.019445,0.030102,0.262791,0.278223,0.623471,0.507883
s0g14,0,0,1,Dave,Carrot,0,0.001820,0.008292,0.212432,0.239334,0.654311,0.572497
s0g15,0,0,1,Charlie,Carrot,0,0.005018,0.007763,0.237036,0.242692,0.639035,0.508596
s0g16,0,0,1,Charlie,Carrot,0,0.020739,0.030097,0.267795,0.277213,0.441176,0.416913
s0g17,0,0,1,Eve,Parsnip,0,0.039831,0.156978,0.285303,0.325343,0.514337,0.445142
s0g18,0,0,1,Charlie,Carrot,0,0.003832,0.063799,0.229861,0.300984,0.390780,0.319599
s0g19,0,0,1,Charlie,Carrot,0,0.004508,0.011783,0.240898,0.255738,0.483000,0.449217
s1g0,1,0,1,Charlie,Carrot,0,0.021090,0.022817,0.268053,0.265648,0.911538,0.931054
s1g1,1,0,1,Dave,Carrot,0,0.001857,0.005688,0.210403,0.234460,0.967738,0.966260
s1g2,1,0,1,Alice,Carrot,0,0.003264,0.005677,0.218559,0.232864,0.898851,0.930465
s1g3,1,0,1,Charlie,Carrot,0,0.005171,0.008330,0.237485,0.244161,0.955667,0.966037
s1g4,1,0,1,Eve,Carrot,0,0.005966,0.015450,0.235071,0.259811,0.944617,0.936660
s1g5,1,0,1,Dave,Parsnip,0,0.015361,0.049411,0.267686,0.290268,0.952258,0.920175
s1g6,1,0,1,Charlie,Carrot,0,0.002331,0.005766,0.216946,0.235701,0.932156,0.968514
s1g7,1,0,1,Dave,Carrot,0,0.002813,0.009055,0.222974,0.245394,0.952131,0.949635
s1g8,1,0,1,Dave,Carrot,0,0.001106,0.007457,0.201699,0.241159,0.962649,0.967679
s1g9,1,0,1,Alice,Carrot,0,0.013896,0.023090,0.259569,0.275370,0.977145,0.940698
s1g10,1,0,1,Alice,Carrot,0,0.003457,0.017987,0.226210,0.266234,0.962477,0.948291
s1g11,1,0,1,Charlie,Carrot,0,0.015563,0.025049,0.267208,0.276402,0.903243,0.935387
s1g12,1,0,1,Dave,Carrot,0,0.002357,0.007490,0.219135,0.244556,0.955335,0.957625
s1g13,1,0,1,Alice,Carrot,0,0.006058,0.007620,0.239952,0.244114,0.952780,0.950568
s1g14,1,0,1,Dave,Carrot,0,0.001521,0.003093,0.210233,0.219560,0.963521,0.948509
s1g15,1,0,1,Eve,Carrot,0,0.000916,0.005264,0.192574,0.227638,0.988535,0.959437
s1g16,1,0,1,Charlie,Parsnip,0,0.043904,0.104781,0.291953,0.319955,0.950950,0.944098
s1g17,1,0,1,Dave,Parsnip,0,0.001846,0.029349,0.210878,0.277115,0.958553,0.931097
s1g18,1,0,1,Eve,Carrot,0,0.005158,0.012825,0.242047,0.257528,0.933675,0.946753
s1g19,1,0,1,Eve,Carrot,0,0.003298,0.015575,0.231050,0.260455,0.940637,0.935694
s2g0,2,0,1,Dave,Carrot,0,0.003992,0.006912,0.229023,0.241519,0.726033,0.730162
s2g1,2,0,1,Alice,Carrot,0,0.003493,0.009456,0.233655,0.251485,0.736659,0.771067
s2g2,2,0,1,Alice,Carrot,0,0.003231,0.028999,0.226182,0.277233,0.754050,0.758912
s2g3,2,0,1,Dave,Carrot,0,0.000853,0.003740,0.187800,0.221309,0.633682,0.619147
s2g4,2,0,1,Alice,Carrot,0,0.000501,0.002348,0.176634,0.210038,0.535254,0.687314
s2g5,2,0,1,Bob,Carrot,0,0.009910,0.015739,0.246012,0.258299,0.827249,0.798635
s2g6,2,0,1,Dave,Carrot,0,0.002426,0.009225,0.216600,0.245719,0.665688,0.691931
s2g7,2,0,1,Charlie,Parsnip,0,0.001373,0.030308,0.211568,0.279280,0.570754,0.713011
s2g8,2,0,1,Charlie,Carrot,0,0.001854,0.020461,0.216157,0.267906,0.762113,0.773551
s2g9,2,0,1,Bob,Carrot,0,0.002137,0.009940,0.210866,0.245044,0.865577,0.829527
s2g10,2,0,1,Dave,Carrot,0,0.005394,0.007619,0.237733,0.244403,0.732797,0.833929
s2g11,2,0,1,Dave,Carrot,0,0.001652,0.006952,0.208842,0.240412,0.705032,0.680196
s2g12,2,0,1,Bob,Parsnip,0,0.006795,0.025744,0.246373,0.274098,0.722335,0.723903
s2g13,2,0,1,Alice,Parsnip,0,0.004831,0.042753,0.236665,0.289187,0.757609,0.758361
s2g14,2,0,1,Eve,Carrot,0,0.003715,0.009222,0.229801,0.245582,0.624426,0.703486
s2g15,2,0,1,Charlie,Carrot,0,0.003887,0.007943,0.219830,0.240584,0.472143,0.700672
s2g16,2,0,1,Charlie,Parsnip,0,0.007142,0.032470,0.236449,0.275855,0.611398,0.707619
s2g17,2,0,1,Dave,Carrot,0,0.003354,0.006119,0.221796,0.237816,0.626408,0.668702
s2g18,2,0,1,Bob,Carrot,0,0.000960,0.003562,0.199215,0.223562,0.605079,0.714512
s2g19,2,0,1,Eve,Carrot,0,0.037028,0.027567,0.287059,0.277371,0.873576,0.858922
s3g0,3,0,1,Alice,Carrot,0,0.001830,0.006596,0.209940,0.238530,0.220950,0.279142
s3g1,3,0,1,Dave,Carrot,0,0.003745,0.006789,0.218435,0.233995,0.329246,0.301102
s3g2,3,0,1,Dave,Carrot,0,0.005149,0.012138,0.231149,0.248822,0.379989,0.346313
s3g3,3,0,1,Alice,Carrot,0,0.003409,0.016206,0.233760,0.262314,0.052043,0.283955
s3g4,3,0,1,Bob,Carrot,0,0.003291,0.007607,0.221438,0.239343,0.201428,0.339153
s3g5,3,0,1,Eve,Carrot,0,0.003406,0.009024,0.220175,0.243921,0.226835,0.247851
s3g6,3,0,1,Alice,Carrot,0,0.002170,0.003812,0.207909,0.224746,0.382922,0.260780
s3g7,3,0,1,Eve,Carrot,0,0.004559,0.007454,0.234111,0.245371,0.225637,0.222114
s3g8,3,0,1,Dave,Carrot,0,0.008194,0.009002,0.239870,0.243196,0.159032,0.181246
s3g9,3,0,1,Bob,Carrot,0,0.003341,0.014521,0.226121,0.260413,0.232819,0.263540
s3g10,3,0,1,Bob,Carrot,0,0.007195,0.018633,0.244282,0.264268,0.237997,0.230712
s3g11,3,0,1,Bob,Carrot,0,0.002256,0.020299,0.213255,0.267329,0.096630,0.384906
s3g12,3,0,1,Bob,Carrot,0,0.003032,0.008059,0.226697,0.244605,0.147036,0.258924
s3g13,3,0,1,Charlie,Parsnip,0,0.015966,0.063450,0.260320,0.297318,0.324082,0.372763
s3g14,3,0,1,Dave,Carrot,0,0.003677,0.023687,0.228452,0.270727,0.151656,0.411332
s3g15,3,0,1,Bob,Carrot,0,0.001844,0.008455,0.215359,0.245744,0.192516,0.267386
s3g16,3,0,1,Alice,Parsnip,0,0.003680,0.047913,0.227024,0.287596,0.187837,0.347617
s3g17,3,0,1,Charlie,Carrot,0,0.001744,0.007292,0.206827,0.239852,0.305955,0.361794
s3g18,3,0,1,Eve,Carrot,0,0.007192,0.009258,0.239663,0.248797,0.178134,0.187882
s3g19,3,0,1,Bob,Parsnip,0,0.019009,0.064970,0.263222,0.299186,0.457871,0.409424
s4g0,4,0,1,Dave,Parsnip,0,0.002072,0.037300,0.218081,0.283706,0.088550,0.089179
s4g1,4,0,1,Bob,Carrot,0,0.016390,0.020207,0.263706,0.268835,0.039869,0.063236
s4g2,4,0,1,Alice,Carrot,0,0.006723,0.011074,0.247053,0.255471,0.035097,0.047683
s4g3,4,0,1,Bob,Carrot,0,0.010235,0.010057,0.252261,0.251519,0.047622,0.038656
s4g4,4,0,1,Bob,Carrot,0,0.004719,0.006350,0.234504,0.236013,0.091996,0.087617
s4g5,4,0,1,Bob,Parsnip,0,0.002944,0.029613,0.231268,0.278625,0.279447,0.089487
s4g6,4,0,1,Dave,Carrot,0,0.002322,0.005540,0.214072,0.235016,0.022741,0.034343
s4g7,4,0,1,Bob,Carrot,0,0.010423,0.031345,0.251465,0.279505,0.055646,0.068161
s4g8,4,0,1,Bob,Carrot,0,0.004521,0.009549,0.225239,0.242811,0.028825,0.040776
s4g9,4,0,1,Charlie,Parsnip,0,0.001675,0.027288,0.219421,0.276095,0.141629,0.092298
s4g10,4,0,1,Charlie,Carrot,0,0.003660,0.014385,0.232203,0.259189,0.047934,0.064000
s4g11,4,0,1,Charlie,Carrot,0,0.001050,0.004067,0.193453,0.224662,0.060005,0.067622
s4g12,4,0,1,Charlie,Carrot,0,0.002929,0.012347,0.218679,0.251541,0.092278,0.109373
s4g13,4,0,1,Bob,Carrot,0,0.000274,0.002139,0.177206,0.217953,0.024237,0.040207
s4g14,4,0,1,Dave,Carrot,0,0.002952,0.014513,0.226778,0.260659,0.026589,0.071396
s4g15,4,0,1,Charlie,Carrot,0,0.004274,0.016247,0.227352,0.260085,0.088497,0.064010
s4g16,4,0,1,Bob,Carrot,0,0.007058,0.012900,0.237516,0.251588,0.061371,0.083597
s4g17,4,0,1,Eve,Carrot,0,0.001275,0.007326,0.203755,0.241195,0.073412,0.051738
s4g18,4,0,1,Bob,Carrot,0,0.001257,0.005392,0.202059,0.232104,0.054130,0.050258
s4g19,4,0,1,Eve,Carrot,0,0.001159,0.006085,0.193688,0.232046,0.065015,0.040243
s0g0,0,0,2,Dave,Parsnip,0,0.001512,0.024521,0.207350,0.270870,0.440447,0.422623
s0g1,0,0,2,Eve,Carrot,0,0.001416,0.020072,0.210300,0.267912,0.404285,0.352214
s0g2,0,0,2,Eve,Carrot,0,0.009792,0.015412,0.245607,0.259324,0.706600,0.560084
s0g3,0,0,2,Eve,Carrot,0,0.005325,0.011859,0.248295,0.260702,0.657604,0.465636
s0g4,0,0,2,Eve,Carrot,0,0.028157,0.036602,0.280894,0.282992,0.667327,0.495222
s0g5,0,0,2,Eve,Parsnip,0,0.004065,0.037473,0.240735,0.286927,0.539697,0.350472
s0g6,0,0,2,Dave,Carrot,0,0.003742,0.013326,0.224797,0.257510,0.589807,0.500951
s0g7,0,0,2,Eve,Carrot,0,0.001251,0.009060,0.213909,0.248691,0.687122,0.394359
s0g8,0,0,2,Dave,Carrot,0,0.003220,0.024805,0.230940,0.272604,0.481065,0.313586
s0g9,0,0,2,Dave,Carrot,0,0.021306,0.024000,0.280220,0.274326,0.404090,0.394723
s0g10,0,0,2,Eve,Parsnip,0,0.003924,0.030254,0.224119,0.273802,0.539888,0.487403
s0g11,0,0,2,Bob,Carrot,0,0.006900,0.017952,0.234905,0.261960,0.536398,0.555606
s0g12,0,0,2,Alice,Carrot,0,0.013355,0.010473,0.263973,0.252119,0.558642,0.494055
s0g13,0,0,2,Alice,Carrot,0,0.006914,0.022421,0.248019,0.274690,0.456773,0.408676
s0g14,0,0,2,Bob,Carrot,0,0.006409,0.017914,0.252270,0.271351,0.552653,0.411948
s0g15,0,0,2,Bob,Carrot,0,0.003100,0.014619,0.226740,0.259457,0.310308,0.349994
s0g16,0,0,2,Alice,Carrot,0,0.005316,0.012239,0.239883,0.258854,0.599071,0.432809
s0g17,0,0,2,Alice,Carrot,0,0.004099,0.021684,0.228778,0.269112,0.445256,0.489608
s0g18,0,0,2,Eve,Carrot,0,0.003997,0.007959,0.223352,0.244900,0.482126,0.436085
s0g19,0,0,2,Alice,Carrot,0,0.002587,0.008565,0.226000,0.251030,0.571606,0.447240
s1g0,1,0,2,Dave,Carrot,0,0.005699,0.021280,0.244747,0.270549,0.963396,0.938852
s1g1,1,0,2,Bob,Carrot,0,0.004781,0.017160,0.236451,0.263274,0.982457,0.971178
s1g2,1,0,2,Charlie,Carrot,0,0.003011,0.009160,0.209229,0.238870,0.966931,0.953559
s1g3,1,0,2,Bob,Carrot,0,0.005014,0.009592,0.241259,0.251329,0.927039,0.943894
s1g4,1,0,2,Bob,Parsnip,0,0.005995,0.022822,0.241142,0.269048,0.949054,0.945485
s1g5,1,0,2,Bob,Carrot,0,0.004640,0.027147,0.238243,0.277727,0.962472,0.926830
s1g6,1,0,2,Eve,Carrot,0,0.009749,0.022352,0.257789,0.274189,0.939178,0.954439
s1g7,1,0,2,Alice,Carrot,0,0.006549,0.013966,0.246033,0.259341,0.941066,0.946607
s1g8,1,0,2,Charlie,Carrot,0,0.004481,0.008872,0.228672,0.247368,0.986066,0.979036
s1g9,1,0,2,Dave,Carrot,0,0.001882,0.013292,0.218681,0.259498,0.967317,0.932325
s1g10,1,0,2,Eve,Parsnip,0,0.002281,0.037935,0.222203,0.284687,0.958030,0.939380
s1g11,1,0,2,Bob,Carrot,0,0.003345,0.019594,0.230981,0.269670,0.965374,0.944829
s1g12,1,0,2,Charlie,Carrot,0,0.003497,0.012233,0.222551,0.252441,0.923278,0.961045
s1g13,1,0,2,Bob,Carrot,0,0.008770,0.028554,0.260866,0.276215,0.940709,0.953459
s1g14,1,0,2,Charlie,Carrot,0,0.003041,0.012782,0.228116,0.262370,0.963532,0.952286
s1g15,1,0,2,Dave,Carrot,0,0.006831,0.011589,0.240314,0.252602,0.950394,0.956627
s1g16,1,0,2,Dave,Carrot,0,0.026241,0.030935,0.264727,0.280534,0.923438,0.952106
s1g17,1,0,2,Charlie,Carrot,0,0.001559,0.004057,0.200189,0.225211,0.968705,0.971934
s1g18,1,0,2,Bob,Carrot,0,0.001384,0.009475,0.203025,0.247466,0.919827,0.942672
s1g19,1,0,2,Charlie,Parsnip,0,0.006533,0.035836,0.242833,0.284193,0.966779,0.928606
s2g0,2,0,2,Alice,Parsnip,0,0.002108,0.020786,0.218500,0.271939,0.590745,0.729030
s2g1,2,0,2,Bob,Carrot,0,0.001871,0.012036,0.215285,0.254207,0.691024,0.747106
s2g2,2,0,2,Bob,Parsnip,0,0.009207,0.046664,0.254320,0.292660,0.737151,0.778799
s2g3,2,0,2,Bob,Carrot,0,0.002585,0.014524,0.217946,0.253238,0.732444,0.752408
s2g4,2,0,2,Eve,Parsnip,0,0.003047,0.021791,0.228120,0.269734,0.566487,0.734014
s2g5,2,0,2,Eve,Carrot,0,0.002017,0.005880,0.208481,0.234652,0.709994,0.789023
s2g6,2,0,2,Charlie,Carrot,0,0.002076,0.006046,0.216464,0.240990,0.751930,0.777102
s2g7,2,0,2,Alice,Carrot,0,0.000743,0.004683,0.196011,0.232116,0.837497,0.738077
s2g8,2,0,2,Bob,Carrot,0,0.001419,0.026395,0.214100,0.274573,0.687643,0.743052
s2g9,2,0,2,Alice,Parsnip,0,0.000959,0.016012,0.200532,0.260664,0.652578,0.672044
s2g10,2,0,2,Alice,Carrot,0,0.003128,0.010873,0.231591,0.255941,0.629058,0.808333
s2g11,2,0,2,Eve,Parsnip,0,0.005267,0.030630,0.240473,0.280901,0.760850,0.776742
s2g12,2,0,2,Dave,Carrot,0,0.000888,0.009016,0.193078,0.243820,0.783845,0.767427
s2g13,2,0,2,Bob,Carrot,0,0.005978,0.017993,0.239209,0.264063,0.598252,0.706812
s2g14,2,0,2,Dave,Carrot,0,0.001635,0.020959,0.216451,0.268441,0.662802,0.726158
s2g15,2,0,2,Eve,Carrot,0,0.001110,0.030645,0.202483,0.277828,0.824152,0.767435
s2g16,2,0,2,Eve,Carrot,0,0.003724,0.013515,0.227156,0.258870,0.835820,0.829796
s2g17,2,0,2,Eve,Carrot,0,0.001510,0.003999,0.214520,0.235155,0.602685,0.654942
s2g18,2,0,2,Eve,Parsnip,0,0.006514,0.065724,0.248482,0.302623,0.591323,0.754988
s2g19,2,0,2,Bob,Carrot,0,0.009266,0.010221,0.256710,0.253563,0.673656,0.778317
s3g0,3,0,2,Eve,Carrot,0,0.001695,0.007893,0.210159,0.240739,0.227173,0.311446
s3g1,3,0,2,Bob,Carrot,0,0.005528,0.020630,0.231875,0.264151,0.291632,0.312517
s3g2,3,0,2,Bob,Carrot,0,0.005659,0.034655,0.238246,0.282049,0.119134,0.464208
s3g3,3,0,2,Bob,Carrot,0,0.002282,0.007053,0.220738,0.242351,0.098945,0.236548
s3g4,3,0,2,Dave,Parsnip,0,0.014500,0.065794,0.261604,0.295347,0.186934,0.252982
s3g5,3,0,2,Bob,Carrot,0,0.001462,0.013611,0.210017,0.258237,0.180963,0.308755
s3g6,3,0,2,Dave,Carrot,0,0.002637,0.006815,0.220783,0.239657,0.216998,0.297469
s3g7,3,0,2,Bob,Carrot,0,0.002838,0.023145,0.228206,0.271921,0.065489,0.322427
s3g8,3,0,2,Alice,Carrot,0,0.005488,0.047157,0.246692,0.293862,0.071118,0.461735
s3g9,3,0,2,Alice,Carrot,0,0.001608,0.009378,0.212232,0.245559,0.127370,0.253414
s3g10,3,0,2,Eve,Parsnip,0,0.005579,0.042062,0.245185,0.288299,0.063350,0.371131
s3g11,3,0,2,Eve,Carrot,0,0.006547,0.017323,0.249237,0.270646,0.096303,0.181461
s3g12,3,0,2,Charlie,Carrot,0,0.002879,0.019682,0.228742,0.269638,0.130403,0.342638
s3g13,3,0,2,Alice,Carrot,0,0.001785,0.041989,0.214458,0.287913,0.056352,0.443485
s3g14,3,0,2,Eve,Carrot,0,0.004405,0.020778,0.230030,0.268137,0.252750,0.274265
s3g15,3,0,2,Alice,Carrot,0,0.006885,0.017919,0.251186,0.267867,0.071262,0.235186
s3g16,3,0,2,Eve,Carrot,0,0.003785,0.024510,0.232965,0.273437,0.093178,0.377773
s3g17,3,0,2,Bob,Parsnip,0,0.003102,0.036064,0.231441,0.284959,0.073970,0.402508
s3g18,3,0,2,Alice,Carrot,0,0.004008,0.015084,0.226305,0.259919,0.069078,0.161943
s3g19,3,0,2,Alice,Carrot,0,0.004378,0.024906,0.227214,0.270018,0.137292,0.400235
s4g0,4,0,2,Bob,Carrot,0,0.002665,0.023494,0.220368,0.270706,0.132407,0.072153
s4g1,4,0,2,Dave,Carrot,0,0.008025,0.021461,0.251749,0.270343,0.047065,0.066874
s4g2,4,0,2,Dave,Parsnip,0,0.035314,0.107605,0.285025,0.318842,0.041544,0.067807
s4g3,4,0,2,Dave,Parsnip,0,0.010960,0.029632,0.256210,0.277713,0.082890,0.069231
s4g4,4,0,2,Alice,Parsnip,0,0.017268,0.060353,0.256011,0.295450,0.052635,0.056976
s4g5,4,0,2,Eve,Carrot,0,0.006397,0.015828,0.240617,0.265151,0.094462,0.051890
s4g6,4,0,2,Charlie,Carrot,0,0.007080,0.049380,0.251321,0.296678,0.037293,0.063509
s4g7,4,0,2,Dave,Carrot,0,0.004049,0.049984,0.239604,0.296343,0.057587,0.071641
s4g8,4,0,2,Dave,Carrot,0,0.021292,0.037878,0.280047,0.286026,0.060689,0.062436
s4g9,4,0,2,Eve,Carrot,0,0.016950,0.044342,0.268522,0.290678,0.025370,0.062443
s4g10,4,0,2,Bob,Parsnip,0,0.014287,0.089286,0.265696,0.311147,0.051532,0.045983
s4g11,4,0,2,Bob,Parsnip,0,0.002363,0.009683,0.209361,0.246771,0.054189,0.045461
s4g12,4,0,2,Eve,Carrot,0,0.002975,0.021516,0.227011,0.267630,0.088240,0.074267
s4g13,4,0,2,Alice,Parsnip,0,0.000934,0.027146,0.209352,0.279585,0.070633,0.070979
s4g14,4,0,2,Eve,Parsnip,0,0.004642,0.026208,0.245306,0.284441,0.037483,0.050232
s4g15,4,0,2,Bob,Carrot,0,0.000905,0.005725,0.193990,0.235129,0.109115,0.055913
s4g16,4,0,2,Eve,Carrot,0,0.005441,0.012480,0.238138,0.255608,0.044885,0.068108
s4g17,4,0,2,Charlie,Carrot,0,0.005253,0.015147,0.239416,0.262268,0.092314,0.066058
s4g18,4,0,2,Charlie,Carrot,0,0.001834,0.021882,0.216877,0.270862,0.105938,0.069003
s4g19,4,0,2,Bob,Carrot,0,0.003186,0.009901,0.215561,0.246619,0.078672,0.061157
s0g0,0,0,3,Eve,Carrot,0,0.002696,0.023091,0.224912,0.271469,0.391173,0.377215
s0g1,0,0,3,Dave,Carrot,0,0.001003,0.007048,0.202547,0.241341,0.707958,0.528501
s0g2,0,0,3,Charlie,Carrot,0,0.002349,0.015567,0.212295,0.260174,0.606249,0.562841
s0g3,0,0,3,Charlie,Carrot,0,0.010771,0.027837,0.261216,0.279543,0.486946,0.446522
s0g4,0,0,3,Alice,Carrot,0,0.006276,0.024238,0.240878,0.269857,0.468122,0.364370
s0g5,0,0,3,Charlie,Carrot,0,0.004140,0.029826,0.241118,0.280601,0.520940,0.354053
s0g6,0,0,3,Eve,Parsnip,0,0.009009,0.063874,0.258540,0.304059,0.474180,0.327909
s0g7,0,0,3,Dave,Carrot,0,0.001323,0.004417,0.214486,0.231398,0.591017,0.596372
s0g8,0,0,3,Alice,Carrot,0,0.021779,0.038085,0.265000,0.283600,0.405616,0.423671
s0g9,0,0,3,Eve,Carrot,0,0.023613,0.028070,0.268545,0.271447,0.390121,0.537676
s0g10,0,0,3,Dave,Carrot,0,0.010237,0.032074,0.254141,0.284104,0.385823,0.354348
s0g11,0,0,3,Dave,Parsnip,0,0.029442,0.075574,0.265090,0.298469,0.467437,0.440526
s0g12,0,0,3,Bob,Carrot,0,0.002645,0.010227,0.215162,0.247449,0.723291,0.712036
s0g13,0,0,3,Charlie,Carrot,0,0.002498,0.010140,0.228564,0.253849,0.692169,0.418474
s0g14,0,0,3,Eve,Carrot,0,0.013619,0.024960,0.259281,0.276646,0.506178,0.422297
s0g15,0,0,3,Alice,Parsnip,0,0.004520,0.032037,0.238456,0.279331,0.454944,0.317199
s0g16,0,0,3,Eve,Carrot,0,0.011116,0.024437,0.263109,0.279470,0.301353,0.396865
s0g17,0,0,3,Bob,Carrot,0,0.003013,0.021740,0.227354,0.268654,0.455242,0.326847
s0g18,0,0,3,Bob,Parsnip,0,0.004894,0.020696,0.238546,0.266417,0.357803,0.309890
s0g19,0,0,3,Bob,Carrot,0,0.002263,0.010081,0.221758,0.254418,0.619609,0.502548
s1g0,1,0,3,Eve,Carrot,0,0.003662,0.018040,0.224833,0.264102,0.941944,0.928728
s1g1,1,0,3,Alice,Carrot,0,0.001711,0.007440,0.202377,0.238736,0.967930,0.964896
s1g2,1,0,3,Bob,Carrot,0,0.001964,0.020669,0.215985,0.267010,0.972680,0.927455
s1g3,1,0,3,Dave,Carrot,0,0.007328,0.019782,0.248828,0.270938,0.968755,0.963848
s1g4,1,0,3,Charlie,Carrot,0,0.006426,0.013550,0.234027,0.256548,0.955750,0.962374
s1g5,1,0,3,Charlie,Carrot,0,0.034263,0.043156,0.291661,0.295711,0.894895,0.921610
s1g6,1,0,3,Dave,Carrot,0,0.013023,0.033402,0.259426,0.284504,0.964059,0.956536
s1g7,1,0,3,Eve,Carrot,0,0.004174,0.034166,0.232348,0.281416,0.967309,0.931957
s1g8,1,0,3,Bob,Carrot,0,0.002614,0.024145,0.218031,0.269780,0.946945,0.946111
s1g9,1,0,3,Bob,Carrot,0,0.019845,0.040336,0.271016,0.287333,0.952848,0.925082
s1g10,1,0,3,Bob,Carrot,0,0.005740,0.015430,0.236247,0.265201,0.948968,0.944861
s1g11,1,0,3,Dave,Parsnip,0,0.005607,0.041836,0.241612,0.287791,0.929236,0.945496
s1g12,1,0,3,Alice,Parsnip,0,0.003035,0.039916,0.224473,0.286611,0.947723,0.924195
s1g13,1,0,3,Charlie,Parsnip,0,0.003117,0.022251,0.234142,0.272795,0.963954,0.931799
s1g14,1,0,3,Alice,Carrot,0,0.002734,0.010190,0.228085,0.255723,0.949672,0.940426
s1g15,1,0,3,Alice,Parsnip,0,0.009325,0.047357,0.248679,0.289725,0.951627,0.925643
s1g16,1,0,3,Alice,Carrot,0,0.004579,0.031128,0.243024,0.280328,0.957680,0.930246
s1g17,1,0,3,Bob,Carrot,0,0.002892,0.027442,0.225660,0.275175,0.964929,0.951944
s1g18,1,0,3,Alice,Carrot,0,0.001465,0.006974,0.211417,0.242467,0.909510,0.918392
s1g19,1,0,3,Bob,Carrot,0,0.003737,0.034143,0.231779,0.284408,0.930397,0.942982
s2g0,2,0,3,Bob,Carrot,0,0.001259,0.005329,0.202233,0.234534,0.766863,0.747372
s2g1,2,0,3,Dave,Carrot,0,0.001177,0.013787,0.208127,0.260785,0.648230,0.780078
s2g2,2,0,3,Dave,Carrot,0,0.003820,0.032333,0.227954,0.281832,0.826843,0.802173
s2g3,2,0,3,Alice,Parsnip,0,0.004444,0.020472,0.235609,0.264724,0.675078,0.777003
s2g4,2,0,3,Charlie,Carrot,0,0.013319,0.049768,0.263607,0.295983,0.870819,0.844461
s2g5,2,0,3,Charlie,Parsnip,0,0.002195,0.035061,0.235002,0.285407,0.698177,0.772189
s2g6,2,0,3,Alice,Carrot,0,0.004229,0.027791,0.235807,0.282220,0.631763,0.796856
s2g7,2,0,3,Eve,Carrot,0,0.002914,0.015603,0.227053,0.262128,0.847140,0.836432
s2g8,2,0,3,Dave,Carrot,0,0.001752,0.023345,0.217088,0.273392,0.646402,0.763487
s2g9,2,0,3,Dave,Carrot,0,0.001570,0.006350,0.211744,0.234831,0.711972,0.744926
s2g10,2,0,3,Charlie,Parsnip,0,0.035827,0.082207,0.300419,0.320176,0.710569,0.736925
s2g11,2,0,3,Alice,Carrot,0,0.003672,0.008843,0.228022,0.247865,0.592190,0.803023
s2g12,2,0,3,Eve,Carrot,0,0.003424,0.010923,0.221091,0.247232,0.691076,0.746686
s2g13,2,0,3,Dave,Carrot,0,0.003095,0.011469,0.226673,0.253936,0.828696,0.803739
s2g14,2,0,3,Bob,Carrot,0,0.023289,0.055807,0.272812,0.297044,0.731114,0.802568
s2g15,2,0,3,Dave,Parsnip,0,0.003183,0.050521,0.222284,0.289196,0.736535,0.767129
s2g16,2,0,3,Bob,Carrot,0,0.004152,0.016705,0.227155,0.263652,0.703132,0.764181
s2g17,2,0,3,Alice,Carrot,0,0.004630,0.015732,0.232208,0.266517,0.694342,0.768673
s2g18,2,0,3,Dave,Carrot,0,0.003443,0.026191,0.229053,0.278810,0.786890,0.836820
s2g19,2,0,3,Charlie,Carrot,0,0.005588,0.018829,0.238231,0.265853,0.798270,0.793387
s3g0,3,0,3,Dave,Carrot,0,0.003470,0.018863,0.222935,0.266247,0.232273,0.401319
s3g1,3,0,3,Alice,Parsnip,0,0.002088,0.025120,0.221278,0.275272,0.144115,0.398669
s3g2,3,0,3,Eve,Carrot,0,0.003670,0.021096,0.232834,0.270045,0.181953,0.403176
s3g3,3,0,3,Eve,Parsnip,0,0.002673,0.052597,0.224851,0.297782,0.154865,0.296991
s3g4,3,0,3,Alice,Carrot,0,0.024268,0.056105,0.288999,0.303023,0.200102,0.243123
s3g5,3,0,3,Alice,Parsnip,0,0.001915,0.017691,0.218041,0.264354,0.224640,0.435837
s3g6,3,0,3,Charlie,Carrot,0,0.004123,0.013272,0.229709,0.255034,0.194574,0.309658
s3g7,3,0,3,Dave,Carrot,0,0.004882,0.018818,0.237333,0.267046,0.342270,0.390296
s3g8,3,0,3,Eve,Carrot,0,0.005435,0.046591,0.232815,0.286107,0.321542,0.359561
s3g9,3,0,3,Eve,Carrot,0,0.001411,0.011396,0.203690,0.250778,0.279748,0.293462
s3g10,3,0,3,Charlie,Carrot,0,0.007511,0.024734,0.245745,0.275402,0.115732,0.260636
s3g11,3,0,3,Dave,Parsnip,0,0.023926,0.082853,0.275754,0.311944,0.294194,0.423801
s3g12,3,0,3,Dave,Carrot,0,0.013084,0.022778,0.258988,0.272544,0.149008,0.175778
s3g13,3,0,3,Eve,Carrot,0,0.015738,0.027143,0.261106,0.276258,0.283510,0.264399
s3g14,3,0,3,Alice,Carrot,0,0.003551,0.019022,0.225930,0.264123,0.122876,0.350479
s3g15,3,0,3,Charlie,Carrot,0,0.006620,0.027756,0.245792,0.275189,0.184120,0.442221
s3g16,3,0,3,Bob,Carrot,0,0.001024,0.020958,0.202979,0.266410,0.142909,0.447535
s3g17,3,0,3,Alice,Carrot,0,0.006155,0.017920,0.244400,0.265184,0.139991,0.365709
s3g18,3,0,3,Bob,Carrot,0,0.005105,0.020088,0.241982,0.272376,0.122421,0.237137
s3g19,3,0,3,Charlie,Carrot,0,0.003555,0.026860,0.223758,0.272581,0.249567,0.511875
s4g0,4,0,3,Eve,Carrot,0,0.002089,0.014246,0.208894,0.251490,0.039497,0.078320
s4g1,4,0,3,Charlie,Parsnip,0,0.009181,0.058039,0.254534,0.303980,0.051639,0.056841
s4g2,4,0,3,Bob,Carrot,0,0.009290,0.019557,0.247394,0.267721,0.065551,0.067854
s4g3,4,0,3,Charlie,Carrot,0,0.003105,0.037071,0.223276,0.282645,0.035015,0.055013
s4g4,4,0,3,Dave,Carrot,0,0.063376,0.090585,0.311952,0.310784,0.032064,0.034633
s4g5,4,0,3,Dave,Carrot,0,0.003093,0.028588,0.229267,0.277836,0.070657,0.078834
s4g6,4,0,3,Alice,Carrot,0,0.002941,0.008481,0.213962,0.243964,0.044736,0.032781
s4g7,4,0,3,Eve,Carrot,0,0.002333,0.008104,0.219299,0.247516,0.023689,0.049132
s4g8,4,0,3,Eve,Parsnip,0,0.013770,0.048879,0.261033,0.292013,0.115099,0.081873
s4g9,4,0,3,Dave,Carrot,0,0.002613,0.008737,0.220834,0.247757,0.053286,0.056476
s4g10,4,0,3,Alice,Carrot,0,0.005840,0.013903,0.230315,0.255617,0.146617,0.088748
s4g11,4,0,3,Eve,Carrot,0,0.001505,0.009091,0.204512,0.243888,0.051774,0.085465
s4g12,4,0,3,Bob,Carrot,0,0.009716,0.036285,0.249237,0.282511,0.042300,0.039619
s4g13,4,0,3,Dave,Carrot,0,0.002586,0.026027,0.227823,0.275997,0.082974,0.069082
s4g14,4,0,3,Alice,Carrot,0,0.002127,0.022422,0.221552,0.271396,0.093360,0.074062
s4g15,4,0,3,Alice,Carrot,0,0.003569,0.008078,0.219806,0.242958,0.104828,0.088187
s4g16,4,0,3,Alice,Parsnip,0,0.003176,0.030670,0.224767,0.277722,0.104038,0.071840
s4g17,4,0,3,Dave,Parsnip,0,0.002837,0.021421,0.227185,0.272272,0.106985,0.074899
s4g18,4,0,3,Dave,Carrot,0,0.006888,0.019060,0.238941,0.264598,0.042906,0.074676
s4g19,4,0,3,Alice,Carrot,0,0.008093,0.030677,0.244659,0.278820,0.071011,0.052604
s0g0,0,0,4,Alice,Carrot,0,0.001327,0.013153,0.211112,0.255091,0.569720,0.421516
s0g1,0,0,4,Bob,Carrot,0,0.002597,0.015891,0.219392,0.260854,0.682673,0.439950
s0g2,0,0,4,Dave,Parsnip,0,0.000879,0.029166,0.194583,0.276390,0.563280,0.345555
s0g3,0,0,4,Dave,Parsnip,0,0.005455,0.065384,0.242687,0.302830,0.406348,0.365372
s0g4,0,0,4,Dave,Carrot,0,0.006171,0.027972,0.240041,0.274353,0.433438,0.328960
s0g5,0,0,4,Dave,Carrot,0,0.003316,0.014379,0.224179,0.258545,0.512286,0.462636
s0g6,0,0,4,Charlie,Carrot,0,0.009235,0.034625,0.254507,0.280905,0.625700,0.504628
s0g7,0,0,4,Alice,Parsnip,0,0.003677,0.029483,0.226051,0.276626,0.400448,0.505962
s0g8,0,0,4,Charlie,Parsnip,0,0.027068,0.162228,0.277016,0.330998,0.409720,0.382333
s0g9,0,0,4,Alice,Parsnip,0,0.006289,0.023481,0.244691,0.271705,0.420482,0.344755
s0g10,0,0,4,Charlie,Carrot,0,0.003513,0.028116,0.231339,0.274478,0.483825,0.342536
s0g11,0,0,4,Charlie,Carrot,0,0.024302,0.026093,0.273106,0.266373,0.385212,0.581714
s0g12,0,0,4,Dave,Carrot,0,0.003880,0.027414,0.232739,0.276041,0.537075,0.393959
s0g13,0,0,4,Bob,Carrot,0,0.003841,0.017925,0.227933,0.266947,0.390431,0.368333
s0g14,0,0,4,Alice,Parsnip,0,0.010887,0.037835,0.249593,0.286325,0.574715,0.539086
s0g15,0,0,4,Dave,Carrot,0,0.001518,0.011378,0.204319,0.250554,0.642166,0.469265
s0g16,0,0,4,Dave,Carrot,0,0.014476,0.028187,0.258048,0.277372,0.749804,0.618370
s0g17,0,0,4,Dave,Carrot,0,0.007033,0.019378,0.241215,0.267875,0.272646,0.293717
s0g18,0,0,4,Dave,Carrot,0,0.005442,0.069277,0.230534,0.299144,0.442616,0.439902
s0g19,0,0,4,Eve,Carrot,0,0.005272,0.054991,0.234371,0.297286,0.283271,0.362004
s1g0,1,0,4,Alice,Parsnip,0,0.000750,0.011130,0.196474,0.252300,0.907488,0.938993
s1g1,1,0,4,Charlie,Parsnip,0,0.002084,0.025284,0.212308,0.271016,0.979155,0.940506
s1g2,1,0,4,Eve,Parsnip,0,0.002528,0.039837,0.223473,0.286504,0.962825,0.920888
s1g3,1,0,4,Alice,Parsnip,0,0.002248,0.031728,0.220886,0.281644,0.937746,0.917392
s1g4,1,0,4,Dave,Carrot,0,0.018999,0.038377,0.280018,0.288899,0.940598,0.938895
s1g5,1,0,4,Alice,Carrot,0,0.005081,0.028868,0.242496,0.279927,0.952735,0.922550
s1g6,1,0,4,Bob,Carrot,0,0.007849,0.026188,0.243915,0.273744,0.942436,0.932139
s1g7,1,0,4,Bob,Parsnip,0,0.001085,0.015391,0.209216,0.261662,0.957178,0.937674
s1g8,1,0,4,Eve,Parsnip,0,0.005517,0.039830,0.242451,0.284168,0.950019,0.927458
s1g9,1,0,4,Charlie,Parsnip,0,0.003182,0.023303,0.231059,0.275051,0.941126,0.937197
s1g10,1,0,4,Dave,Carrot,0,0.004050,0.022695,0.227918,0.272672,0.956131,0.956041
s1g11,1,0,4,Alice,Carrot,0,0.003589,0.021319,0.231134,0.270137,0.955902,0.931382
s1g12,1,0,4,Eve,Carrot,0,0.012037,0.031631,0.259023,0.279154,0.978254,0.946634
s1g13,1,0,4,Eve,Carrot,0,0.003337,0.030041,0.228945,0.278741,0.955922,0.923479
s1g14,1,0,4,Eve,Parsnip,0,0.000742,0.010621,0.194781,0.252290,0.973505,0.932048
s1g15,1,0,4,Bob,Carrot,0,0.001876,0.007140,0.204707,0.238112,0.969266,0.961081
s1g16,1,0,4,Bob,Carrot,0,0.015661,0.065186,0.265707,0.306453,0.863500,0.933833
s1g17,1,0,4,Eve,Carrot,0,0.004432,0.043678,0.230543,0.285620,0.928872,0.929429
s1g18,1,0,4,Charlie,Carrot,0,0.002477,0.030581,0.221593,0.278522,0.962954,0.923069
s1g19,1,0,4,Dave,Carrot,0,0.007752,0.038314,0.248560,0.285067,0.976064,0.923760
s2g0,2,0,4,Eve,Carrot,0,0.001562,0.011090,0.211583,0.251149,0.638731,0.773504
s2g1,2,0,4,Eve,Parsnip,0,0.004271,0.028289,0.238351,0.275513,0.775317,0.805418
s2g2,2,0,4,Eve,Carrot,0,0.005922,0.022006,0.235507,0.269599,0.627261,0.776321
s2g3,2,0,4,Charlie,Carrot,0,0.005101,0.027172,0.241757,0.276223,0.666577,0.745511
s2g4,2,0,4,Bob,Carrot,0,0.003847,0.013248,0.234120,0.262264,0.871808,0.857097
s2g5,2,0,4,Dave,Carrot,0,0.001289,0.021367,0.202290,0.264988,0.790357,0.818635
s2g6,2,0,4,Eve,Parsnip,0,0.003351,0.019763,0.224485,0.268085,0.785845,0.803019
s2g7,2,0,4,Dave,Carrot,0,0.003199,0.026150,0.232555,0.275539,0.716984,0.753356
s2g8,2,0,4,Eve,Carrot,0,0.017586,0.066237,0.277210,0.306660,0.881433,0.861108
s2g9,2,0,4,Charlie,Carrot,0,0.007027,0.017227,0.248600,0.266439,0.631702,0.731825
s2g10,2,0,4,Eve,Carrot,0,0.001039,0.015271,0.206709,0.261092,0.466494,0.736704
s2g11,2,0,4,Charlie,Carrot,0,0.010862,0.034222,0.255342,0.284465,0.727519,0.766139
s2g12,2,0,4,Alice,Carrot,0,0.007652,0.021072,0.234924,0.262266,0.709013,0.750457
s2g13,2,0,4,Eve,Carrot,0,0.005675,0.015435,0.231059,0.256928,0.851677,0.825789
s2g14,2,0,4,Charlie,Carrot,0,0.032911,0.043449,0.282066,0.286842,0.820940,0.865623
s2g15,2,0,4,Bob,Carrot,0,0.003637,0.012941,0.224559,0.251616,0.714980,0.736942
s2g16,2,0,4,Alice,Carrot,0,0.003141,0.012302,0.226021,0.258429,0.702035,0.860796
s2g17,2,0,4,Charlie,Parsnip,0,0.001946,0.040188,0.219915,0.288428,0.615851,0.744760
s2g18,2,0,4,Charlie,Carrot,0,0.013824,0.023241,0.255042,0.271644,0.829826,0.769944
s2g19,2,0,4,Alice,Carrot,0,0.014484,0.037986,0.261407,0.283227,0.764962,0.781179
s3g0,3,0,4,Charlie,Carrot,0,0.002814,0.020935,0.216240,0.266606,0.129356,0.402738
s3g1,3,0,4,Charlie,Carrot,0,0.001726,0.011675,0.211683,0.250696,0.156877,0.343948
s3g2,3,0,4,Charlie,Carrot,0,0.006060,0.031588,0.239343,0.277902,0.193907,0.449170
s3g3,3,0,4,Dave,Carrot,0,0.003156,0.026608,0.239553,0.283388,0.107386,0.301214
s3g4,3,0,4,Eve,Carrot,0,0.032484,0.037327,0.278973,0.282479,0.361576,0.242049
s3g5,3,0,4,Charlie,Carrot,0,0.003672,0.015330,0.228892,0.258501,0.156382,0.380643
s3g6,3,0,4,Eve,Parsnip,0,0.002463,0.026391,0.219214,0.277313,0.130701,0.402507
s3g7,3,0,4,Charlie,Parsnip,0,0.004105,0.033243,0.235003,0.282957,0.105130,0.431814
s3g8,3,0,4,Bob,Parsnip,0,0.002937,0.028806,0.230096,0.278795,0.228310,0.490410
s3g9,3,0,4,Charlie,Parsnip,0,0.005749,0.028701,0.235473,0.275599,0.251968,0.485624
s3g10,3,0,4,Alice,Carrot,0,0.008442,0.045936,0.256573,0.291232,0.113209,0.280646
s3g11,3,0,4,Charlie,Carrot,0,0.014009,0.049160,0.259610,0.293136,0.172825,0.448221
s3g12,3,0,4,Alice,Parsnip,0,0.039858,0.120051,0.291272,0.320683,0.133274,0.306938
s3g13,3,0,4,Bob,Carrot,0,0.022137,0.052372,0.268654,0.292381,0.266333,0.464326
s3g14,3,0,4,Charlie,Carrot,0,0.000794,0.007819,0.187938,0.238950,0.204289,0.325055
s3g15,3,0,4,Dave,Carrot,0,0.006345,0.032897,0.244547,0.281695,0.215766,0.349182
s3g16,3,0,4,Charlie,Carrot,0,0.048179,0.079193,0.298838,0.309514,0.278516,0.339978
s3g17,3,0,4,Eve,Carrot,0,0.032098,0.063029,0.282811,0.303409,0.354453,0.299021
s3g18,3,0,4,Charlie,Parsnip,0,0.005030,0.047738,0.234804,0.292642,0.111769,0.416800
s3g19,3,0,4,Eve,Carrot,0,0.016542,0.047070,0.263365,0.291581,0.333712,0.462082
s4g0,4,0,4,Alice,Carrot,0,0.007380,0.022654,0.238236,0.263234,0.071282,0.059956
s4g1,4,0,4,Alice,Carrot,0,0.002770,0.034175,0.224496,0.281585,0.072110,0.071278
s4g2,4,0,4,Charlie,Carrot,0,0.019666,0.031602,0.268985,0.282059,0.062866,0.070695
s4g3,4,0,4,Eve,Carrot,0,0.001481,0.016509,0.209390,0.261539,0.041855,0.061939
s4g4,4,0,4,Charlie,Carrot,0,0.005166,0.018290,0.235506,0.265945,0.089662,0.070996
s4g5,4,0,4,Alice,Carrot,0,0.011639,0.015263,0.251472,0.259118,0.043014,0.053097
s4g6,4,0,4,Eve,Parsnip,0,0.001898,0.017366,0.214759,0.263676,0.057392,0.065602
s4g7,4,0,4,Charlie,Carrot,0,0.004730,0.063388,0.244747,0.301519,0.081134,0.088303
s4g8,4,0,4,Charlie,Carrot,0,0.200184,0.104430,0.348700,0.318814,0.053716,0.043943
s4g9,4,0,4,Alice,Carrot,0,0.001398,0.014900,0.208690,0.259240,0.111634,0.060267
s4g10,4,0,4,Eve,Carrot,0,0.007542,0.025541,0.246305,0.274892,0.069911,0.075591
s4g11,4,0,4,Dave,Carrot,0,0.004112,0.011588,0.222437,0.252599,0.041474,0.033857
s4g12,4,0,4,Alice,Parsnip,0,0.003223,0.039819,0.220687,0.285864,0.065867,0.062141
s4g13,4,0,4,Eve,Carrot,0,0.003523,0.018726,0.226345,0.269108,0.050681,0.060795
s4g14,4,0,4,Bob,Carrot,0,0.005532,0.028976,0.240238,0.276740,0.132315,0.083990
s4g15,4,0,4,Eve,Parsnip,0,0.005393,0.018347,0.234383,0.265300,0.088447,0.064916
s4g16,4,0,4,Dave,Carrot,0,0.003382,0.014729,0.216152,0.254379,0.043274,0.059184
s4g17,4,0,4,Bob,Carrot,0,0.001733,0.021294,0.213362,0.270089,0.117532,0.079742
s4g18,4,0,4,Alice,Parsnip,0,0.006098,0.051407,0.246462,0.293137,0.093178,0.078097
s4g19,4,0,4,Dave,Carrot,0,0.002846,0.018283,0.220998,0.265488,0.046323,0.043463
s0g0,0,1,0,Charlie,Carrot,0,0.003881,0.011354,0.223014,0.249005,0.411879,0.388703
s0g1,0,1,0,Dave,Carrot,0,0.003864,0.021198,0.230551,0.266550,0.433424,0.372347
s0g2,0,1,0,Charlie,Carrot,0,0.009465,0.037203,0.253112,0.283673,0.529348,0.339301
s0g3,0,1,0,Charlie,Carrot,0,0.006184,0.019629,0.247584,0.266431,0.694964,0.348287
s0g4,0,1,0,Alice,Carrot,0,0.039771,0.053616,0.279997,0.291358,0.480955,0.461591
s0g5,0,1,0,Eve,Parsnip,0,0.012056,0.023191,0.261394,0.274322,0.493312,0.325350
s0g6,0,1,0,Alice,Carrot,0,0.009047,0.016865,0.248406,0.264928,0.617190,0.393101
s0g7,0,1,0,Bob,Carrot,0,0.006749,0.053890,0.237264,0.292170,0.648929,0.557732
s0g8,0,1,0,Eve,Carrot,0,0.082883,0.055733,0.302288,0.287593,0.488672,0.510339
s0g9,0,1,0,Dave,Carrot,0,0.020077,0.074166,0.268263,0.299987,0.476981,0.492957
s0g10,0,1,0,Bob,Carrot,0,0.050648,0.030822,0.290655,0.276682,0.584242,0.349059
s0g11,0,1,0,Eve,Carrot,0,0.012693,0.036518,0.265276,0.284021,0.340279,0.341641
s0g12,0,1,0,Alice,Carrot,0,0.024915,0.027613,0.272978,0.272941,0.527571,0.482543
s0g13,0,1,0,Eve,Carrot,0,0.014359,0.039120,0.263790,0.287056,0.383074,0.279313
s0g14,0,1,0,Eve,Carrot,0,0.028965,0.036536,0.279316,0.282307,0.485824,0.303645
s0g15,0,1,0,Charlie,Carrot,0,0.007087,0.022529,0.238112,0.271153,0.564571,0.537676
s0g16,0,1,0,Alice,Carrot,0,0.034658,0.038006,0.291987,0.287063,0.507256,0.333212
s0g17,0,1,0,Eve,Parsnip,0,0.009948,0.144490,0.248945,0.322913,0.392617,0.249160
s0g18,0,1,0,Bob,Parsnip,0,0.021030,0.114894,0.273964,0.317008,0.504406,0.301229
s0g19,0,1,0,Alice,Carrot,0,0.030590,0.058750,0.288264,0.297446,0.647566,0.394011
s1g0,1,1,0,Eve,Carrot,0,0.006200,0.023778,0.240390,0.271769,0.947113,0.940776
s1g1,1,1,0,Bob,Carrot,0,0.004314,0.025773,0.236355,0.273403,0.962998,0.937125
s1g2,1,1,0,Bob,Carrot,0,0.013112,0.029299,0.261893,0.276538,0.950943,0.929854
s1g3,1,1,0,Eve,Carrot,0,0.020129,0.036196,0.274587,0.283637,0.944975,0.944601
s1g4,1,1,0,Eve,Carrot,0,0.006117,0.021017,0.241240,0.268535,0.940655,0.926157
s1g5,1,1,0,Bob,Carrot,0,0.005425,0.019324,0.239622,0.265395,0.969252,0.933133
s1g6,1,1,0,Charlie,Carrot,0,0.019401,0.058634,0.270477,0.297852,0.972979,0.941506
s1g7,1,1,0,Alice,Carrot,0,0.030211,0.042320,0.276663,0.284955,0.939310,0.933328
s1g8,1,1,0,Bob,Carrot,0,0.025477,0.024536,0.283864,0.276475,0.895708,0.934379
s1g9,1,1,0,Dave,Carrot,0,0.075804,0.050198,0.302898,0.292936,0.957223,0.932222
s1g10,1,1,0,Charlie,Carrot,0,0.015937,0.022635,0.266855,0.273440,0.899257,0.920382
s1g11,1,1,0,Bob,Carrot,0,0.028314,0.029248,0.288122,0.278371,0.899838,0.884649
s1g12,1,1,0,Dave,Carrot,0,0.196062,0.072721,0.340840,0.305708,0.834429,0.916323
s1g13,1,1,0,Charlie,Parsnip,0,0.005903,0.019693,0.251176,0.270105,0.976128,0.952767
s1g14,1,1,0,Charlie,Carrot,0,0.017119,0.042771,0.270518,0.289133,0.888029,0.911640
s1g15,1,1,0,Dave,Carrot,0,0.006621,0.022873,0.249023,0.270562,0.965860,0.940044
s1g16,1,1,0,Charlie,Parsnip,0,0.039007,0.099149,0.301746,0.315284,0.919114,0.907035
s1g17,1,1,0,Alice,Carrot,0,0.014276,0.033436,0.271027,0.282638,0.979047,0.947487
s1g18,1,1,0,Alice,Carrot,0,0.008698,0.018834,0.251605,0.270001,0.872090,0.871312
s1g19,1,1,0,Alice,Carrot,0,0.022509,0.051597,0.272515,0.293765,0.940308,0.923825
s2g0,2,1,0,Alice,Parsnip,0,0.010289,0.042057,0.249819,0.286399,0.626251,0.709345
s2g1,2,1,0,Bob,Carrot,0,0.016264,0.031423,0.264519,0.281545,0.728048,0.808337
s2g2,2,1,0,Alice,Carrot,0,0.036083,0.037568,0.284331,0.286060,0.801282,0.852026
s2g3,2,1,0,Dave,Carrot,0,0.005634,0.027237,0.242136,0.274452,0.640559,0.773805
s2g4,2,1,0,Charlie,Carrot,0,0.011622,0.021988,0.259986,0.271858,0.656329,0.808941
s2g5,2,1,0,Alice,Carrot,0,0.005523,0.030664,0.229646,0.271766,0.534031,0.778441
s2g6,2,1,0,Dave,Carrot,0,0.006137,0.035862,0.237728,0.283209,0.746202,0.819647
s2g7,2,1,0,Bob,Carrot,0,0.007799,0.013869,0.244092,0.260491,0.766708,0.859556
s2g8,2,1,0,Dave,Carrot,0,0.050907,0.033878,0.293966,0.279882,0.664138,0.750128
s2g9,2,1,0,Bob,Carrot,0,0.004617,0.014039,0.229050,0.255613,0.732076,0.788048
s2g10,2,1,0,Charlie,Parsnip,0,0.012511,0.064915,0.259998,0.303123,0.768727,0.802150
s2g11,2,1,0,Alice,Carrot,0,0.013661,0.027258,0.256180,0.273167,0.716482,0.763722
s2g12,2,1,0,Charlie,Carrot,0,0.006137,0.029438,0.235275,0.276195,0.739290,0.812133
s2g13,2,1,0,Charlie,Carrot,0,0.057340,0.067556,0.295153,0.299858,0.858103,0.870033
s2g14,2,1,0,Eve,Carrot,0,0.030486,0.036163,0.288390,0.283242,0.707265,0.806932
s2g15,2,1,0,Charlie,Carrot,0,0.010975,0.021113,0.266102,0.268434,0.680910,0.779981
s2g16,2,1,0,Dave,Carrot,0,0.009260,0.027219,0.251519,0.276205,0.780075,0.767419
s2g17,2,1,0,Eve,Carrot,0,0.012459,0.024147,0.258787,0.272122,0.785178,0.802289
s2g18,2,1,0,Alice,Carrot,0,0.004376,0.022992,0.233869,0.270441,0.718349,0.792869
s2g19,2,1,0,Bob,Carrot,0,0.008282,0.028547,0.259824,0.277446,0.790457,0.806698
s3g0,3,1,0,Eve,Carrot,0,0.018106,0.029528,0.262532,0.274047,0.248838,0.421089
s3g1,3,1,0,Bob,Carrot,0,0.022289,0.042088,0.270890,0.283570,0.098741,0.355664
s3g2,3,1,0,Eve,Carrot,0,0.020111,0.103834,0.265495,0.310665,0.276141,0.401223
s3g3,3,1,0,Charlie,Carrot,0,0.016028,0.030478,0.267963,0.281236,0.105632,0.376850
s3g4,3,1,0,Charlie,Carrot,0,0.006187,0.017142,0.248317,0.268295,0.097688,0.276206
s3g5,3,1,0,Bob,Carrot,0,0.007498,0.022004,0.242659,0.266359,0.315212,0.341101
s3g6,3,1,0,Bob,Carrot,0,0.016431,0.023007,0.261875,0.271628,0.122551,0.274330
s3g7,3,1,0,Bob,Carrot,0,0.012476,0.041952,0.263730,0.289583,0.167164,0.413734
s3g8,3,1,0,Dave,Carrot,0,0.005905,0.008797,0.233203,0.245226,0.150694,0.371469
s3g9,3,1,0,Eve,Carrot,0,0.033818,0.045311,0.280748,0.288718,0.379596,0.484582
s3g10,3,1,0,Eve,Parsnip,0,0.005010,0.036143,0.237879,0.287031,0.150325,0.368815
s3g11,3,1,0,Bob,Carrot,0,0.021772,0.074468,0.274956,0.306963,0.165809,0.461351
s3g12,3,1,0,Eve,Carrot,0,0.008792,0.044227,0.254165,0.288165,0.089811,0.333820
s3g13,3,1,0,Alice,Carrot,0,0.007210,0.021716,0.242236,0.268496,0.069491,0.147160
s3g14,3,1,0,Alice,Carrot,0,0.006116,0.022637,0.240224,0.271386,0.394222,0.425431
s3g15,3,1,0,Alice,Carrot,0,0.023567,0.041660,0.275806,0.287405,0.229873,0.453729
s3g16,3,1,0,Alice,Parsnip,0,0.009834,0.051290,0.246224,0.291016,0.082209,0.452617
s3g17,3,1,0,Dave,Carrot,0,0.018427,0.051858,0.298533,0.292279,0.327287,0.427459
s3g18,3,1,0,Eve,Carrot,0,0.042959,0.042054,0.296508,0.288465,0.182839,0.363015
s3g19,3,1,0,Alice,Carrot,0,0.284552,0.132305,0.360561,0.322802,0.221670,0.418246
s4g0,4,1,0,Bob,Carrot,0,0.010135,0.029421,0.247707,0.273916,0.146594,0.062256
s4g1,4,1,0,Dave,Carrot,0,0.012572,0.057212,0.256682,0.297913,0.033157,0.048311
s4g2,4,1,0,Bob,Carrot,0,0.009330,0.026391,0.255631,0.274836,0.177483,0.072159
s4g3,4,1,0,Alice,Carrot,0,0.010732,0.044281,0.257265,0.287433,0.082291,0.068521
s4g4,4,1,0,Bob,Carrot,0,0.029111,0.059228,0.283082,0.297923,0.163408,0.074066
s4g5,4,1,0,Eve,Carrot,0,0.068416,0.053364,0.304243,0.293085,0.081321,0.069801
s4g6,4,1,0,Alice,Carrot,0,0.004709,0.025193,0.234624,0.275732,0.092041,0.053052
s4g7,4,1,0,Eve,Carrot,0,0.011832,0.025500,0.266377,0.276418,0.064004,0.053159
s4g8,4,1,0,Dave,Carrot,0,0.085102,0.088197,0.326486,0.311726,0.021353,0.046251
s4g9,4,1,0,Eve,Carrot,0,0.002719,0.018293,0.231910,0.266480,0.057000,0.056114
s4g10,4,1,0,Bob,Parsnip,0,0.003841,0.035074,0.231260,0.283614,0.175737,0.096887
s4g11,4,1,0,Eve,Carrot,0,0.014597,0.025497,0.262080,0.272980,0.147323,0.063232
s4g12,4,1,0,Bob,Carrot,0,0.007483,0.030507,0.244617,0.275849,0.093409,0.082392
s4g13,4,1,0,Dave,Carrot,0,0.012440,0.031483,0.257685,0.281636,0.080716,0.042192
s4g14,4,1,0,Alice,Carrot,0,0.004879,0.020895,0.233333,0.267813,0.090351,0.072505
s4g15,4,1,0,Alice,Carrot,0,0.009931,0.016781,0.253990,0.261675,0.085930,0.071112
s4g16,4,1,0,Charlie,Carrot,0,0.079343,0.058088,0.317992,0.299866,0.029686,0.055996
s4g17,4,1,0,Dave,Parsnip,0,0.020315,0.038535,0.267980,0.284707,0.067341,0.067910
s4g18,4,1,0,Bob,Carrot,0,0.057435,0.080588,0.303240,0.308089,0.010681,0.035877
s4g19,4,1,0,Bob,Carrot,0,0.006411,0.031860,0.236544,0.278437,0.138236,0.072316
s0g0,0,1,1,Eve,Carrot,0,0.004300,0.011365,0.231320,0.252271,0.632941,0.400907
s0g1,0,1,1,Bob,Carrot,0,0.007090,0.030268,0.237004,0.276837,0.366347,0.405316
s0g2,0,1,1,Eve,Carrot,0,0.010247,0.035919,0.258389,0.283348,0.509629,0.342573
s0g3,0,1,1,Eve,Carrot,0,0.056728,0.082254,0.293984,0.308481,0.478736,0.445067
s0g4,0,1,1,Bob,Parsnip,0,0.006244,0.035696,0.239339,0.282973,0.535596,0.301485
s0g5,0,1,1,Bob,Carrot,0,0.003922,0.020030,0.240991,0.272431,0.435713,0.319462
s0g6,0,1,1,Bob,Carrot,0,0.003008,0.016904,0.223515,0.264064,0.480660,0.310181
s0g7,0,1,1,Alice,Parsnip,0,0.007064,0.057620,0.247224,0.297822,0.469257,0.309091
s0g8,0,1,1,Bob,Carrot,0,0.029057,0.035614,0.276819,0.282256,0.430130,0.300059
s0g9,0,1,1,Bob,Carrot,0,0.069491,0.087145,0.303608,0.306682,0.455735,0.511479
s0g10,0,1,1,Charlie,Carrot,0,0.003677,0.015838,0.233362,0.263691,0.509909,0.395608
s0g11,0,1,1,Charlie,Carrot,0,0.034285,0.037499,0.275618,0.281256,0.461494,0.458977
s0g12,0,1,1,Dave,Carrot,0,0.085294,0.083639,0.307900,0.310779,0.371223,0.505073
s0g13,0,1,1,Charlie,Carrot,0,0.008768,0.061384,0.264501,0.303204,0.486653,0.312145
s0g14,0,1,1,Dave,Carrot,0,0.008292,0.021402,0.260091,0.268932,0.629000,0.510963
s0g15,0,1,1,Bob,Carrot,0,0.023972,0.066249,0.272956,0.299487,0.528893,0.412167
s0g16,0,1,1,Charlie,Carrot,0,0.027693,0.050008,0.282717,0.296311,0.604964,0.377122
s0g17,0,1,1,Dave,Carrot,0,0.024918,0.044530,0.277677,0.289653,0.605265,0.352065
s0g18,0,1,1,Alice,Carrot,0,0.019983,0.054163,0.274939,0.295585,0.443695,0.328248
s0g19,0,1,1,Charlie,Carrot,0,0.011024,0.029982,0.262950,0.284979,0.281225,0.342155
s1g0,1,1,1,Dave,Carrot,0,0.203028,0.057354,0.341249,0.294926,0.840916,0.930273
s1g1,1,1,1,Dave,Carrot,0,0.003518,0.025204,0.232435,0.273680,0.981945,0.941376
s1g2,1,1,1,Eve,Parsnip,0,0.009977,0.044878,0.257978,0.287018,0.925159,0.929568
s1g3,1,1,1,Dave,Carrot,0,0.005014,0.031010,0.246212,0.279513,0.972070,0.933162
s1g4,1,1,1,Bob,Parsnip,0,0.015347,0.068271,0.264261,0.300882,0.937029,0.893092
s1g5,1,1,1,Alice,Carrot,0,0.006270,0.018854,0.249435,0.270463,0.953435,0.933333
s1g6,1,1,1,Dave,Carrot,0,0.094332,0.149519,0.331898,0.333581,0.712394,0.882608
s1g7,1,1,1,Eve,Carrot,0,0.144260,0.087222,0.348758,0.313480,0.918773,0.901007
s1g8,1,1,1,Charlie,Carrot,0,0.028326,0.039978,0.282871,0.286055,0.885172,0.905022
s1g9,1,1,1,Bob,Carrot,0,0.008198,0.023091,0.251435,0.270708,0.943033,0.941002
s1g10,1,1,1,Eve,Parsnip,0,0.003714,0.026470,0.232797,0.274079,0.983174,0.931049
s1g11,1,1,1,Dave,Parsnip,0,0.001878,0.018060,0.218759,0.270985,0.949102,0.930330
s1g12,1,1,1,Charlie,Carrot,0,0.018287,0.027880,0.269382,0.278427,0.973386,0.939444
s1g13,1,1,1,Eve,Carrot,0,0.002635,0.019544,0.233133,0.269034,0.953490,0.941789
s1g14,1,1,1,Eve,Parsnip,0,0.056956,0.217288,0.305780,0.345412,0.943723,0.906314
s1g15,1,1,1,Alice,Parsnip,0,0.013334,0.063901,0.266422,0.301923,0.941762,0.918573
s1g16,1,1,1,Eve,Carrot,0,0.014079,0.030872,0.270541,0.281997,0.947384,0.911833
s1g17,1,1,1,Charlie,Carrot,0,0.030885,0.048584,0.289665,0.298227,0.930295,0.908110
s1g18,1,1,1,Charlie,Carrot,0,0.008424,0.055188,0.247635,0.298101,0.915440,0.928326
s1g19,1,1,1,Bob,Carrot,0,0.022415,0.048207,0.287751,0.297250,0.959629,0.938434
s2g0,2,1,1,Dave,Carrot,0,0.009291,0.026152,0.244224,0.274021,0.832017,0.813406
s2g1,2,1,1,Dave,Carrot,0,0.048156,0.049756,0.292409,0.293462,0.870296,0.852046
s2g2,2,1,1,Bob,Parsnip,0,0.007971,0.075341,0.250845,0.306393,0.773908,0.812228
s2g3,2,1,1,Bob,Carrot,0,0.010502,0.022826,0.255863,0.271029,0.741659,0.767187
s2g4,2,1,1,Alice,Carrot,0,0.060203,0.045995,0.304597,0.294218,0.785942,0.760763
s2g5,2,1,1,Dave,Carrot,0,0.003907,0.019396,0.225587,0.262673,0.583486,0.728063
s2g6,2,1,1,Charlie,Carrot,0,0.008050,0.009809,0.249552,0.247975,0.871734,0.830028
s2g7,2,1,1,Alice,Carrot,0,0.024573,0.047852,0.282130,0.299131,0.874316,0.859773
s2g8,2,1,1,Alice,Parsnip,0,0.125703,0.260338,0.318361,0.343693,0.674319,0.735380
s2g9,2,1,1,Eve,Carrot,0,0.003795,0.009354,0.229379,0.244871,0.791377,0.788269
s2g10,2,1,1,Alice,Carrot,0,0.028459,0.042407,0.283435,0.291394,0.808014,0.791802
s2g11,2,1,1,Eve,Parsnip,0,0.015629,0.075890,0.267008,0.306450,0.809560,0.822093
s2g12,2,1,1,Eve,Carrot,0,0.027780,0.060628,0.276494,0.297845,0.664720,0.745492
s2g13,2,1,1,Alice,Parsnip,0,0.019345,0.040390,0.263957,0.285778,0.804965,0.761906
s2g14,2,1,1,Dave,Carrot,0,0.016963,0.050165,0.271580,0.298060,0.821973,0.801193
s2g15,2,1,1,Alice,Carrot,0,0.004136,0.023511,0.237930,0.271914,0.637340,0.778609
s2g16,2,1,1,Bob,Carrot,0,0.008762,0.029490,0.248904,0.278319,0.778291,0.789622
s2g17,2,1,1,Dave,Carrot,0,0.004865,0.039055,0.237156,0.284232,0.639168,0.792264
s2g18,2,1,1,Dave,Carrot,0,0.004446,0.023008,0.229404,0.267221,0.734427,0.783495
s2g19,2,1,1,Eve,Carrot,0,0.019514,0.041356,0.267493,0.285540,0.780313,0.839501
s3g0,3,1,1,Bob,Parsnip,0,0.001160,0.014372,0.210445,0.261375,0.237827,0.476897
s3g1,3,1,1,Charlie,Carrot,0,0.025815,0.047148,0.284411,0.286980,0.149870,0.447393
s3g2,3,1,1,Alice,Parsnip,0,0.010607,0.037648,0.254195,0.283097,0.148696,0.377153
s3g3,3,1,1,Alice,Carrot,0,0.011469,0.045380,0.272894,0.296839,0.090544,0.336036
s3g4,3,1,1,Eve,Carrot,0,0.012610,0.032437,0.265851,0.279490,0.099164,0.270189
s3g5,3,1,1,Alice,Parsnip,0,0.006297,0.032098,0.247390,0.280168,0.187287,0.388496
s3g6,3,1,1,Eve,Parsnip,0,0.023389,0.117042,0.282195,0.320778,0.397286,0.432106
s3g7,3,1,1,Charlie,Parsnip,0,0.013366,0.064760,0.263733,0.301648,0.381524,0.401666
s3g8,3,1,1,Alice,Carrot,0,0.004254,0.023583,0.238767,0.272847,0.110134,0.402814
s3g9,3,1,1,Charlie,Parsnip,0,0.009807,0.030582,0.256272,0.279106,0.035423,0.342023
s3g10,3,1,1,Bob,Carrot,0,0.005563,0.035401,0.239346,0.282811,0.171343,0.278520
s3g11,3,1,1,Charlie,Carrot,0,0.008305,0.092080,0.253128,0.313994,0.102035,0.362023
s3g12,3,1,1,Bob,Carrot,0,0.009018,0.024668,0.253688,0.272255,0.081093,0.316661
s3g13,3,1,1,Charlie,Parsnip,0,0.055436,0.038024,0.295485,0.280997,0.272028,0.409500
s3g14,3,1,1,Bob,Parsnip,0,0.023648,0.091598,0.269524,0.308061,0.247177,0.437750
s3g15,3,1,1,Bob,Carrot,0,0.021867,0.030867,0.281227,0.282931,0.296159,0.432993
s3g16,3,1,1,Eve,Carrot,0,0.005821,0.032980,0.241115,0.281317,0.076550,0.346314
s3g17,3,1,1,Alice,Carrot,0,0.035151,0.074390,0.288173,0.300871,0.182565,0.443654
s3g18,3,1,1,Dave,Carrot,0,0.029882,0.038789,0.290267,0.284494,0.105958,0.267385
s3g19,3,1,1,Dave,Carrot,0,0.073058,0.046886,0.303910,0.283934,0.120926,0.323347
s4g0,4,1,1,Dave,Parsnip,0,0.008363,0.037460,0.248147,0.283877,0.079553,0.063715
s4g1,4,1,1,Bob,Carrot,0,0.011464,0.030530,0.253609,0.277371,0.058561,0.062999
s4g2,4,1,1,Dave,Parsnip,0,0.012742,0.059046,0.262340,0.300659,0.146038,0.070155
s4g3,4,1,1,Eve,Carrot,0,0.036794,0.034094,0.285740,0.282145,0.117915,0.084956
s4g4,4,1,1,Charlie,Carrot,0,0.009553,0.025889,0.262676,0.272960,0.050305,0.061595
s4g5,4,1,1,Charlie,Carrot,0,0.021418,0.035646,0.265848,0.286344,0.131334,0.074821
s4g6,4,1,1,Charlie,Carrot,0,0.009079,0.032481,0.260493,0.285568,0.089653,0.062446
s4g7,4,1,1,Bob,Carrot,0,0.013046,0.015322,0.261563,0.264914,0.024345,0.043176
s4g8,4,1,1,Bob,Carrot,0,0.168651,0.177694,0.342230,0.333900,0.057559,0.067739
s4g9,4,1,1,Dave,Carrot,0,0.014100,0.020718,0.271375,0.270478,0.065401,0.043724
s4g10,4,1,1,Charlie,Carrot,0,0.005270,0.023160,0.236218,0.270055,0.048131,0.040797
s4g11,4,1,1,Bob,Parsnip,0,0.054983,0.112136,0.298887,0.318654,0.065312,0.066667
s4g12,4,1,1,Charlie,Carrot,0,0.023652,0.014383,0.282065,0.259706,0.028128,0.042670
s4g13,4,1,1,Alice,Parsnip,0,0.024111,0.070214,0.279102,0.305264,0.077800,0.056830
s4g14,4,1,1,Bob,Carrot,0,0.019830,0.030014,0.277183,0.278646,0.128392,0.070353
s4g15,4,1,1,Eve,Parsnip,0,0.004071,0.023535,0.236352,0.271811,0.076973,0.072156
s4g16,4,1,1,Bob,Carrot,0,0.021936,0.052917,0.285563,0.295917,0.085682,0.081117
s4g17,4,1,1,Charlie,Carrot,0,0.007512,0.047455,0.237852,0.287316,0.042485,0.049006
s4g18,4,1,1,Alice,Parsnip,0,0.003647,0.034706,0.227630,0.282680,0.105629,0.064502
s4g19,4,1,1,Dave,Carrot,0,0.043391,0.061122,0.289889,0.297026,0.049791,0.060088
s0g0,0,1,2,Bob,Carrot,0,0.004952,0.016623,0.236878,0.262240,0.418508,0.306558
s0g1,0,1,2,Charlie,Parsnip,0,0.010068,0.052636,0.259394,0.295918,0.470397,0.362860
s0g2,0,1,2,Alice,Carrot,0,0.010817,0.027092,0.254267,0.276448,0.499241,0.332968
s0g3,0,1,2,Dave,Parsnip,0,0.007398,0.058906,0.248212,0.299020,0.289088,0.257297
s0g4,0,1,2,Eve,Carrot,0,0.005951,0.025029,0.251095,0.274500,0.630295,0.334105
s0g5,0,1,2,Charlie,Carrot,0,0.008509,0.028908,0.248300,0.277784,0.321470,0.453267
s0g6,0,1,2,Dave,Carrot,0,0.074731,0.055195,0.319507,0.302278,0.449696,0.287102
s0g7,0,1,2,Dave,Carrot,0,0.009428,0.018567,0.252922,0.270779,0.330187,0.382802
s0g8,0,1,2,Dave,Carrot,0,0.011726,0.025367,0.257020,0.273765,0.348766,0.449342
s0g9,0,1,2,Eve,Carrot,0,0.007115,0.041970,0.240774,0.285862,0.326728,0.279872
s0g10,0,1,2,Eve,Parsnip,0,0.003138,0.040505,0.237088,0.288057,0.418143,0.294080
s0g11,0,1,2,Dave,Parsnip,0,0.003032,0.026436,0.226354,0.274286,0.488603,0.312214
s0g12,0,1,2,Bob,Carrot,0,0.013564,0.045663,0.270817,0.292597,0.520414,0.325874
s0g13,0,1,2,Dave,Parsnip,0,0.009047,0.084233,0.244540,0.310351,0.563366,0.289225
s0g14,0,1,2,Alice,Parsnip,0,0.011062,0.049722,0.259622,0.294839,0.690232,0.292703
s0g15,0,1,2,Eve,Carrot,0,0.021170,0.032264,0.276301,0.280163,0.648724,0.370951
s0g16,0,1,2,Bob,Parsnip,0,0.108904,0.180821,0.325668,0.338200,0.478636,0.508176
s0g17,0,1,2,Alice,Carrot,0,0.014569,0.048348,0.256817,0.289829,0.529228,0.302375
s0g18,0,1,2,Charlie,Carrot,0,0.016141,0.018315,0.263787,0.268266,0.568530,0.574511
s0g19,0,1,2,Eve,Carrot,0,0.033511,0.033597,0.289397,0.281667,0.457919,0.465692
s1g0,1,1,2,Alice,Parsnip,0,0.015702,0.051038,0.276555,0.297164,0.933759,0.916703
s1g1,1,1,2,Eve,Carrot,0,0.003683,0.013887,0.235375,0.261023,0.925737,0.939579
s1g2,1,1,2,Alice,Carrot,0,0.003663,0.017104,0.235444,0.262283,0.955553,0.926856
s1g3,1,1,2,Alice,Parsnip,0,0.008590,0.077808,0.249482,0.305590,0.920521,0.922262
s1g4,1,1,2,Dave,Carrot,0,0.039589,0.048232,0.293441,0.288703,0.904257,0.898937
s1g5,1,1,2,Charlie,Carrot,0,0.003190,0.017111,0.227272,0.263050,0.957157,0.925883
s1g6,1,1,2,Alice,Parsnip,0,0.009508,0.061708,0.256880,0.300256,0.937185,0.935138
s1g7,1,1,2,Dave,Carrot,0,0.031968,0.033297,0.282269,0.280153,0.972711,0.947081
s1g8,1,1,2,Dave,Carrot,0,0.005722,0.045142,0.243460,0.289617,0.966890,0.932078
s1g9,1,1,2,Alice,Carrot,0,0.004974,0.041462,0.240143,0.287727,0.964874,0.924654
s1g10,1,1,2,Dave,Carrot,0,0.008706,0.022025,0.256045,0.271160,0.943440,0.934691
s1g11,1,1,2,Alice,Carrot,0,0.022757,0.050727,0.276161,0.296074,0.975763,0.945998
s1g12,1,1,2,Alice,Parsnip,0,0.017050,0.039358,0.264809,0.286367,0.948091,0.930348
s1g13,1,1,2,Bob,Carrot,0,0.008511,0.027171,0.256844,0.279990,0.960889,0.922666
s1g14,1,1,2,Alice,Carrot,0,0.002174,0.029432,0.215266,0.279713,0.946806,0.933037
s1g15,1,1,2,Charlie,Carrot,0,0.001709,0.020952,0.219314,0.269355,0.979238,0.938910
s1g16,1,1,2,Dave,Carrot,0,0.022433,0.091513,0.282728,0.313216,0.955438,0.908915
s1g17,1,1,2,Eve,Carrot,0,0.031813,0.119933,0.285124,0.322169,0.943437,0.935970
s1g18,1,1,2,Dave,Parsnip,0,0.006497,0.048978,0.250212,0.294640,0.931208,0.908937
s1g19,1,1,2,Eve,Carrot,0,0.022618,0.068430,0.280955,0.303240,0.946998,0.927897
s2g0,2,1,2,Bob,Carrot,0,0.006715,0.022627,0.244900,0.271379,0.723202,0.821704
s2g1,2,1,2,Alice,Carrot,0,0.016041,0.028858,0.277005,0.281669,0.745228,0.818259
s2g2,2,1,2,Charlie,Carrot,0,0.005373,0.021677,0.237671,0.269366,0.753813,0.774401
s2g3,2,1,2,Eve,Carrot,0,0.011019,0.053943,0.261883,0.296158,0.761821,0.858548
s2g4,2,1,2,Bob,Carrot,0,0.004326,0.022208,0.244647,0.272604,0.638779,0.757901
s2g5,2,1,2,Charlie,Parsnip,0,0.002743,0.015660,0.224042,0.260568,0.753066,0.776989
s2g6,2,1,2,Eve,Parsnip,0,0.002936,0.017146,0.228914,0.264759,0.772421,0.765456
s2g7,2,1,2,Dave,Carrot,0,0.007047,0.035335,0.248913,0.283564,0.727990,0.799479
s2g8,2,1,2,Charlie,Carrot,0,0.008041,0.030314,0.245699,0.276089,0.775298,0.774834
s2g9,2,1,2,Dave,Carrot,0,0.002686,0.024827,0.225470,0.273636,0.801859,0.810285
s2g10,2,1,2,Bob,Carrot,0,0.018921,0.035768,0.269624,0.282662,0.778175,0.802562
s2g11,2,1,2,Charlie,Carrot,0,0.025304,0.049265,0.279274,0.295296,0.687180,0.803526
s2g12,2,1,2,Bob,Parsnip,0,0.007274,0.025594,0.252867,0.276547,0.551985,0.684959
s2g13,2,1,2,Dave,Carrot,0,0.016281,0.263971,0.259826,0.344936,0.716544,0.817340
s2g14,2,1,2,Bob,Carrot,0,0.020040,0.062600,0.271520,0.300899,0.595105,0.780640
s2g15,2,1,2,Bob,Carrot,0,0.009941,0.035665,0.254779,0.280923,0.811926,0.805786
s2g16,2,1,2,Alice,Carrot,0,0.004825,0.022846,0.245262,0.271455,0.716110,0.772962
s2g17,2,1,2,Alice,Carrot,0,0.012770,0.027301,0.268752,0.278184,0.781848,0.802259
s2g18,2,1,2,Charlie,Carrot,0,0.009861,0.021203,0.253601,0.272097,0.746686,0.805587
s2g19,2,1,2,Charlie,Carrot,0,0.011672,0.029944,0.267955,0.281373,0.690241,0.814080
s3g0,3,1,2,Alice,Carrot,0,0.009133,0.027281,0.248961,0.274226,0.221585,0.468236
s3g1,3,1,2,Dave,Carrot,0,0.018171,0.057350,0.265499,0.292433,0.179153,0.460179
s3g2,3,1,2,Charlie,Carrot,0,0.010669,0.033861,0.258300,0.281346,0.082158,0.314422
s3g3,3,1,2,Dave,Carrot,0,0.025715,0.060253,0.283146,0.300455,0.134413,0.325318
s3g4,3,1,2,Dave,Parsnip,0,0.229043,0.331288,0.346973,0.360764,0.312958,0.328472
s3g5,3,1,2,Eve,Carrot,0,0.004568,0.042232,0.229774,0.283313,0.152611,0.411748
s3g6,3,1,2,Alice,Carrot,0,0.006450,0.121452,0.246462,0.318698,0.114190,0.474451
s3g7,3,1,2,Alice,Carrot,0,0.006290,0.045470,0.245686,0.292812,0.214680,0.422831
s3g8,3,1,2,Eve,Carrot,0,0.004331,0.031161,0.244900,0.279578,0.037450,0.408245
s3g9,3,1,2,Dave,Carrot,0,0.035199,0.030641,0.295497,0.285471,0.179066,0.291187
s3g10,3,1,2,Charlie,Carrot,0,0.006429,0.025408,0.241391,0.274892,0.101018,0.361815
s3g11,3,1,2,Eve,Carrot,0,0.012126,0.169114,0.268934,0.337772,0.124123,0.392295
s3g12,3,1,2,Alice,Parsnip,0,0.005109,0.037963,0.238156,0.285872,0.109619,0.361994
s3g13,3,1,2,Dave,Carrot,0,0.015274,0.030544,0.258563,0.270996,0.224848,0.434001
s3g14,3,1,2,Dave,Carrot,0,0.007451,0.016124,0.249930,0.262492,0.159595,0.342760
s3g15,3,1,2,Dave,Carrot,0,0.010039,0.032873,0.252680,0.280666,0.165681,0.398458
s3g16,3,1,2,Charlie,Carrot,0,0.007143,0.020078,0.244805,0.267280,0.120997,0.367367
s3g17,3,1,2,Eve,Carrot,0,0.004733,0.028194,0.238031,0.276483,0.121281,0.369679
s3g18,3,1,2,Charlie,Parsnip,0,0.010562,0.055943,0.258258,0.298552,0.108638,0.382910
s3g19,3,1,2,Eve,Carrot,0,0.018837,0.028565,0.274782,0.277694,0.085070,0.300801
s4g0,4,1,2,Alice,Carrot,0,0.004148,0.027486,0.237407,0.278243,0.058976,0.049250
s4g1,4,1,2,Charlie,Parsnip,0,0.005089,0.044348,0.239959,0.289770,0.089688,0.080434
s4g2,4,1,2,Alice,Carrot,0,0.010448,0.027282,0.252188,0.273390,0.107165,0.078063
s4g3,4,1,2,Dave,Parsnip,0,0.031550,0.089051,0.273639,0.308217,0.048647,0.049663
s4g4,4,1,2,Eve,Carrot,0,0.065957,0.109293,0.309970,0.317770,0.127555,0.087305
s4g5,4,1,2,Alice,Carrot,0,0.006717,0.026279,0.242484,0.273717,0.175861,0.094733
s4g6,4,1,2,Dave,Carrot,0,0.056170,0.088626,0.302343,0.312832,0.070668,0.059746
s4g7,4,1,2,Charlie,Carrot,0,0.041125,0.032256,0.296986,0.288225,0.033816,0.054013
s4g8,4,1,2,Charlie,Carrot,0,0.090502,0.182355,0.318431,0.335053,0.050107,0.061472
s4g9,4,1,2,Alice,Carrot,0,0.007851,0.028760,0.248881,0.276317,0.046686,0.050638
s4g10,4,1,2,Eve,Carrot,0,0.001914,0.009586,0.220354,0.249693,0.151771,0.102363
s4g11,4,1,2,Dave,Carrot,0,0.021997,0.060856,0.280053,0.302826,0.014441,0.034667
s4g12,4,1,2,Dave,Carrot,0,0.018365,0.032622,0.267956,0.280996,0.038291,0.047644
s4g13,4,1,2,Charlie,Carrot,0,0.005367,0.015451,0.248185,0.262215,0.086463,0.080778
s4g14,4,1,2,Dave,Carrot,0,0.005363,0.023561,0.232222,0.269551,0.065546,0.059294
s4g15,4,1,2,Dave,Carrot,0,0.013603,0.019442,0.266003,0.267335,0.102605,0.068662
s4g16,4,1,2,Eve,Carrot,0,0.005443,0.010612,0.245371,0.252471,0.031347,0.038793
s4g17,4,1,2,Bob,Carrot,0,0.010239,0.025975,0.255818,0.275923,0.106759,0.072108
s4g18,4,1,2,Charlie,Carrot,0,0.006480,0.022724,0.245149,0.271743,0.102590,0.070185
s4g19,4,1,2,Alice,Carrot,0,0.039945,0.078373,0.292129,0.305810,0.146101,0.087555
s0g0,0,1,3,Alice,Carrot,0,0.033548,0.050136,0.290276,0.294847,0.519497,0.303941
s0g1,0,1,3,Eve,Carrot,0,0.006069,0.022162,0.242960,0.266969,0.569869,0.490350
s0g2,0,1,3,Dave,Parsnip,0,0.013104,0.031340,0.267059,0.281143,0.568590,0.277978
s0g3,0,1,3,Alice,Carrot,0,0.014661,0.026188,0.265633,0.275118,0.406040,0.313006
s0g4,0,1,3,Dave,Carrot,0,0.091857,0.087207,0.314190,0.303500,0.542928,0.420339
s0g5,0,1,3,Dave,Carrot,0,0.032957,0.044479,0.286796,0.289530,0.490380,0.332166
s0g6,0,1,3,Charlie,Carrot,0,0.016242,0.097436,0.271416,0.316434,0.440026,0.269363
s0g7,0,1,3,Eve,Carrot,0,0.087204,0.072997,0.313848,0.300850,0.621778,0.499808
s0g8,0,1,3,Charlie,Parsnip,0,0.004918,0.026668,0.238510,0.275119,0.347474,0.285031
s0g9,0,1,3,Alice,Parsnip,0,0.003354,0.038882,0.227371,0.284566,0.449371,0.266038
s0g10,0,1,3,Dave,Carrot,0,0.003687,0.013196,0.235172,0.261496,0.666977,0.500405
s0g11,0,1,3,Bob,Carrot,0,0.005721,0.018518,0.240925,0.264056,0.492386,0.293426
s0g12,0,1,3,Charlie,Parsnip,0,0.020636,0.054338,0.273486,0.295982,0.528740,0.473988
s0g13,0,1,3,Alice,Carrot,0,0.057371,0.146014,0.312871,0.328327,0.391795,0.304783
s0g14,0,1,3,Bob,Carrot,0,0.004824,0.030391,0.241388,0.281332,0.580314,0.336408
s0g15,0,1,3,Alice,Parsnip,0,0.025961,0.057177,0.271717,0.297781,0.382465,0.292471
s0g16,0,1,3,Dave,Carrot,0,0.012541,0.061813,0.269217,0.302343,0.391841,0.305886
s0g17,0,1,3,Bob,Carrot,0,0.010378,0.031014,0.260467,0.279421,0.632151,0.359196
s0g18,0,1,3,Dave,Carrot,0,0.045630,0.064485,0.293719,0.299355,0.452932,0.469884
s0g19,0,1,3,Dave,Parsnip,0,0.004312,0.035035,0.239655,0.282394,0.498502,0.297742
s1g0,1,1,3,Bob,Carrot,0,0.003272,0.018076,0.232544,0.264981,0.948923,0.918812
s1g1,1,1,3,Charlie,Parsnip,0,0.006699,0.043162,0.247941,0.287590,0.944316,0.948844
s1g2,1,1,3,Charlie,Carrot,0,0.016117,0.037957,0.270005,0.283882,0.934810,0.920331
s1g3,1,1,3,Bob,Carrot,0,0.008752,0.024958,0.262229,0.275658,0.942718,0.922438
s1g4,1,1,3,Alice,Carrot,0,0.030721,0.033293,0.285276,0.282765,0.879786,0.912894
s1g5,1,1,3,Eve,Carrot,0,0.004279,0.019196,0.229623,0.268714,0.956896,0.923355
s1g6,1,1,3,Bob,Carrot,0,0.004429,0.034738,0.241818,0.284085,0.967267,0.933486
s1g7,1,1,3,Charlie,Carrot,0,0.012443,0.055276,0.261145,0.298832,0.970044,0.938656
s1g8,1,1,3,Eve,Parsnip,0,0.015081,0.081098,0.259139,0.307378,0.976560,0.935870
s1g9,1,1,3,Charlie,Parsnip,0,0.012488,0.062587,0.265752,0.304224,0.958177,0.931467
s1g10,1,1,3,Alice,Carrot,0,0.004407,0.031603,0.238057,0.279191,0.933631,0.924896
s1g11,1,1,3,Charlie,Carrot,0,0.007603,0.028109,0.254428,0.279273,0.952998,0.944719
s1g12,1,1,3,Bob,Carrot,0,0.009169,0.024075,0.252228,0.270334,0.973278,0.941946
s1g13,1,1,3,Alice,Carrot,0,0.006921,0.018093,0.243821,0.266030,0.964720,0.944585
s1g14,1,1,3,Dave,Carrot,0,0.001712,0.097200,0.212875,0.311691,0.953507,0.925418
s1g15,1,1,3,Bob,Carrot,0,0.004657,0.022740,0.247330,0.272398,0.974938,0.937693
s1g16,1,1,3,Bob,Carrot,0,0.299552,0.120447,0.359115,0.320622,0.705656,0.883002
s1g17,1,1,3,Bob,Carrot,0,0.013531,0.073551,0.262645,0.307204,0.954846,0.923551
s1g18,1,1,3,Eve,Carrot,0,0.003624,0.088047,0.231313,0.310250,0.908662,0.917044
s1g19,1,1,3,Charlie,Parsnip,0,0.022795,0.048620,0.284617,0.296191,0.950905,0.921066
s2g0,2,1,3,Charlie,Carrot,0,0.058747,0.086142,0.308678,0.311425,0.788360,0.822356
s2g1,2,1,3,Eve,Parsnip,0,0.010110,0.093910,0.266547,0.309560,0.606677,0.802234
s2g2,2,1,3,Dave,Carrot,0,0.009753,0.024642,0.252064,0.273989,0.632473,0.779302
s2g3,2,1,3,Alice,Parsnip,0,0.014974,0.089678,0.264996,0.310567,0.801441,0.862002
s2g4,2,1,3,Eve,Parsnip,0,0.023417,0.061497,0.275051,0.301824,0.783610,0.837752
s2g5,2,1,3,Bob,Carrot,0,0.019671,0.036797,0.272638,0.291959,0.779856,0.831752
s2g6,2,1,3,Bob,Carrot,0,0.015221,0.025988,0.268868,0.276175,0.524502,0.724726
s2g7,2,1,3,Eve,Carrot,0,0.010850,0.057440,0.253513,0.298880,0.767950,0.748075
s2g8,2,1,3,Eve,Carrot,0,0.125056,0.043549,0.328187,0.286409,0.857158,0.836556
s2g9,2,1,3,Charlie,Carrot,0,0.002680,0.024487,0.219648,0.271914,0.651885,0.746911
s2g10,2,1,3,Dave,Carrot,0,0.029203,0.045177,0.289286,0.290425,0.756438,0.807520
s2g11,2,1,3,Bob,Carrot,0,0.011182,0.052420,0.260243,0.294551,0.659708,0.747429
s2g12,2,1,3,Alice,Carrot,0,0.006211,0.022131,0.248263,0.267100,0.672076,0.818867
s2g13,2,1,3,Bob,Carrot,0,0.073812,0.207066,0.325471,0.343767,0.556414,0.776545
s2g14,2,1,3,Alice,Parsnip,0,0.004522,0.045985,0.240608,0.291358,0.773865,0.825545
s2g15,2,1,3,Eve,Carrot,0,0.041990,0.035469,0.290746,0.283852,0.601695,0.845594
s2g16,2,1,3,Eve,Carrot,0,0.004359,0.022617,0.227473,0.268171,0.587579,0.735767
s2g17,2,1,3,Charlie,Parsnip,0,0.012009,0.050140,0.263846,0.294546,0.659213,0.787924
s2g18,2,1,3,Eve,Parsnip,0,0.004384,0.030216,0.244244,0.282393,0.666175,0.761757
s2g19,2,1,3,Alice,Carrot,0,0.003743,0.041059,0.235549,0.285668,0.634564,0.830026
s3g0,3,1,3,Dave,Carrot,0,0.004066,0.029352,0.228313,0.275697,0.307664,0.499259
s3g1,3,1,3,Alice,Parsnip,0,0.006579,0.061413,0.244834,0.302329,0.159951,0.471992
s3g2,3,1,3,Bob,Carrot,0,0.010843,0.035925,0.253756,0.280806,0.210343,0.440322
s3g3,3,1,3,Bob,Carrot,0,0.015309,0.052994,0.277169,0.297684,0.101901,0.355701
s3g4,3,1,3,Alice,Carrot,0,0.006513,0.040190,0.247499,0.288284,0.236965,0.349351
s3g5,3,1,3,Dave,Carrot,0,0.014624,0.036168,0.258757,0.284305,0.336373,0.472631
s3g6,3,1,3,Charlie,Carrot,0,0.004573,0.036071,0.237291,0.283933,0.087150,0.380185
s3g7,3,1,3,Eve,Carrot,0,0.008447,0.037201,0.252413,0.284542,0.071340,0.425939
s3g8,3,1,3,Bob,Parsnip,0,0.005078,0.033924,0.240691,0.283931,0.265617,0.534265
s3g9,3,1,3,Bob,Carrot,0,0.012325,0.083989,0.263391,0.306141,0.127091,0.454571
s3g10,3,1,3,Dave,Carrot,0,0.011600,0.038868,0.259952,0.285767,0.060990,0.352179
s3g11,3,1,3,Dave,Parsnip,0,0.007228,0.034768,0.258161,0.284612,0.092645,0.420284
s3g12,3,1,3,Charlie,Carrot,0,0.011417,0.053214,0.257392,0.294690,0.061047,0.373245
s3g13,3,1,3,Bob,Carrot,0,0.016351,0.073056,0.257851,0.298455,0.361396,0.491621
s3g14,3,1,3,Eve,Carrot,0,0.008734,0.033173,0.252257,0.279942,0.098982,0.363624
s3g15,3,1,3,Charlie,Carrot,0,0.031493,0.089969,0.290189,0.314803,0.098998,0.406502
s3g16,3,1,3,Bob,Carrot,0,0.003740,0.023120,0.240025,0.268881,0.423791,0.542045
s3g17,3,1,3,Charlie,Carrot,0,0.004907,0.029602,0.230617,0.279080,0.164747,0.455923
s3g18,3,1,3,Bob,Carrot,0,0.014824,0.103137,0.267097,0.314974,0.052952,0.395738
s3g19,3,1,3,Bob,Parsnip,0,0.081870,0.138365,0.303927,0.319133,0.289822,0.353057
s4g0,4,1,3,Eve,Carrot,0,0.003383,0.034156,0.229612,0.281907,0.105643,0.068115
s4g1,4,1,3,Alice,Carrot,0,0.003414,0.023142,0.230671,0.275249,0.061920,0.068038
s4g2,4,1,3,Eve,Carrot,0,0.007505,0.032873,0.243991,0.280988,0.054978,0.086695
s4g3,4,1,3,Bob,Carrot,0,0.004846,0.040407,0.228957,0.284416,0.056009,0.071271
s4g4,4,1,3,Alice,Parsnip,0,0.003065,0.026051,0.229336,0.277831,0.143975,0.073542
s4g5,4,1,3,Bob,Parsnip,0,0.002470,0.038831,0.226637,0.288675,0.159447,0.087061
s4g6,4,1,3,Eve,Parsnip,0,0.007950,0.090080,0.260965,0.315255,0.045737,0.070195
s4g7,4,1,3,Dave,Carrot,0,0.005794,0.026407,0.244085,0.278584,0.057239,0.063346
s4g8,4,1,3,Eve,Parsnip,0,0.360788,0.492871,0.374692,0.384704,0.100106,0.079137
s4g9,4,1,3,Charlie,Parsnip,0,0.002482,0.023447,0.218521,0.270871,0.084813,0.064746
s4g10,4,1,3,Alice,Carrot,0,0.052622,0.080237,0.299298,0.304635,0.016398,0.056192
s4g11,4,1,3,Alice,Carrot,0,0.017884,0.048541,0.276885,0.292576,0.072206,0.079561
s4g12,4,1,3,Eve,Carrot,0,0.047228,0.115797,0.302686,0.323880,0.164624,0.085581
s4g13,4,1,3,Bob,Carrot,0,0.021585,0.052108,0.280567,0.296288,0.018713,0.062072
s4g14,4,1,3,Charlie,Carrot,0,0.012790,0.055194,0.262342,0.296989,0.047807,0.064897
s4g15,4,1,3,Charlie,Carrot,0,0.003906,0.028856,0.230439,0.277028,0.087900,0.077224
s4g16,4,1,3,Dave,Carrot,0,0.006619,0.029028,0.251496,0.281625,0.027804,0.054379
s4g17,4,1,3,Eve,Carrot,0,0.009343,0.024962,0.249733,0.272822,0.036262,0.054400
s4g18,4,1,3,Eve,Carrot,0,0.011874,0.041268,0.261962,0.288102,0.069822,0.066633
s4g19,4,1,3,Charlie,Parsnip,0,0.013591,0.135969,0.265380,0.326361,0.214189,0.069132
s0g0,0,1,4,Dave,Parsnip,0,0.006310,0.042965,0.243657,0.288545,0.453925,0.267657
s0g1,0,1,4,Alice,Carrot,0,0.006687,0.034312,0.243678,0.283945,0.524666,0.384620
s0g2,0,1,4,Bob,Carrot,0,0.021099,0.053111,0.281884,0.298863,0.509858,0.326437
s0g3,0,1,4,Bob,Carrot,0,0.005186,0.083473,0.237136,0.312269,0.285105,0.265537
s0g4,0,1,4,Charlie,Carrot,0,0.011004,0.022570,0.248421,0.267002,0.555500,0.472568
s0g5,0,1,4,Alice,Carrot,0,0.012563,0.054545,0.261298,0.294840,0.536564,0.337187
s0g6,0,1,4,Eve,Parsnip,0,0.009735,0.046765,0.265903,0.295557,0.273142,0.245769
s0g7,0,1,4,Charlie,Carrot,0,0.018909,0.046842,0.271678,0.289363,0.531642,0.511829
s0g8,0,1,4,Alice,Carrot,0,0.018297,0.091902,0.266334,0.313416,0.202625,0.353450
s0g9,0,1,4,Charlie,Carrot,0,0.322873,0.179614,0.378153,0.338126,0.619301,0.356810
s0g10,0,1,4,Alice,Carrot,0,0.011585,0.025492,0.258459,0.272616,0.391704,0.357894
s0g11,0,1,4,Alice,Carrot,0,0.010606,0.035879,0.264064,0.285182,0.628640,0.457011
s0g12,0,1,4,Eve,Carrot,0,0.054858,0.083073,0.300627,0.309525,0.635670,0.366323
s0g13,0,1,4,Bob,Carrot,0,0.054096,0.091529,0.302999,0.312656,0.405312,0.274846
s0g14,0,1,4,Charlie,Carrot,0,0.264841,0.138327,0.357427,0.327379,0.643823,0.333070
s0g15,0,1,4,Dave,Carrot,0,0.014526,0.048373,0.263674,0.291005,0.504000,0.291717
s0g16,0,1,4,Eve,Carrot,0,0.275820,0.331632,0.361266,0.361911,0.558339,0.492528
s0g17,0,1,4,Charlie,Carrot,0,0.008823,0.030940,0.250096,0.279115,0.546645,0.481559
s0g18,0,1,4,Eve,Carrot,0,0.047269,0.063645,0.297748,0.298307,0.414970,0.432892
s0g19,0,1,4,Bob,Carrot,0,0.015620,0.041681,0.263380,0.289602,0.585298,0.428860
s1g0,1,1,4,Charlie,Carrot,0,0.071953,0.049366,0.306148,0.295853,0.751972,0.893024
s1g1,1,1,4,Alice,Carrot,0,0.027261,0.052006,0.285063,0.291871,0.966840,0.923344
s1g2,1,1,4,Dave,Carrot,0,0.053590,0.098867,0.313304,0.316730,0.930520,0.916586
s1g3,1,1,4,Charlie,Carrot,0,0.049727,0.068893,0.302588,0.303192,0.959104,0.913654
s1g4,1,1,4,Charlie,Carrot,0,0.011478,0.047870,0.260262,0.292385,0.907059,0.871992
s1g5,1,1,4,Dave,Parsnip,0,0.006112,0.042962,0.234795,0.283637,0.869308,0.888373
s1g6,1,1,4,Eve,Carrot,0,0.033028,0.064966,0.303778,0.307735,0.873564,0.904209
s1g7,1,1,4,Bob,Parsnip,0,0.135791,0.199164,0.330702,0.340428,0.979287,0.950250
s1g8,1,1,4,Alice,Carrot,0,0.022666,0.079449,0.285967,0.309284,0.964129,0.935254
s1g9,1,1,4,Eve,Carrot,0,0.064095,0.196075,0.303648,0.341665,0.966055,0.921210
s1g10,1,1,4,Bob,Carrot,0,0.002496,0.044233,0.231022,0.289249,0.966770,0.924515
s1g11,1,1,4,Eve,Carrot,0,0.013362,0.064097,0.262617,0.301075,0.945758,0.941577
s1g12,1,1,4,Eve,Carrot,0,0.030550,0.066641,0.273234,0.300279,0.918958,0.920054
s1g13,1,1,4,Dave,Carrot,0,0.007321,0.023191,0.253897,0.274810,0.944206,0.922264
s1g14,1,1,4,Bob,Carrot,0,0.005072,0.073739,0.239330,0.304867,0.959993,0.937001
s1g15,1,1,4,Eve,Carrot,0,0.059523,0.087045,0.304659,0.311384,0.917810,0.900134
s1g16,1,1,4,Alice,Carrot,0,0.003171,0.085547,0.226846,0.308547,0.793795,0.844941
s1g17,1,1,4,Dave,Parsnip,0,0.017310,0.058302,0.272811,0.300756,0.967550,0.941954
s1g18,1,1,4,Bob,Carrot,0,0.006721,0.049026,0.244148,0.291187,0.867164,0.859676
s1g19,1,1,4,Dave,Carrot,0,0.081951,0.074995,0.326010,0.312648,0.894433,0.898390
s2g0,2,1,4,Eve,Carrot,0,0.128334,0.172365,0.337520,0.337519,0.573713,0.756831
s2g1,2,1,4,Charlie,Carrot,0,0.011968,0.039108,0.265352,0.286578,0.700263,0.848789
s2g2,2,1,4,Eve,Carrot,0,0.020677,0.094390,0.275691,0.307770,0.554065,0.795611
s2g3,2,1,4,Charlie,Carrot,0,0.024897,0.038938,0.279682,0.286110,0.730836,0.852591
s2g4,2,1,4,Dave,Carrot,0,0.009213,0.027790,0.253798,0.279362,0.815044,0.774186
s2g5,2,1,4,Eve,Carrot,0,0.010630,0.037028,0.257236,0.284255,0.768246,0.797898
s2g6,2,1,4,Alice,Carrot,0,0.007570,0.023271,0.252633,0.272974,0.714182,0.793722
s2g7,2,1,4,Charlie,Parsnip,0,0.008540,0.038427,0.254577,0.286640,0.737282,0.801278
s2g8,2,1,4,Bob,Carrot,0,0.058572,0.081561,0.293919,0.305301,0.813101,0.807561
s2g9,2,1,4,Alice,Parsnip,0,0.009974,0.018837,0.249375,0.265968,0.741779,0.802260
s2g10,2,1,4,Eve,Carrot,0,0.069432,0.124939,0.304799,0.323636,0.715295,0.833791
s2g11,2,1,4,Dave,Carrot,0,0.017844,0.086124,0.270935,0.312129,0.728773,0.791827
s2g12,2,1,4,Dave,Carrot,0,0.024821,0.032948,0.277132,0.280312,0.814274,0.860226
s2g13,2,1,4,Eve,Carrot,0,0.006425,0.011640,0.250334,0.260097,0.710436,0.719640
s2g14,2,1,4,Charlie,Carrot,0,0.022235,0.046662,0.267148,0.288576,0.674010,0.775935
s2g15,2,1,4,Dave,Parsnip,0,0.004225,0.057477,0.237052,0.297655,0.759007,0.809860
s2g16,2,1,4,Charlie,Parsnip,0,0.003894,0.029725,0.235702,0.279778,0.729151,0.760185
s2g17,2,1,4,Bob,Carrot,0,0.012278,0.051369,0.259801,0.294182,0.768887,0.799821
s2g18,2,1,4,Bob,Carrot,0,0.003196,0.035072,0.226986,0.282979,0.865140,0.843111
s2g19,2,1,4,Dave,Parsnip,0,0.419936,0.347752,0.383146,0.364282,0.828555,0.832179
s3g0,3,1,4,Charlie,Carrot,0,0.003082,0.030735,0.222904,0.281167,0.309437,0.565443
s3g1,3,1,4,Eve,Carrot,0,0.015377,0.075369,0.269977,0.307609,0.226192,0.356180
s3g2,3,1,4,Dave,Carrot,0,0.041174,0.049748,0.285042,0.292003,0.186055,0.376942
s3g3,3,1,4,Eve,Parsnip,0,0.030603,0.075631,0.288598,0.308478,0.050539,0.414810
s3g4,3,1,4,Bob,Carrot,0,0.053128,0.061632,0.299819,0.302631,0.110145,0.430383
s3g5,3,1,4,Charlie,Carrot,0,0.022169,0.038006,0.273058,0.283289,0.229950,0.424513
s3g6,3,1,4,Dave,Carrot,0,0.017764,0.020372,0.263867,0.267867,0.370017,0.354234
s3g7,3,1,4,Dave,Carrot,0,0.239241,0.108963,0.350970,0.316039,0.139018,0.387990
s3g8,3,1,4,Charlie,Carrot,0,0.005863,0.066040,0.236338,0.300934,0.335650,0.454870
s3g9,3,1,4,Alice,Carrot,0,0.008392,0.049098,0.252143,0.294126,0.144554,0.349962
s3g10,3,1,4,Alice,Carrot,0,0.014934,0.058955,0.262965,0.298811,0.178108,0.360081
s3g11,3,1,4,Alice,Carrot,0,0.192755,0.096203,0.345512,0.314118,0.063545,0.330751
s3g12,3,1,4,Dave,Carrot,0,0.353748,0.107345,0.377339,0.321663,0.162611,0.367212
s3g13,3,1,4,Eve,Carrot,0,0.040643,0.189878,0.283791,0.330769,0.245277,0.453472
s3g14,3,1,4,Charlie,Carrot,0,0.007694,0.027872,0.250314,0.277767,0.154099,0.343248
s3g15,3,1,4,Eve,Parsnip,0,0.024018,0.185796,0.274090,0.340017,0.106283,0.442649
s3g16,3,1,4,Dave,Carrot,0,0.011572,0.045637,0.263342,0.292429,0.268084,0.477470
s3g17,3,1,4,Bob,Parsnip,0,0.016025,0.093091,0.259192,0.312301,0.467524,0.445384
s3g18,3,1,4,Alice,Carrot,0,0.003378,0.028035,0.234199,0.277906,0.035656,0.291691
s3g19,3,1,4,Charlie,Carrot,0,0.099782,0.170521,0.322975,0.331873,0.051392,0.253690
s4g0,4,1,4,Charlie,Carrot,0,0.020696,0.065221,0.283865,0.303268,0.120613,0.060315
s4g1,4,1,4,Eve,Carrot,0,0.081770,0.061957,0.308052,0.299709,0.095041,0.067099
s4g2,4,1,4,Charlie,Carrot,0,0.185788,0.115317,0.342331,0.322764,0.121598,0.122541
s4g3,4,1,4,Charlie,Carrot,0,0.018022,0.041908,0.264132,0.286924,0.043089,0.074198
s4g4,4,1,4,Dave,Carrot,0,0.033174,0.067972,0.286843,0.302951,0.160575,0.087655
s4g5,4,1,4,Dave,Carrot,0,0.162939,0.044003,0.330366,0.293321,0.023562,0.036231
s4g6,4,1,4,Bob,Carrot,0,0.019530,0.032492,0.268460,0.281310,0.170442,0.082459
s4g7,4,1,4,Alice,Parsnip,0,0.005521,0.048315,0.247726,0.292715,0.036475,0.071180
s4g8,4,1,4,Alice,Carrot,0,0.369296,0.244341,0.375104,0.350985,0.036823,0.044723
s4g9,4,1,4,Bob,Carrot,0,0.013138,0.020733,0.262165,0.270173,0.155042,0.068242
s4g10,4,1,4,Dave,Carrot,0,0.017719,0.046874,0.274340,0.293727,0.087176,0.076200
s4g11,4,1,4,Charlie,Carrot,0,0.009878,0.023105,0.251331,0.271017,0.022212,0.027912
s4g12,4,1,4,Alice,Parsnip,0,0.095689,0.197017,0.324793,0.338451,0.010064,0.032189
s4g13,4,1,4,Eve,Carrot,0,0.058391,0.131505,0.302754,0.328802,0.097694,0.060342
s4g14,4,1,4,Eve,Parsnip,0,0.018503,0.065565,0.264482,0.301927,0.101577,0.079342
s4g15,4,1,4,Bob,Carrot,0,0.005718,0.048170,0.237456,0.290635,0.046749,0.052099
s4g16,4,1,4,Alice,Parsnip,0,0.010153,0.073211,0.253743,0.307400,0.015703,0.048358
s4g17,4,1,4,Alice,Carrot,0,0.007206,0.030781,0.243627,0.278710,0.217057,0.089013
s4g18,4,1,4,Dave,Carrot,0,0.019380,0.057857,0.269264,0.295208,0.121554,0.057795
s4g19,4,1,4,Eve,Carrot,0,0.006548,0.020974,0.238666,0.267460,0.024527,0.043715
s0g0,0,2,0,Charlie,Carrot,0,0.019727,0.070438,0.265949,0.301974,0.359475,0.283519
s0g1,0,2,0,Dave,Carrot,0,0.188795,0.104408,0.354571,0.315762,0.462900,0.490317
s0g2,0,2,0,Dave,Parsnip,0,0.057541,0.160970,0.308718,0.330472,0.529641,0.441799
s0g3,0,2,0,Dave,Parsnip,0,0.106891,0.128108,0.318840,0.322924,0.341837,0.280115
s0g4,0,2,0,Dave,Carrot,0,0.035062,0.030865,0.296433,0.280375,0.461643,0.394306
s0g5,0,2,0,Dave,Carrot,0,0.247354,0.129440,0.358847,0.324517,0.443572,0.478677
s0g6,0,2,0,Dave,Carrot,0,0.111345,0.094345,0.334305,0.315922,0.521938,0.275264
s0g7,0,2,0,Alice,Parsnip,0,0.007551,0.039235,0.243340,0.286108,0.374667,0.307692
s0g8,0,2,0,Eve,Carrot,0,0.199886,0.140290,0.358113,0.323678,0.397250,0.314470
s0g9,0,2,0,Dave,Carrot,0,0.024017,0.086576,0.289802,0.313717,0.330869,0.336754
s0g10,0,2,0,Eve,Parsnip,0,0.023454,0.066001,0.277155,0.298414,0.248082,0.344215
s0g11,0,2,0,Bob,Carrot,0,0.015679,0.024775,0.263564,0.273124,0.480485,0.293765
s0g12,0,2,0,Bob,Carrot,0,0.133511,0.117088,0.335150,0.318047,0.462175,0.468651
s0g13,0,2,0,Charlie,Carrot,0,0.029031,0.055817,0.279397,0.299777,0.446951,0.289373
s0g14,0,2,0,Dave,Carrot,0,0.036253,0.199091,0.295136,0.337990,0.287065,0.283245
s0g15,0,2,0,Charlie,Carrot,0,0.065161,0.092255,0.306079,0.308883,0.568083,0.335213
s0g16,0,2,0,Alice,Carrot,0,0.103349,0.051977,0.322190,0.294417,0.544738,0.552535
s0g17,0,2,0,Alice,Carrot,0,0.041300,0.055444,0.294245,0.299155,0.529164,0.463116
s0g18,0,2,0,Bob,Parsnip,0,0.007883,0.064417,0.255120,0.301482,0.565612,0.260075
s0g19,0,2,0,Dave,Parsnip,0,0.059758,0.086097,0.307550,0.309951,0.364998,0.283006
s1g0,1,2,0,Dave,Carrot,0,0.329183,0.134255,0.377845,0.325377,0.835955,0.889331
s1g1,1,2,0,Eve,Carrot,0,0.045843,0.039062,0.293999,0.285707,0.805666,0.898240
s1g2,1,2,0,Alice,Carrot,0,0.064262,0.100016,0.314157,0.319804,0.823619,0.920150
s1g3,1,2,0,Eve,Carrot,0,0.006301,0.065331,0.243342,0.303826,0.922426,0.917018
s1g4,1,2,0,Alice,Carrot,0,0.043311,0.070459,0.298858,0.302725,0.943313,0.923420
s1g5,1,2,0,Alice,Carrot,0,0.069294,0.054856,0.315534,0.295727,0.865161,0.892573
s1g6,1,2,0,Bob,Carrot,0,0.320632,0.214511,0.370279,0.347331,0.842103,0.880378
s1g7,1,2,0,Charlie,Carrot,0,0.251782,0.192892,0.357279,0.338315,0.951022,0.928108
s1g8,1,2,0,Bob,Carrot,0,0.381298,0.136677,0.373510,0.323975,0.910205,0.911405
s1g9,1,2,0,Charlie,Parsnip,0,0.369216,0.132449,0.367529,0.328256,0.901256,0.924143
s1g10,1,2,0,Eve,Parsnip,0,0.005698,0.047526,0.243741,0.291924,0.863327,0.907030
s1g11,1,2,0,Alice,Carrot,0,0.066091,0.037570,0.311558,0.291349,0.868241,0.948563
s1g12,1,2,0,Bob,Carrot,0,0.003954,0.036957,0.244019,0.286024,0.959542,0.923873
s1g13,1,2,0,Eve,Carrot,0,0.012043,0.049064,0.266990,0.294491,0.892782,0.908408
s1g14,1,2,0,Eve,Parsnip,0,0.006295,0.059892,0.244793,0.299880,0.864401,0.908246
s1g15,1,2,0,Bob,Carrot,0,0.065805,0.034141,0.311943,0.281657,0.780401,0.845380
s1g16,1,2,0,Charlie,Parsnip,0,0.011579,0.051393,0.265759,0.296576,0.964902,0.946648
s1g17,1,2,0,Bob,Carrot,0,0.025784,0.055948,0.286170,0.297776,0.929523,0.921574
s1g18,1,2,0,Alice,Carrot,0,0.021194,0.043441,0.275196,0.286796,0.854128,0.923341
s1g19,1,2,0,Bob,Carrot,0,0.044250,0.087472,0.299473,0.309328,0.893234,0.923940
s2g0,2,2,0,Alice,Parsnip,0,0.005897,0.037119,0.250069,0.289189,0.533958,0.769577
s2g1,2,2,0,Bob,Carrot,0,0.120597,0.169476,0.333230,0.333424,0.815265,0.847527
s2g2,2,2,0,Bob,Parsnip,0,0.015523,0.066422,0.269042,0.302158,0.727615,0.795226
s2g3,2,2,0,Bob,Carrot,0,0.089419,0.152522,0.319024,0.331973,0.882807,0.857685
s2g4,2,2,0,Charlie,Carrot,0,0.279838,0.142136,0.359235,0.324885,0.822919,0.817119
s2g5,2,2,0,Dave,Carrot,0,0.005960,0.041429,0.249354,0.286372,0.765297,0.840714
s2g6,2,2,0,Bob,Carrot,0,0.057122,0.104654,0.309466,0.315239,0.693117,0.812317
s2g7,2,2,0,Bob,Carrot,0,0.017409,0.052215,0.263110,0.294450,0.699157,0.840719
s2g8,2,2,0,Eve,Carrot,0,0.122528,0.103930,0.336470,0.314449,0.550296,0.793915
s2g9,2,2,0,Dave,Carrot,0,0.044828,0.153977,0.297594,0.327655,0.697164,0.801281
s2g10,2,2,0,Dave,Carrot,0,0.025096,0.095992,0.291318,0.318209,0.866005,0.809845
s2g11,2,2,0,Eve,Parsnip,0,0.008261,0.067844,0.251817,0.304851,0.893640,0.830550
s2g12,2,2,0,Alice,Carrot,0,0.028151,0.077066,0.292325,0.310017,0.641636,0.825150
s2g13,2,2,0,Dave,Carrot,0,0.004168,0.037872,0.244778,0.288198,0.543794,0.729919
s2g14,2,2,0,Alice,Parsnip,0,0.017365,0.055429,0.272151,0.297635,0.710521,0.830065
s2g15,2,2,0,Charlie,Carrot,0,0.054740,0.072192,0.304004,0.304062,0.767733,0.825399
s2g16,2,2,0,Dave,Carrot,0,0.018834,0.066022,0.270600,0.301915,0.711662,0.852237
s2g17,2,2,0,Dave,Carrot,0,0.016128,0.059163,0.269905,0.297931,0.849252,0.855093
s2g18,2,2,0,Dave,Carrot,0,0.019774,0.044407,0.274453,0.289006,0.651489,0.832895
s2g19,2,2,0,Charlie,Carrot,0,0.135127,0.359455,0.328818,0.364109,0.860236,0.888488
s3g0,3,2,0,Alice,Carrot,0,0.116442,0.117879,0.326557,0.316040,0.563500,0.480429
s3g1,3,2,0,Dave,Carrot,0,0.014637,0.102653,0.275284,0.306972,0.123120,0.346556
s3g2,3,2,0,Eve,Carrot,0,0.139391,0.103030,0.338589,0.307887,0.216363,0.412561
s3g3,3,2,0,Dave,Carrot,0,0.137101,0.075908,0.337675,0.309840,0.236347,0.452627
s3g4,3,2,0,Alice,Carrot,0,0.404557,0.141879,0.376232,0.328337,0.198609,0.378422
s3g5,3,2,0,Dave,Carrot,0,0.032723,0.102286,0.292128,0.314872,0.163661,0.454965
s3g6,3,2,0,Alice,Carrot,0,0.046160,0.205745,0.315236,0.341008,0.146048,0.415220
s3g7,3,2,0,Eve,Carrot,0,0.279502,0.146238,0.360958,0.326702,0.250719,0.456389
s3g8,3,2,0,Alice,Carrot,0,0.037803,0.100751,0.299169,0.313856,0.130078,0.488263
s3g9,3,2,0,Dave,Carrot,0,0.101207,0.064063,0.337007,0.304452,0.195619,0.379884
s3g10,3,2,0,Bob,Carrot,0,0.214052,0.128907,0.357133,0.325951,0.131714,0.462342
s3g11,3,2,0,Charlie,Carrot,0,0.061983,0.139451,0.308919,0.330913,0.074749,0.369117
s3g12,3,2,0,Bob,Carrot,0,0.055942,0.096201,0.301947,0.311536,0.079720,0.400088
s3g13,3,2,0,Dave,Carrot,0,0.020610,0.046399,0.269317,0.287748,0.161659,0.367371
s3g14,3,2,0,Eve,Carrot,0,0.683215,0.251852,0.422891,0.349007,0.086479,0.320591
s3g15,3,2,0,Alice,Carrot,0,0.086557,0.093201,0.309691,0.311116,0.117218,0.430733
s3g16,3,2,0,Alice,Parsnip,0,0.023066,0.076943,0.276884,0.306412,0.168323,0.504505
s3g17,3,2,0,Eve,Carrot,0,0.062274,0.253749,0.303644,0.345405,0.359810,0.468214
s3g18,3,2,0,Charlie,Parsnip,0,0.209414,0.306402,0.348235,0.358293,0.092780,0.307910
s3g19,3,2,0,Bob,Parsnip,0,0.019983,0.061387,0.281740,0.298784,0.120776,0.421957
s4g0,4,2,0,Dave,Parsnip,0,0.009185,0.039296,0.251248,0.287344,0.148661,0.080549
s4g1,4,2,0,Charlie,Parsnip,0,0.082986,0.215300,0.318637,0.340011,0.052631,0.041804
s4g2,4,2,0,Dave,Parsnip,0,0.003374,0.040134,0.225733,0.287197,0.178818,0.087551
s4g3,4,2,0,Dave,Parsnip,0,0.016360,0.064517,0.271794,0.304519,0.079052,0.061654
s4g4,4,2,0,Alice,Parsnip,0,0.012676,0.037547,0.259331,0.285344,0.126846,0.073059
s4g5,4,2,0,Bob,Parsnip,0,0.004891,0.038345,0.247372,0.288530,0.129467,0.069650
s4g6,4,2,0,Dave,Carrot,0,0.130390,0.112389,0.338863,0.321609,0.182699,0.094682
s4g7,4,2,0,Dave,Carrot,0,0.093638,0.071696,0.326538,0.305016,0.063287,0.061855
s4g8,4,2,0,Eve,Parsnip,0,0.497836,0.476186,0.391392,0.379171,0.128132,0.079245
s4g9,4,2,0,Eve,Carrot,0,0.101718,0.099962,0.325326,0.316119,0.046699,0.069265
s4g10,4,2,0,Eve,Carrot,0,0.002700,0.044519,0.229962,0.292776,0.019454,0.049673
s4g11,4,2,0,Alice,Carrot,0,0.047632,0.063165,0.297966,0.301164,0.134538,0.083744
s4g12,4,2,0,Charlie,Carrot,0,0.259133,0.232009,0.359445,0.348670,0.073827,0.053299
s4g13,4,2,0,Charlie,Carrot,0,0.013914,0.054942,0.269264,0.300731,0.050019,0.044547
s4g14,4,2,0,Charlie,Carrot,0,0.190550,0.122181,0.354510,0.325327,0.054474,0.069667
s4g15,4,2,0,Charlie,Carrot,0,0.522646,0.225194,0.392117,0.341807,0.032076,0.042113
s4g16,4,2,0,Eve,Carrot,0,0.088842,0.063017,0.326334,0.303680,0.136497,0.073810
s4g17,4,2,0,Charlie,Carrot,0,0.019902,0.041612,0.274650,0.287305,0.100040,0.082671
s4g18,4,2,0,Alice,Parsnip,0,0.004443,0.037184,0.237876,0.283172,0.079321,0.067214
s4g19,4,2,0,Charlie,Parsnip,0,0.007965,0.062945,0.252422,0.301847,0.107902,0.052960
s0g0,0,2,1,Bob,Carrot,0,0.412727,0.160507,0.383366,0.337813,0.610290,0.412436
s0g1,0,2,1,Bob,Carrot,0,0.162384,0.189649,0.349230,0.334935,0.544018,0.472945
s0g2,0,2,1,Alice,Carrot,0,0.016340,0.064441,0.268262,0.299979,0.566469,0.326470
s0g3,0,2,1,Bob,Carrot,0,0.009601,0.088503,0.255225,0.312421,0.322597,0.337249
s0g4,0,2,1,Bob,Parsnip,0,0.013400,0.115154,0.267959,0.319535,0.505980,0.350086
s0g5,0,2,1,Bob,Carrot,0,0.426038,0.202341,0.381033,0.340119,0.525254,0.318534
s0g6,0,2,1,Alice,Carrot,0,0.053531,0.202671,0.314052,0.342012,0.345007,0.334089
s0g7,0,2,1,Dave,Carrot,0,0.141369,0.101819,0.338309,0.315654,0.555124,0.311910
s0g8,0,2,1,Bob,Carrot,0,0.316047,0.161115,0.370822,0.332490,0.573455,0.363873
s0g9,0,2,1,Bob,Carrot,0,0.200465,0.111957,0.352387,0.319175,0.305928,0.277941
s0g10,0,2,1,Charlie,Carrot,0,0.066766,0.065135,0.310938,0.305731,0.663763,0.485159
s0g11,0,2,1,Alice,Carrot,0,0.015030,0.060257,0.264201,0.297826,0.418825,0.293909
s0g12,0,2,1,Eve,Carrot,0,0.494752,0.295923,0.393050,0.356523,0.640121,0.547845
s0g13,0,2,1,Eve,Carrot,0,0.022829,0.084208,0.285856,0.308466,0.495231,0.240718
s0g14,0,2,1,Charlie,Carrot,0,0.095605,0.239251,0.330840,0.347980,0.700471,0.453021
s0g15,0,2,1,Alice,Parsnip,0,0.026187,0.079738,0.288922,0.308990,0.593487,0.281191
s0g16,0,2,1,Bob,Parsnip,0,0.134785,0.474852,0.340989,0.381039,0.522020,0.373544
s0g17,0,2,1,Eve,Parsnip,0,0.003647,0.061407,0.229647,0.301751,0.290269,0.331782
s0g18,0,2,1,Eve,Carrot,0,0.038971,0.054442,0.296300,0.294580,0.226861,0.290414
s0g19,0,2,1,Charlie,Carrot,0,0.046408,0.068045,0.300366,0.305014,0.381636,0.489840
s1g0,1,2,1,Alice,Parsnip,0,0.010588,0.052438,0.252669,0.296011,0.931732,0.925389
s1g1,1,2,1,Dave,Carrot,0,0.035367,0.031845,0.289974,0.283126,0.869039,0.906279
s1g2,1,2,1,Eve,Parsnip,0,0.042368,0.079927,0.295934,0.309027,0.931258,0.915283
s1g3,1,2,1,Bob,Carrot,0,0.080871,0.204874,0.318114,0.340319,0.914559,0.886653
s1g4,1,2,1,Charlie,Carrot,0,0.050189,0.051653,0.310468,0.294365,0.849522,0.941915
s1g5,1,2,1,Eve,Carrot,0,0.003335,0.054385,0.228995,0.297810,0.965421,0.926740
s1g6,1,2,1,Eve,Carrot,0,0.126053,0.110599,0.338226,0.322937,0.878623,0.930334
s1g7,1,2,1,Alice,Carrot,0,0.246779,0.213792,0.362217,0.348708,0.910919,0.918490
s1g8,1,2,1,Dave,Carrot,0,0.008811,0.069424,0.256733,0.303768,0.925117,0.924559
s1g9,1,2,1,Alice,Carrot,0,0.008249,0.072031,0.249536,0.307847,0.919006,0.923125
s1g10,1,2,1,Alice,Carrot,0,0.005724,0.038042,0.243969,0.284814,0.962711,0.895208
s1g11,1,2,1,Charlie,Carrot,0,0.004955,0.030120,0.244050,0.279339,0.929628,0.924568
s1g12,1,2,1,Charlie,Carrot,0,0.092865,0.089009,0.320583,0.311442,0.918872,0.837507
s1g13,1,2,1,Bob,Carrot,0,0.008653,0.064486,0.256474,0.300413,0.904203,0.915251
s1g14,1,2,1,Dave,Carrot,0,0.044864,0.059037,0.296140,0.297976,0.937670,0.910561
s1g15,1,2,1,Alice,Parsnip,0,0.006302,0.063353,0.246910,0.301108,0.909441,0.931237
s1g16,1,2,1,Dave,Carrot,0,0.642761,0.171561,0.400625,0.336839,0.908932,0.900169
s1g17,1,2,1,Charlie,Carrot,0,0.008116,0.088711,0.253329,0.313786,0.932085,0.920250
s1g18,1,2,1,Bob,Carrot,0,0.747616,0.159796,0.426518,0.329640,0.822386,0.806255
s1g19,1,2,1,Alice,Carrot,0,0.131910,0.247423,0.330647,0.350027,0.951997,0.917901
s2g0,2,2,1,Dave,Carrot,0,0.017229,0.046958,0.278623,0.295723,0.646961,0.759567
s2g1,2,2,1,Alice,Carrot,0,0.030193,0.033740,0.287061,0.284122,0.855586,0.868267
s2g2,2,2,1,Charlie,Carrot,0,0.008159,0.055824,0.253824,0.295521,0.810437,0.837607
s2g3,2,2,1,Dave,Carrot,0,0.152825,0.213293,0.338373,0.347512,0.937642,0.917229
s2g4,2,2,1,Dave,Carrot,0,0.132293,0.112855,0.336593,0.319738,0.687346,0.818091
s2g5,2,2,1,Eve,Carrot,0,0.339845,0.153327,0.380908,0.334449,0.851793,0.846827
s2g6,2,2,1,Charlie,Carrot,0,0.051455,0.182585,0.317897,0.337138,0.624526,0.796777
s2g7,2,2,1,Eve,Carrot,0,0.013014,0.083816,0.271592,0.311442,0.708080,0.851178
s2g8,2,2,1,Charlie,Carrot,0,0.202837,0.098237,0.347155,0.318849,0.860004,0.857627
s2g9,2,2,1,Charlie,Carrot,0,0.019616,0.079854,0.275713,0.308663,0.629516,0.811695
s2g10,2,2,1,Eve,Carrot,0,0.307142,0.227962,0.374251,0.349499,0.706993,0.802196
s2g11,2,2,1,Bob,Carrot,0,0.054863,0.106107,0.309038,0.322102,0.748969,0.867989
s2g12,2,2,1,Bob,Parsnip,0,0.004817,0.067343,0.240767,0.304993,0.598458,0.836413
s2g13,2,2,1,Alice,Parsnip,0,0.490950,0.382068,0.404007,0.367424,0.719433,0.832565
s2g14,2,2,1,Eve,Carrot,0,0.014218,0.042007,0.267106,0.286729,0.740010,0.819108
s2g15,2,2,1,Dave,Parsnip,0,0.026193,0.096835,0.280932,0.313088,0.702089,0.861956
s2g16,2,2,1,Eve,Carrot,0,0.378464,0.353428,0.382970,0.365053,0.862331,0.833639
s2g17,2,2,1,Bob,Carrot,0,0.648035,0.177942,0.409099,0.338190,0.823740,0.826675
s2g18,2,2,1,Charlie,Carrot,0,0.017027,0.052516,0.272292,0.293394,0.565846,0.744775
s2g19,2,2,1,Dave,Parsnip,0,0.440316,0.298686,0.381488,0.351797,0.743741,0.779422
s3g0,3,2,1,Charlie,Carrot,0,0.061943,0.104054,0.300282,0.314173,0.161833,0.425773
s3g1,3,2,1,Charlie,Carrot,0,0.003943,0.069362,0.237136,0.303709,0.075984,0.426728
s3g2,3,2,1,Bob,Carrot,0,0.023241,0.098152,0.280320,0.312916,0.086852,0.417923
s3g3,3,2,1,Charlie,Carrot,0,0.331962,0.205991,0.369032,0.340278,0.123327,0.383532
s3g4,3,2,1,Eve,Carrot,0,0.054331,0.084674,0.310400,0.320113,0.110016,0.346789
s3g5,3,2,1,Charlie,Carrot,0,0.056953,0.070327,0.299036,0.302309,0.113570,0.392503
s3g6,3,2,1,Charlie,Carrot,0,0.052574,0.155788,0.316659,0.337438,0.172644,0.329533
s3g7,3,2,1,Bob,Carrot,0,0.089684,0.091493,0.319424,0.316931,0.194002,0.418230
s3g8,3,2,1,Bob,Parsnip,0,0.029820,0.075362,0.289011,0.308353,0.188525,0.516865
s3g9,3,2,1,Alice,Carrot,0,0.005123,0.049136,0.243748,0.290958,0.135155,0.423293
s3g10,3,2,1,Eve,Parsnip,0,0.009178,0.050028,0.253510,0.296598,0.092649,0.429746
s3g11,3,2,1,Dave,Parsnip,0,0.047284,0.108888,0.304233,0.321683,0.103596,0.465691
s3g12,3,2,1,Alice,Parsnip,0,0.038755,0.088853,0.302318,0.314210,0.125169,0.474683
s3g13,3,2,1,Charlie,Parsnip,0,0.038265,0.139619,0.289883,0.322711,0.243546,0.519217
s3g14,3,2,1,Dave,Carrot,0,0.117627,0.220793,0.336659,0.345607,0.135943,0.394429
s3g15,3,2,1,Dave,Carrot,0,0.018412,0.058915,0.272685,0.297493,0.140952,0.351647
s3g16,3,2,1,Bob,Carrot,0,0.031408,0.089767,0.286052,0.312681,0.056814,0.446057
s3g17,3,2,1,Alice,Carrot,0,0.055947,0.209135,0.304665,0.338702,0.226642,0.465454
s3g18,3,2,1,Dave,Carrot,0,0.338403,0.361082,0.386368,0.369589,0.109663,0.313057
s3g19,3,2,1,Dave,Carrot,0,0.120244,0.089633,0.325779,0.314358,0.257838,0.387162
s4g0,4,2,1,Bob,Carrot,0,0.028663,0.092174,0.278521,0.312152,0.131641,0.085729
s4g1,4,2,1,Eve,Carrot,0,0.235599,0.135226,0.359671,0.324174,0.041625,0.058919
s4g2,4,2,1,Eve,Carrot,0,0.185856,0.238491,0.351007,0.348279,0.281755,0.116835
s4g3,4,2,1,Eve,Carrot,0,0.051030,0.041812,0.291755,0.287151,0.105480,0.085755
s4g4,4,2,1,Eve,Carrot,0,0.007349,0.054268,0.251288,0.296989,0.049518,0.057057
s4g5,4,2,1,Dave,Carrot,0,0.155536,0.106213,0.338281,0.317158,0.111923,0.080369
s4g6,4,2,1,Charlie,Carrot,0,0.179318,0.415151,0.349075,0.373019,0.052225,0.108733
s4g7,4,2,1,Alice,Parsnip,0,0.051295,0.073659,0.309506,0.307527,0.046546,0.073177
s4g8,4,2,1,Alice,Carrot,0,0.282765,0.315159,0.356931,0.356457,0.182284,0.086576
s4g9,4,2,1,Bob,Carrot,0,0.222089,0.153839,0.351714,0.333491,0.034960,0.055232
s4g10,4,2,1,Alice,Carrot,0,0.043694,0.047841,0.297178,0.294282,0.226377,0.095453
s4g11,4,2,1,Bob,Parsnip,0,0.045587,0.109543,0.299695,0.321888,0.200490,0.101070
s4g12,4,2,1,Alice,Parsnip,0,0.018148,0.114709,0.279743,0.323667,0.065071,0.060729
s4g13,4,2,1,Dave,Carrot,0,0.084228,0.242742,0.316292,0.349575,0.027671,0.060735
s4g14,4,2,1,Eve,Parsnip,0,0.027044,0.074791,0.281100,0.306673,0.047954,0.075022
s4g15,4,2,1,Dave,Carrot,0,0.260236,0.267326,0.360595,0.357772,0.140940,0.065908
s4g16,4,2,1,Alice,Parsnip,0,0.015718,0.107233,0.276967,0.320888,0.055172,0.078037
s4g17,4,2,1,Alice,Carrot,0,0.082693,0.099120,0.317736,0.315903,0.193400,0.098935
s4g18,4,2,1,Charlie,Carrot,0,0.123888,0.098907,0.327920,0.317240,0.039686,0.041926
s4g19,4,2,1,Eve,Carrot,0,0.111738,0.172054,0.321836,0.332267,0.117875,0.085727
s0g0,0,2,2,Alice,Carrot,0,0.160879,0.176198,0.336385,0.333183,0.683128,0.414248
s0g1,0,2,2,Alice,Carrot,0,0.165799,0.143044,0.340759,0.328789,0.495288,0.492997
s0g2,0,2,2,Eve,Carrot,0,0.021684,0.063770,0.274905,0.300486,0.522829,0.316314
s0g3,0,2,2,Charlie,Carrot,0,0.048735,0.159419,0.295276,0.332117,0.364878,0.405907
s0g4,0,2,2,Charlie,Carrot,0,0.005360,0.067439,0.247521,0.307027,0.519557,0.440386
s0g5,0,2,2,Alice,Carrot,0,0.039321,0.109649,0.298182,0.318877,0.527319,0.343025
s0g6,0,2,2,Bob,Carrot,0,0.100676,0.107893,0.325628,0.320647,0.436503,0.310493
s0g7,0,2,2,Bob,Carrot,0,0.208929,0.172417,0.355485,0.332618,0.452745,0.336411
s0g8,0,2,2,Dave,Carrot,0,0.617056,0.156357,0.403159,0.330007,0.504375,0.463860
s0g9,0,2,2,Charlie,Carrot,0,0.034272,0.064068,0.296754,0.299723,0.451267,0.271635
s0g10,0,2,2,Alice,Carrot,0,0.008182,0.042686,0.261662,0.290692,0.522478,0.267527
s0g11,0,2,2,Dave,Parsnip,0,0.214494,0.130684,0.355379,0.323387,0.388903,0.292675
s0g12,0,2,2,Dave,Carrot,0,0.020722,0.061414,0.275884,0.301660,0.736874,0.442781
s0g13,0,2,2,Alice,Carrot,0,0.010789,0.043486,0.261823,0.287698,0.470429,0.239889
s0g14,0,2,2,Eve,Carrot,0,0.084732,0.440031,0.315740,0.370334,0.322197,0.422573
s0g15,0,2,2,Eve,Carrot,0,0.075384,0.050243,0.314106,0.294485,0.455363,0.423663
s0g16,0,2,2,Eve,Carrot,0,0.046754,0.077928,0.292998,0.303984,0.558242,0.349206
s0g17,0,2,2,Dave,Carrot,0,0.005491,0.058125,0.254659,0.298329,0.734749,0.520764
s0g18,0,2,2,Alice,Carrot,0,0.076160,0.055667,0.306727,0.295939,0.451151,0.276995
s0g19,0,2,2,Alice,Carrot,0,0.022327,0.051611,0.277053,0.295497,0.545950,0.326746
s1g0,1,2,2,Bob,Carrot,0,0.071836,0.126494,0.314152,0.321381,0.890389,0.907984
s1g1,1,2,2,Bob,Carrot,0,0.017506,0.076127,0.277099,0.307196,0.851563,0.869159
s1g2,1,2,2,Bob,Carrot,0,0.026643,0.076947,0.284442,0.308931,0.911171,0.912138
s1g3,1,2,2,Alice,Parsnip,0,0.060937,0.139127,0.315055,0.329963,0.953691,0.932929
s1g4,1,2,2,Eve,Carrot,0,0.013368,0.102844,0.264204,0.316642,0.936885,0.930908
s1g5,1,2,2,Charlie,Carrot,0,0.018847,0.075956,0.274069,0.305367,0.961116,0.924885
s1g6,1,2,2,Dave,Carrot,0,0.105999,0.123145,0.324943,0.328436,0.876112,0.900191
s1g7,1,2,2,Eve,Carrot,0,0.048692,0.118989,0.311532,0.327433,0.923436,0.920792
s1g8,1,2,2,Alice,Carrot,0,0.045955,0.087714,0.299856,0.313500,0.884888,0.926269
s1g9,1,2,2,Bob,Carrot,0,0.034397,0.157652,0.286272,0.330379,0.926061,0.932025
s1g10,1,2,2,Dave,Carrot,0,0.022243,0.030688,0.272531,0.275966,0.845693,0.822492
s1g11,1,2,2,Bob,Carrot,0,0.002783,0.027443,0.226621,0.277251,0.937206,0.932061
s1g12,1,2,2,Eve,Carrot,0,0.002870,0.034888,0.232468,0.286525,0.891254,0.897515
s1g13,1,2,2,Dave,Carrot,0,0.056883,0.094971,0.309140,0.313506,0.917803,0.922134
s1g14,1,2,2,Alice,Carrot,0,0.031344,0.052091,0.291157,0.294392,0.904017,0.920996
s1g15,1,2,2,Charlie,Carrot,0,0.084106,0.090147,0.329488,0.311190,0.938253,0.919359
s1g16,1,2,2,Alice,Carrot,0,0.033078,0.154439,0.284644,0.327265,0.907111,0.888215
s1g17,1,2,2,Alice,Carrot,0,0.006155,0.054451,0.245285,0.296203,0.971860,0.925896
s1g18,1,2,2,Charlie,Carrot,0,0.020920,0.085278,0.276990,0.309549,0.965301,0.916301
s1g19,1,2,2,Eve,Carrot,0,0.044846,0.069439,0.306030,0.306561,0.937937,0.923553
s2g0,2,2,2,Charlie,Carrot,0,0.091046,0.201975,0.333338,0.345048,0.808105,0.790639
s2g1,2,2,2,Dave,Carrot,0,0.023687,0.042129,0.280700,0.289408,0.660059,0.794965
s2g2,2,2,2,Eve,Carrot,0,0.003255,0.064122,0.230236,0.301848,0.805073,0.868976
s2g3,2,2,2,Charlie,Carrot,0,0.128090,0.121898,0.327680,0.322648,0.762855,0.880633
s2g4,2,2,2,Bob,Carrot,0,0.074960,0.070042,0.314765,0.301497,0.607820,0.794685
s2g5,2,2,2,Alice,Carrot,0,0.038205,0.071091,0.288679,0.303803,0.694429,0.803030
s2g6,2,2,2,Eve,Parsnip,0,0.024936,0.060557,0.279001,0.300562,0.764654,0.829622
s2g7,2,2,2,Dave,Carrot,0,0.015489,0.039142,0.279321,0.290687,0.683825,0.847227
s2g8,2,2,2,Bob,Carrot,0,0.104660,0.115282,0.331281,0.319045,0.621549,0.773570
s2g9,2,2,2,Bob,Carrot,0,0.009187,0.108073,0.260544,0.319250,0.702548,0.811917
s2g10,2,2,2,Alice,Carrot,0,0.011406,0.115125,0.266225,0.320873,0.632863,0.772413
s2g11,2,2,2,Dave,Carrot,0,0.412008,0.083683,0.386978,0.316741,0.719914,0.812360
s2g12,2,2,2,Dave,Carrot,0,0.111022,0.110796,0.329893,0.319629,0.858257,0.873985
s2g13,2,2,2,Eve,Carrot,0,0.086495,0.112812,0.330939,0.320799,0.711561,0.790093
s2g14,2,2,2,Charlie,Carrot,0,0.008376,0.027779,0.255751,0.279844,0.581265,0.829724
s2g15,2,2,2,Bob,Carrot,0,0.071087,0.185407,0.320884,0.339447,0.799119,0.837299
s2g16,2,2,2,Alice,Carrot,0,0.018803,0.073254,0.281479,0.305260,0.689899,0.744193
s2g17,2,2,2,Alice,Carrot,0,0.051301,0.090379,0.304349,0.311791,0.457644,0.748288
s2g18,2,2,2,Alice,Carrot,0,0.005107,0.039086,0.247000,0.287749,0.689831,0.773335
s2g19,2,2,2,Alice,Carrot,0,0.075235,0.121360,0.313345,0.318952,0.684914,0.816826
s3g0,3,2,2,Eve,Carrot,0,0.017081,0.035849,0.275050,0.284457,0.061629,0.451153
s3g1,3,2,2,Alice,Parsnip,0,0.061240,0.115665,0.307798,0.322031,0.071190,0.361437
s3g2,3,2,2,Charlie,Carrot,0,0.150842,0.222689,0.339787,0.345154,0.105003,0.369431
s3g3,3,2,2,Eve,Parsnip,0,0.028818,0.079672,0.284089,0.307480,0.193904,0.497431
s3g4,3,2,2,Bob,Carrot,0,0.062023,0.168404,0.308077,0.336801,0.298323,0.478232
s3g5,3,2,2,Alice,Parsnip,0,0.493071,0.306733,0.379156,0.357096,0.138865,0.341163
s3g6,3,2,2,Eve,Parsnip,0,0.011075,0.083347,0.260361,0.308903,0.144709,0.547218
s3g7,3,2,2,Dave,Carrot,0,0.088499,0.081301,0.320704,0.312412,0.357614,0.455546
s3g8,3,2,2,Eve,Carrot,0,0.053947,0.071024,0.312559,0.301986,0.125235,0.390096
s3g9,3,2,2,Charlie,Parsnip,0,0.038232,0.093274,0.299530,0.311703,0.196875,0.600324
s3g10,3,2,2,Alice,Carrot,0,0.131638,0.164581,0.338625,0.335514,0.094622,0.390921
s3g11,3,2,2,Alice,Carrot,0,0.051543,0.105665,0.307500,0.323326,0.208420,0.412781
s3g12,3,2,2,Charlie,Carrot,0,0.012575,0.079306,0.266754,0.306453,0.150529,0.480055
s3g13,3,2,2,Bob,Carrot,0,0.011339,0.051023,0.252192,0.290280,0.115010,0.456390
s3g14,3,2,2,Alice,Carrot,0,0.104308,0.228723,0.327024,0.343752,0.258754,0.474956
s3g15,3,2,2,Eve,Parsnip,0,0.100079,0.094696,0.325261,0.314354,0.236354,0.486975
s3g16,3,2,2,Dave,Carrot,0,0.006210,0.037733,0.251024,0.287762,0.084818,0.421541
s3g17,3,2,2,Dave,Carrot,0,0.340068,0.131968,0.380899,0.334447,0.394661,0.456118
s3g18,3,2,2,Bob,Carrot,0,0.065241,0.085046,0.312645,0.310008,0.103753,0.336770
s3g19,3,2,2,Eve,Carrot,0,0.077175,0.129657,0.314720,0.324943,0.072467,0.375472
s4g0,4,2,2,Eve,Carrot,0,0.188941,0.202565,0.344998,0.341084,0.022786,0.065546
s4g1,4,2,2,Alice,Carrot,0,0.311039,0.294135,0.366251,0.356226,0.023424,0.055642
s4g2,4,2,2,Bob,Carrot,0,0.104232,0.086444,0.321028,0.309730,0.124465,0.102239
s4g3,4,2,2,Charlie,Carrot,0,0.125455,0.078908,0.338229,0.309111,0.135619,0.085466
s4g4,4,2,2,Dave,Carrot,0,0.001996,0.056440,0.226433,0.297307,0.044005,0.060394
s4g5,4,2,2,Alice,Carrot,0,0.004754,0.060677,0.237971,0.297446,0.043873,0.076963
s4g6,4,2,2,Bob,Carrot,0,0.019956,0.101517,0.281742,0.315853,0.062823,0.077085
s4g7,4,2,2,Bob,Carrot,0,0.024802,0.052851,0.284286,0.300735,0.048495,0.060253
s4g8,4,2,2,Dave,Carrot,0,0.493279,0.363511,0.387274,0.364869,0.041676,0.050226
s4g9,4,2,2,Charlie,Parsnip,0,0.010569,0.088129,0.270654,0.310366,0.065036,0.098045
s4g10,4,2,2,Charlie,Carrot,0,0.227900,0.178691,0.356293,0.335418,0.126149,0.082671
s4g11,4,2,2,Eve,Carrot,0,0.067997,0.127594,0.321175,0.328912,0.029879,0.039021
s4g12,4,2,2,Bob,Carrot,0,0.019731,0.066955,0.271379,0.304535,0.201340,0.083229
s4g13,4,2,2,Alice,Parsnip,0,0.024158,0.115781,0.279502,0.318648,0.058131,0.048950
s4g14,4,2,2,Dave,Carrot,0,0.037547,0.213920,0.303748,0.344404,0.102928,0.078330
s4g15,4,2,2,Alice,Carrot,0,0.093049,0.126758,0.321667,0.320834,0.110170,0.086579
s4g16,4,2,2,Bob,Carrot,0,0.010189,0.041214,0.258831,0.288619,0.093201,0.077577
s4g17,4,2,2,Bob,Carrot,0,0.026870,0.075613,0.290220,0.310763,0.151974,0.095371
s4g18,4,2,2,Bob,Carrot,0,0.020231,0.047751,0.272595,0.294881,0.060840,0.051289
s4g19,4,2,2,Dave,Carrot,0,0.018172,0.070871,0.272926,0.303304,0.185165,0.121999
s0g0,0,2,3,Eve,Carrot,0,0.111251,0.119189,0.320477,0.319639,0.543448,0.365171
s0g1,0,2,3,Charlie,Parsnip,0,0.094218,0.087419,0.332950,0.310612,0.533748,0.279390
s0g2,0,2,3,Bob,Carrot,0,0.058699,0.041986,0.311137,0.296777,0.502390,0.378525
s0g3,0,2,3,Eve,Carrot,0,0.391944,0.100212,0.374842,0.315532,0.389886,0.301609
s0g4,0,2,3,Eve,Carrot,0,0.333973,0.213683,0.380371,0.344353,0.547645,0.414576
s0g5,0,2,3,Charlie,Carrot,0,0.048471,0.050551,0.298669,0.291665,0.451212,0.312711
s0g6,0,2,3,Eve,Parsnip,0,0.054833,0.101154,0.299611,0.312441,0.553885,0.286487
s0g7,0,2,3,Charlie,Carrot,0,0.022406,0.081708,0.292061,0.317758,0.357513,0.525512
s0g8,0,2,3,Charlie,Parsnip,0,0.009427,0.069431,0.255083,0.301570,0.541471,0.307153
s0g9,0,2,3,Eve,Carrot,0,0.043693,0.204399,0.297403,0.339487,0.267501,0.426183
s0g10,0,2,3,Bob,Carrot,0,0.006701,0.043335,0.257237,0.288919,0.488603,0.355410
s0g11,0,2,3,Charlie,Carrot,0,0.344160,0.135680,0.386381,0.325294,0.433236,0.314033
s0g12,0,2,3,Alice,Carrot,0,0.045216,0.121424,0.299776,0.322767,0.668511,0.347542
s0g13,0,2,3,Bob,Carrot,0,0.059270,0.061935,0.304016,0.303071,0.335067,0.434629
s0g14,0,2,3,Bob,Carrot,0,0.056789,0.177748,0.303678,0.335660,0.459529,0.390499
s0g15,0,2,3,Dave,Carrot,0,0.279279,0.154274,0.355775,0.329132,0.551818,0.372979
s0g16,0,2,3,Dave,Carrot,0,0.016638,0.076458,0.271835,0.306025,0.538919,0.316438
s0g17,0,2,3,Charlie,Carrot,0,0.067149,0.069490,0.320200,0.308565,0.465489,0.408000
s0g18,0,2,3,Dave,Carrot,0,0.091862,0.123937,0.316996,0.320070,0.314468,0.388441
s0g19,0,2,3,Bob,Carrot,0,0.004536,0.063551,0.237754,0.299317,0.450623,0.352349
s1g0,1,2,3,Charlie,Carrot,0,0.150285,0.158040,0.339508,0.333288,0.907309,0.918919
s1g1,1,2,3,Alice,Carrot,0,0.017789,0.051999,0.273628,0.294591,0.908592,0.902386
s1g2,1,2,3,Dave,Carrot,0,0.025717,0.039687,0.285554,0.290995,0.854000,0.894605
s1g3,1,2,3,Dave,Carrot,0,0.183430,0.113711,0.342991,0.324076,0.897279,0.917113
s1g4,1,2,3,Dave,Carrot,0,0.234398,0.245374,0.358304,0.351397,0.946789,0.933550
s1g5,1,2,3,Bob,Carrot,0,0.189027,0.086415,0.345987,0.314101,0.893580,0.949517
s1g6,1,2,3,Alice,Parsnip,0,0.093179,0.134264,0.315791,0.323385,0.853790,0.915002
s1g7,1,2,3,Bob,Parsnip,0,0.189482,0.107234,0.346626,0.317540,0.924449,0.920720
s1g8,1,2,3,Charlie,Carrot,0,0.022884,0.074324,0.285090,0.305702,0.939323,0.923762
s1g9,1,2,3,Dave,Carrot,0,0.023902,0.073818,0.280735,0.306230,0.938645,0.932269
s1g10,1,2,3,Charlie,Carrot,0,0.040290,0.053550,0.300492,0.298737,0.962726,0.925383
s1g11,1,2,3,Eve,Carrot,0,0.018289,0.046623,0.273747,0.291457,0.892092,0.943855
s1g12,1,2,3,Dave,Carrot,0,0.089139,0.114151,0.319808,0.319147,0.851825,0.912881
s1g13,1,2,3,Alice,Carrot,0,0.027631,0.097701,0.280745,0.312711,0.919439,0.931037
s1g14,1,2,3,Bob,Carrot,0,0.003895,0.037971,0.240477,0.284732,0.939536,0.913346
s1g15,1,2,3,Eve,Carrot,0,0.076754,0.076575,0.309953,0.306672,0.946665,0.915827
s1g16,1,2,3,Eve,Carrot,0,0.378786,0.122629,0.373685,0.325643,0.824461,0.854388
s1g17,1,2,3,Dave,Parsnip,0,0.005404,0.069725,0.247205,0.304285,0.962351,0.939799
s1g18,1,2,3,Eve,Carrot,0,0.015933,0.034235,0.266560,0.281382,0.970700,0.922583
s1g19,1,2,3,Charlie,Parsnip,0,0.138880,0.150688,0.333201,0.326116,0.941347,0.930339
s2g0,2,2,3,Bob,Carrot,0,0.118518,0.205894,0.329342,0.344207,0.719242,0.806261
s2g1,2,2,3,Charlie,Carrot,0,0.463837,0.216179,0.389557,0.348532,0.758964,0.809899
s2g2,2,2,3,Alice,Carrot,0,0.044741,0.055167,0.297548,0.301934,0.661264,0.766716
s2g3,2,2,3,Eve,Carrot,0,0.069748,0.166694,0.308583,0.333583,0.878004,0.906567
s2g4,2,2,3,Eve,Parsnip,0,0.022508,0.123357,0.280747,0.318078,0.649788,0.817361
s2g5,2,2,3,Bob,Carrot,0,0.040987,0.047464,0.295720,0.292369,0.789702,0.764672
s2g6,2,2,3,Alice,Carrot,0,0.055560,0.106528,0.312271,0.317118,0.889070,0.866960
s2g7,2,2,3,Alice,Carrot,0,0.025333,0.057580,0.289819,0.298961,0.536965,0.776436
s2g8,2,2,3,Dave,Carrot,0,0.076979,0.084396,0.321619,0.308941,0.800053,0.845741
s2g9,2,2,3,Eve,Carrot,0,0.020980,0.026425,0.285622,0.281120,0.831331,0.818723
s2g10,2,2,3,Bob,Carrot,0,0.020454,0.062751,0.287724,0.299688,0.787045,0.858856
s2g11,2,2,3,Alice,Carrot,0,0.046303,0.080190,0.302930,0.308912,0.751429,0.818790
s2g12,2,2,3,Eve,Carrot,0,0.047483,0.182794,0.304947,0.334122,0.825479,0.866288
s2g13,2,2,3,Charlie,Carrot,0,0.148428,0.134376,0.346642,0.327752,0.773495,0.818765
s2g14,2,2,3,Bob,Carrot,0,0.007001,0.039927,0.252256,0.285964,0.627792,0.734828
s2g15,2,2,3,Alice,Carrot,0,0.075198,0.153657,0.312417,0.327469,0.872510,0.828026
s2g16,2,2,3,Bob,Carrot,0,0.011894,0.069681,0.268595,0.302779,0.740481,0.815473
s2g17,2,2,3,Charlie,Parsnip,0,0.009996,0.063501,0.274470,0.298402,0.595996,0.866914
s2g18,2,2,3,Eve,Parsnip,0,0.030839,0.180601,0.281715,0.334916,0.654649,0.799770
s2g19,2,2,3,Eve,Carrot,0,0.033955,0.071137,0.285361,0.301422,0.671615,0.807948
s3g0,3,2,3,Dave,Carrot,0,0.013550,0.028783,0.266134,0.278203,0.121048,0.354380
s3g1,3,2,3,Eve,Carrot,0,0.112747,0.132398,0.322834,0.327380,0.141275,0.426248
s3g2,3,2,3,Alice,Parsnip,0,0.071368,0.069757,0.313701,0.302121,0.575421,0.662773
s3g3,3,2,3,Alice,Carrot,0,0.075193,0.095937,0.313311,0.321684,0.400484,0.447509
s3g4,3,2,3,Charlie,Carrot,0,0.033486,0.117025,0.290935,0.324720,0.126748,0.371692
s3g5,3,2,3,Bob,Carrot,0,0.040794,0.105838,0.295742,0.321181,0.221408,0.455615
s3g6,3,2,3,Dave,Carrot,0,0.002957,0.034224,0.227873,0.281928,0.125106,0.391048
s3g7,3,2,3,Alice,Carrot,0,0.068842,0.081700,0.302149,0.306349,0.190190,0.463578
s3g8,3,2,3,Charlie,Carrot,0,0.102487,0.088832,0.345677,0.314357,0.343945,0.458862
s3g9,3,2,3,Eve,Carrot,0,0.029638,0.188158,0.292359,0.335433,0.230996,0.529240
s3g10,3,2,3,Charlie,Carrot,0,0.158093,0.246875,0.343596,0.353139,0.132868,0.347379
s3g11,3,2,3,Eve,Carrot,0,0.574725,0.267941,0.396956,0.355276,0.340511,0.428605
s3g12,3,2,3,Dave,Carrot,0,0.115778,0.112196,0.327286,0.318145,0.170690,0.448659
s3g13,3,2,3,Eve,Carrot,0,0.025578,0.093226,0.280401,0.305421,0.327404,0.424878
s3g14,3,2,3,Bob,Parsnip,0,0.030868,0.047527,0.285879,0.293358,0.141749,0.495544
s3g15,3,2,3,Bob,Carrot,0,0.037306,0.055767,0.297372,0.300139,0.120433,0.495714
s3g16,3,2,3,Eve,Carrot,0,0.020877,0.057315,0.284465,0.297857,0.088349,0.430791
s3g17,3,2,3,Bob,Parsnip,0,0.076698,0.081015,0.312850,0.307387,0.359415,0.648537
s3g18,3,2,3,Eve,Carrot,0,0.053482,0.133182,0.301466,0.326101,0.089410,0.397980
s3g19,3,2,3,Alice,Carrot,0,0.008164,0.055343,0.250403,0.295936,0.098996,0.368833
s4g0,4,2,3,Alice,Carrot,0,0.220517,0.183323,0.342374,0.333873,0.213449,0.104830
s4g1,4,2,3,Dave,Carrot,0,0.066300,0.123834,0.310992,0.321111,0.114747,0.072605
s4g2,4,2,3,Alice,Carrot,0,0.045219,0.067089,0.301335,0.304682,0.073492,0.068112
s4g3,4,2,3,Alice,Carrot,0,0.118771,0.120712,0.330769,0.325285,0.162752,0.076186
s4g4,4,2,3,Charlie,Carrot,0,0.615320,0.324341,0.396691,0.359383,0.136969,0.085257
s4g5,4,2,3,Charlie,Carrot,0,0.017029,0.115335,0.270455,0.320455,0.078545,0.101354
s4g6,4,2,3,Alice,Carrot,0,0.020634,0.061542,0.275250,0.299293,0.089156,0.073207
s4g7,4,2,3,Charlie,Carrot,0,0.148019,0.106395,0.357403,0.316276,0.031240,0.071773
s4g8,4,2,3,Charlie,Carrot,0,0.069533,0.085955,0.322510,0.309870,0.126999,0.078422
s4g9,4,2,3,Alice,Carrot,0,0.204697,0.284720,0.349735,0.349855,0.113744,0.106097
s4g10,4,2,3,Dave,Carrot,0,0.018282,0.045102,0.275936,0.289237,0.027058,0.063330
s4g11,4,2,3,Dave,Carrot,0,0.030681,0.060104,0.291751,0.298264,0.106219,0.072102
s4g12,4,2,3,Eve,Carrot,0,0.096626,0.119247,0.327977,0.325021,0.236288,0.079897
s4g13,4,2,3,Eve,Carrot,0,0.034193,0.174446,0.294556,0.333549,0.116588,0.098032
s4g14,4,2,3,Bob,Carrot,0,0.018806,0.134172,0.272144,0.324611,0.152462,0.074881
s4g15,4,2,3,Eve,Parsnip,0,0.072918,0.093325,0.314048,0.311004,0.179148,0.085475
s4g16,4,2,3,Dave,Carrot,0,0.005979,0.037150,0.249340,0.286394,0.099234,0.103477
s4g17,4,2,3,Eve,Carrot,0,0.019272,0.081199,0.274576,0.307335,0.156351,0.089162
s4g18,4,2,3,Dave,Carrot,0,0.040490,0.051378,0.285769,0.291679,0.166152,0.097617
s4g19,4,2,3,Bob,Carrot,0,0.006619,0.064663,0.253459,0.306036,0.092604,0.089483
s0g0,0,2,4,Dave,Parsnip,0,0.039159,0.078750,0.300076,0.307497,0.583257,0.333511
s0g1,0,2,4,Eve,Carrot,0,0.208312,0.202597,0.355820,0.344148,0.543631,0.437407
s0g2,0,2,4,Charlie,Carrot,0,0.029053,0.063311,0.287931,0.299958,0.604012,0.519548
s0g3,0,2,4,Alice,Carrot,0,0.005620,0.042392,0.248555,0.287970,0.475309,0.265476
s0g4,0,2,4,Alice,Carrot,0,0.037334,0.099933,0.298206,0.318043,0.531915,0.331804
s0g5,0,2,4,Eve,Parsnip,0,0.052734,0.118338,0.311462,0.319573,0.346437,0.321230
s0g6,0,2,4,Charlie,Carrot,0,0.020722,0.071464,0.274751,0.303769,0.669647,0.364214
s0g7,0,2,4,Eve,Carrot,0,0.029867,0.048552,0.287810,0.291791,0.527634,0.364561
s0g8,0,2,4,Alice,Carrot,0,0.004509,0.054754,0.248809,0.296670,0.494658,0.355730
s0g9,0,2,4,Alice,Parsnip,0,0.125107,0.188034,0.342513,0.337889,0.536727,0.379690
s0g10,0,2,4,Dave,Carrot,0,0.084327,0.130807,0.326364,0.325217,0.455749,0.411607
s0g11,0,2,4,Eve,Carrot,0,0.483715,0.307426,0.390146,0.358753,0.373306,0.329917
s0g12,0,2,4,Charlie,Parsnip,0,0.017521,0.100260,0.282314,0.314454,0.698524,0.355265
s0g13,0,2,4,Dave,Parsnip,0,0.621299,0.253300,0.415537,0.352697,0.530683,0.361385
s0g14,0,2,4,Alice,Parsnip,0,0.077495,0.071941,0.323038,0.301601,0.255689,0.236049
s0g15,0,2,4,Bob,Carrot,0,0.078419,0.177656,0.315579,0.332782,0.601695,0.353981
s0g16,0,2,4,Charlie,Carrot,0,0.003976,0.047006,0.235396,0.292928,0.523544,0.366052
s0g17,0,2,4,Bob,Carrot,0,0.026033,0.053510,0.280234,0.294832,0.518284,0.326956
s0g18,0,2,4,Charlie,Carrot,0,0.604432,0.163212,0.399439,0.329538,0.298582,0.454135
s0g19,0,2,4,Eve,Carrot,0,0.585116,0.207179,0.405519,0.341824,0.632352,0.413288
s1g0,1,2,4,Eve,Carrot,0,0.073759,0.107165,0.321449,0.319436,0.923864,0.908807
s1g1,1,2,4,Charlie,Parsnip,0,0.204914,0.270033,0.357931,0.354662,0.948959,0.924715
s1g2,1,2,4,Charlie,Carrot,0,0.386236,0.473540,0.374967,0.380829,0.864400,0.940792
s1g3,1,2,4,Charlie,Carrot,0,0.086195,0.183186,0.319761,0.336534,0.952021,0.923491
s1g4,1,2,4,Bob,Parsnip,0,0.199359,0.132675,0.348315,0.319830,0.947207,0.933709
s1g5,1,2,4,Dave,Parsnip,0,0.298297,0.141379,0.365005,0.324098,0.936372,0.927132
s1g6,1,2,4,Charlie,Carrot,0,0.491653,0.432053,0.388701,0.375399,0.900254,0.920396
s1g7,1,2,4,Dave,Carrot,0,0.210309,0.151943,0.372275,0.331159,0.887556,0.913188
s1g8,1,2,4,Eve,Parsnip,0,0.311027,0.217763,0.366913,0.346552,0.956969,0.928352
s1g9,1,2,4,Eve,Carrot,0,0.577910,0.260963,0.400826,0.348336,0.936937,0.919236
s1g10,1,2,4,Bob,Carrot,0,0.058738,0.112185,0.308802,0.320614,0.928334,0.916136
s1g11,1,2,4,Dave,Parsnip,0,0.504486,0.417189,0.406580,0.375329,0.914552,0.891442
s1g12,1,2,4,Alice,Parsnip,0,0.267741,0.149080,0.349999,0.330800,0.873767,0.928643
s1g13,1,2,4,Charlie,Parsnip,0,0.151514,0.066262,0.332670,0.299193,0.919551,0.913612
s1g14,1,2,4,Charlie,Carrot,0,0.281149,0.116259,0.361719,0.319363,0.914790,0.931544
s1g15,1,2,4,Dave,Carrot,0,0.024491,0.066497,0.282345,0.303119,0.935439,0.915844
s1g16,1,2,4,Bob,Carrot,0,0.053814,0.148594,0.307783,0.329647,0.874539,0.891354
s1g17,1,2,4,Eve,Carrot,0,0.069090,0.459324,0.312877,0.378513,0.885189,0.954610
s1g18,1,2,4,Dave,Parsnip,0,0.064663,0.081979,0.316317,0.311636,0.940942,0.941819
s1g19,1,2,4,Dave,Carrot,0,0.047053,0.132356,0.303070,0.326523,0.941909,0.939051
s2g0,2,2,4,Eve,Carrot,0,0.012479,0.195729,0.270499,0.343624,0.689755,0.758383
s2g1,2,2,4,Eve,Parsnip,0,0.062623,0.145232,0.303094,0.329224,0.841670,0.858422
s2g2,2,2,4,Dave,Carrot,0,0.176585,0.131194,0.345825,0.325856,0.844863,0.888709
s2g3,2,2,4,Alice,Parsnip,0,0.069797,0.122152,0.308446,0.322651,0.857243,0.864786
s2g4,2,2,4,Alice,Carrot,0,0.025265,0.181924,0.281295,0.334025,0.783534,0.877835
s2g5,2,2,4,Charlie,Parsnip,0,0.101953,0.088662,0.324272,0.307851,0.792051,0.875195
s2g6,2,2,4,Dave,Carrot,0,0.019875,0.075462,0.273344,0.305671,0.646909,0.825870
s2g7,2,2,4,Charlie,Parsnip,0,0.110383,0.089945,0.326581,0.311905,0.843021,0.846633
s2g8,2,2,4,Alice,Parsnip,0,0.082962,0.107084,0.312764,0.311748,0.821015,0.848083
s2g9,2,2,4,Alice,Parsnip,0,0.009177,0.060767,0.260560,0.297757,0.676995,0.839017
s2g10,2,2,4,Charlie,Parsnip,0,0.031308,0.084773,0.297036,0.310433,0.692898,0.827700
s2g11,2,2,4,Charlie,Carrot,0,0.554676,0.292469,0.408002,0.362018,0.782642,0.839564
s2g12,2,2,4,Charlie,Carrot,0,0.075847,0.138807,0.316755,0.325456,0.807626,0.870371
s2g13,2,2,4,Bob,Carrot,0,0.150806,0.200673,0.354412,0.342031,0.795235,0.797005
s2g14,2,2,4,Dave,Carrot,0,0.467681,0.249556,0.386245,0.348604,0.935033,0.897373
s2g15,2,2,4,Eve,Carrot,0,0.088928,0.116080,0.323392,0.319629,0.894566,0.862876
s2g16,2,2,4,Charlie,Parsnip,0,0.057445,0.087703,0.342271,0.310736,0.683048,0.850234
s2g17,2,2,4,Eve,Carrot,0,0.010344,0.042846,0.264294,0.288000,0.597044,0.740579
s2g18,2,2,4,Bob,Carrot,0,0.087772,0.133591,0.319233,0.324624,0.697278,0.837423
s2g19,2,2,4,Bob,Carrot,0,0.128611,0.189379,0.333031,0.339966,0.812148,0.851090
s3g0,3,2,4,Bob,Parsnip,0,0.012506,0.129018,0.266012,0.325674,0.116198,0.521143
s3g1,3,2,4,Bob,Carrot,0,0.137149,0.222898,0.335119,0.347519,0.243837,0.360687
s3g2,3,2,4,Dave,Carrot,0,0.036437,0.119245,0.285757,0.321466,0.081662,0.432621
s3g3,3,2,4,Bob,Carrot,0,0.029385,0.072733,0.285149,0.304899,0.261316,0.478489
s3g4,3,2,4,Dave,Parsnip,0,0.195271,0.240935,0.351234,0.349502,0.183668,0.368730
s3g5,3,2,4,Eve,Carrot,0,0.058273,0.176419,0.306937,0.336981,0.392686,0.464993
s3g6,3,2,4,Bob,Carrot,0,0.040279,0.231478,0.301892,0.350468,0.285225,0.554930
s3g7,3,2,4,Charlie,Parsnip,0,0.042516,0.056291,0.300177,0.298142,0.202395,0.533709
s3g8,3,2,4,Dave,Carrot,0,0.096686,0.400498,0.339329,0.369773,0.234381,0.525564
s3g9,3,2,4,Bob,Carrot,0,0.151767,0.141868,0.341322,0.327448,0.400206,0.427892
s3g10,3,2,4,Dave,Carrot,0,0.112731,0.136328,0.331708,0.332829,0.141655,0.362624
s3g11,3,2,4,Bob,Carrot,0,0.033297,0.227145,0.293600,0.344302,0.469546,0.525535
s3g12,3,2,4,Eve,Carrot,0,0.066046,0.192270,0.306574,0.334898,0.402687,0.530346
s3g13,3,2,4,Alice,Carrot,0,0.020488,0.080352,0.273776,0.305197,0.108612,0.387117
s3g14,3,2,4,Charlie,Carrot,0,0.194067,0.112015,0.332473,0.317802,0.251298,0.431545
s3g15,3,2,4,Charlie,Carrot,0,0.115682,0.107535,0.328541,0.320164,0.147130,0.438368
s3g16,3,2,4,Charlie,Carrot,0,0.391828,0.197682,0.383365,0.339817,0.242104,0.488146
s3g17,3,2,4,Charlie,Carrot,0,0.022548,0.171442,0.284320,0.338024,0.221342,0.443946
s3g18,3,2,4,Alice,Carrot,0,0.084553,0.062675,0.319958,0.301725,0.087112,0.293598
s3g19,3,2,4,Charlie,Carrot,0,0.002661,0.073826,0.232197,0.305747,0.114827,0.495985
s4g0,4,2,4,Charlie,Carrot,0,0.189580,0.239612,0.353636,0.346816,0.061295,0.085752
s4g1,4,2,4,Bob,Carrot,0,0.048188,0.200337,0.304831,0.339429,0.023496,0.100829
s4g2,4,2,4,Charlie,Carrot,0,0.079493,0.064895,0.317417,0.300162,0.135047,0.079467
s4g3,4,2,4,Bob,Carrot,0,0.037340,0.073806,0.296231,0.306308,0.122208,0.091132
s4g4,4,2,4,Bob,Carrot,0,0.143365,0.240576,0.342523,0.349261,0.098908,0.079852
s4g5,4,2,4,Eve,Carrot,0,0.414439,0.260874,0.379876,0.348022,0.131380,0.085888
s4g6,4,2,4,Eve,Parsnip,0,0.033729,0.094180,0.297152,0.316149,0.100868,0.087958
s4g7,4,2,4,Eve,Carrot,0,0.013119,0.075596,0.272629,0.311386,0.047641,0.067274
s4g8,4,2,4,Bob,Carrot,0,0.104090,0.274484,0.318191,0.349940,0.066489,0.058991
s4g9,4,2,4,Dave,Carrot,0,0.131347,0.194655,0.343773,0.338548,0.018356,0.076995
s4g10,4,2,4,Bob,Parsnip,0,0.008717,0.045653,0.245418,0.291271,0.077373,0.074688
s4g11,4,2,4,Charlie,Carrot,0,0.009390,0.045125,0.255549,0.290073,0.066928,0.060759
s4g12,4,2,4,Dave,Carrot,0,0.035426,0.171393,0.296260,0.338594,0.079447,0.071979
s4g13,4,2,4,Bob,Carrot,0,0.014189,0.219366,0.271359,0.342469,0.021248,0.055263
s4g14,4,2,4,Alice,Carrot,0,0.040428,0.068284,0.304256,0.303272,0.092344,0.088996
s4g15,4,2,4,Bob,Carrot,0,0.077829,0.119262,0.320395,0.320267,0.096372,0.087120
s4g16,4,2,4,Charlie,Carrot,0,0.165760,0.166255,0.334571,0.334159,0.131575,0.077523
s4g17,4,2,4,Dave,Parsnip,0,0.105121,0.126099,0.328643,0.321649,0.028845,0.089923
s4g18,4,2,4,Eve,Carrot,0,0.013493,0.064269,0.265790,0.299318,0.082381,0.077718
s4g19,4,2,4,Alice,Carrot,0,0.028000,0.077488,0.288507,0.305351,0.154441,0.091589
