followup_full,followup_on_full
0.781557,0.554355
5.2e-05,0.003836
0.03315,0.096133
0.101786,0.093751
0.0,0.235907
0.001577,0.183485
0.000497,0.000142
1e-06,0.998428
0.000165,0.003424
0.0,0.006197
0.137216,0.394247
0.94271,0.611512
0.930284,0.731236
0.003704,0.044305
0.12823,0.019805
0.000644,0.00193
0.048787,0.248301
5.7e-05,0.030803
3.8e-05,0.002109
7.7e-05,0.075329
0.267674,0.027603
0.000516,0.099444
0.739275,0.625941
0.012098,0.990233
0.000753,0.001075
0.005763,0.06951
0.052135,0.076703
0.039297,0.102237
0.664329,0.000876
0.000571,0.010609
0.007886,0.009321
2.1e-05,0.000222
0.111754,0.470975
0.015505,0.138524
0.005924,0.139466
0.000541,0.003825
1.3e-05,0.993475
0.198777,0.00158
1e-06,0.007872
8.5e-05,0.020979
0.448763,0.674474
0.427066,0.001768
0.139804,0.024919
0.0,8e-05
0.002041,1.6e-05
0.085087,0.965008
1.1e-05,0.046002
0.000446,0.060343
0.000761,0.332484
6e-05,0.006261
0.00363,0.000557
0.987899,0.992039
0.844998,0.008397
0.682944,0.014277
0.974533,0.013435
0.007406,0.000364
0.210769,0.781082
0.539512,0.002825
0.206805,0.123458
0.989195,0.005139
0.016657,0.341848
0.962334,0.009383
0.01335,0.129984
3.6e-05,0.001038
5e-06,5.3e-05
6.8e-05,0.103948
0.0,0.001056
0.000225,0.364774
0.0,0.080957
3.9e-05,0.001945
1.4e-05,0.000434
0.002521,0.661761
1.3e-05,0.521257
0.035113,0.056474
1e-06,0.003467
1.5e-05,0.001959
0.0,0.000355
0.005231,0.196034
0.0,0.085899
0.000294,0.075972
0.0,0.007533
0.000401,3e-06
0.001031,0.984381
0.266338,0.697002
6.7e-05,0.527845
1e-06,0.008872
0.554699,0.447589
0.000435,0.999541
0.307116,0.999598
2e-05,0.000287
0.005137,0.049447
0.0,0.413899
0.000349,0.240649
0.000106,0.041687
0.050302,0.032218
0.976682,0.002477
8.7e-05,0.006439
0.869966,0.018433
0.966168,0.660114
0.024337,0.244659
0.000175,0.390936
3.3e-05,0.872132
0.000291,0.003999
0.999509,0.493073
0.001323,0.005442
0.002732,0.03424
0.000808,0.263574
0.002262,0.000291
0.0646,0.898736
0.000575,0.876057
0.845011,0.997109
0.0,0.030894
1e-06,0.007306
0.0,0.04322
1e-06,6.7e-05
0.237392,0.981081
4.4e-05,0.095088
0.02555,0.011993
0.0,0.18426
0.003321,0.021269
0.000764,0.00906
0.077029,0.883968
0.856602,0.005215
0.276934,0.226098
0.000654,0.017117
5e-06,0.00171
0.922558,0.001987
0.002206,0.778466
0.002326,0.994489
0.000125,6.2e-05
0.23538,9.7e-05
0.898102,0.000914
2.1e-05,0.00398
0.662117,0.151603
0.27151,0.93269
0.001832,0.199922
0.150387,0.108888
0.000544,4.5e-05
0.759196,0.517662
2.2e-05,0.001068
1e-06,0.751748
0.0,1e-06
0.018442,0.027507
0.002447,0.422201
0.005718,0.569801
0.090965,0.373714
0.79081,0.800674
0.998705,0.716685
0.959822,0.026499
0.999919,0.194465
0.18702,0.105083
0.075103,0.023363
0.321533,0.397133
0.627305,0.026995
0.699929,0.206841
0.013634,0.002114
0.076186,0.025909
0.000229,0.014176
0.003768,0.00085
0.001838,0.006845
0.037485,0.088648
0.00013,0.356339
9e-06,0.005518
2.6e-05,0.036839
0.000464,0.931566
0.000933,0.626316
0.007566,0.33127
0.008464,0.013578
3.3e-05,0.518469
0.944448,0.621372
3.2e-05,0.910417
0.089441,0.138059
0.651171,0.667353
0.241354,0.837072
0.000106,0.029782
0.001871,0.998816
2.5e-05,0.001172
7.4e-05,0.014016
0.019318,0.974733
0.002585,0.007469
1e-06,0.053098
0.016578,0.949034
0.001139,0.037134
0.550201,0.905021
0.001119,0.087821
0.026344,0.893976
1e-06,0.036532
3.4e-05,0.057119
1e-06,0.001295
0.000154,0.0
0.271967,0.960745
7e-06,0.059848
0.0,0.046826
0.000872,0.008513
0.70046,0.688648
1e-06,0.006792
0.000556,0.005395
0.00047,0.999355
0.000298,0.021627
0.002659,0.120405
0.023764,0.014682
0.000106,0.350502
0.919253,0.223613
7e-06,4.1e-05
0.003524,0.996017
4.4e-05,0.00473
3e-06,0.00525
2.1e-05,0.000575
0.314354,0.887864
0.972408,0.001701
2e-06,0.004849
0.72938,0.085264
0.011752,0.271887
1e-06,0.01185
0.0,0.003313
0.03514,0.651855
0.935191,0.007655
0.009391,0.286793
0.851317,0.002766
8e-06,0.937727
0.98452,0.837262
4.8e-05,0.049136
0.000898,0.004197
0.000137,0.466767
0.16716,0.340627
0.086743,0.002866
0.923985,0.037828
0.000698,0.248227
0.03542,0.934338
0.031704,0.339209
2e-06,0.184713
0.003391,0.952386
0.106585,0.128252
6.6e-05,0.006618
0.281045,0.050189
0.069719,0.335534
3e-06,0.301144
0.031383,0.481714
0.000423,0.926769
0.0,0.000342
0.442338,0.705326
0.575029,0.040798
0.000245,0.463187
0.000155,0.005484
0.000721,0.069244
0.114071,0.030632
0.851561,0.000642
0.002537,0.05836
0.287826,0.557789
0.77863,0.000477
0.005032,0.093087
4.1e-05,0.022176
0.01679,0.084099
0.6279,0.66084
1e-05,0.059152
0.283195,0.112398
0.001393,0.536063
0.862947,0.795253
9.4e-05,0.017208
0.294541,0.8667
0.00084,0.041294
0.002377,0.140812
0.000205,0.009906
0.002219,0.100373
0.01575,0.985509
0.773888,0.379185
0.959077,0.016976
0.073001,0.042951
1.4e-05,0.25505
0.002372,0.777158
0.189878,0.001078
0.000985,0.096502
5e-06,0.001187
0.00447,0.028704
0.016817,0.992576
0.000388,0.152374
2.6e-05,0.092226
3.8e-05,0.000192
1e-06,4.5e-05
0.008659,0.009774
8.1e-05,0.000714
0.000961,0.442212
0.001519,0.000153
0.117685,0.999962
7e-06,3.1e-05
0.006727,0.576568
0.992782,0.000725
0.0,0.255682
0.063034,0.0656
5.7e-05,0.593979
0.851533,0.021807
0.000706,0.137232
0.159123,0.000892
0.442156,0.000243
2.8e-05,0.43048
0.006858,0.990393
3e-05,0.609204
2.9e-05,0.691986
0.195731,0.084678
0.999993,0.244593
1.4e-05,0.013256
0.000563,0.997803
0.759947,0.012714
0.006371,0.001795
0.9604,0.341635
1.2e-05,0.142468
0.000219,0.006621
0.41231,0.997047
3.9e-05,0.758181
0.000697,0.023952
0.045992,0.341591
0.029753,0.076303
0.044905,0.072348
0.009798,0.020946
7.3e-05,0.010221
0.000454,0.003712
0.22787,0.865557
0.001308,0.035543
0.002892,0.049695
0.000215,0.493385
0.010445,0.378715
0.025484,0.076058
4e-06,0.01113
0.00081,0.046324
0.99799,0.126088
9e-06,0.000672
0.207183,0.096531
0.00023,0.012554
0.061838,0.113158
1e-06,1e-06
0.146405,0.954356
0.000229,0.044684
0.987022,0.000702
0.01251,0.954008
0.997893,0.640907
0.000184,0.002866
0.954908,0.999913
0.224403,0.933056
0.973228,0.83548
0.025956,0.008115
2e-06,0.000765
0.996577,0.952787
0.002546,0.912557
0.009038,0.253553
0.026797,0.063976
0.012216,0.993388
0.994927,0.580494
0.000679,0.992927
0.921163,0.338509
0.000458,0.005282
0.004394,0.871223
0.000216,0.585605
0.022538,0.000247
0.010354,0.761534
0.032699,0.387988
0.004383,0.372596
0.000247,0.096194
0.00796,0.005708
0.906793,0.309633
0.796987,0.896644
0.0,0.011437
1.1e-05,0.153462
2.5e-05,0.87186
0.0,0.000285
8e-05,0.587107
0.000436,0.060843
0.0,0.007335
0.0,0.362817
3e-06,0.000505
0.000479,0.011618
0.006009,0.60616
0.000384,0.000261
2.9e-05,0.070452
0.034919,0.320934
5e-06,0.408976
0.049404,0.075273
0.049295,0.027735
0.555994,0.431674
0.006262,0.28111
3.6e-05,0.016799
0.000303,0.013705
5.2e-05,0.003198
0.000143,0.026717
0.964861,0.003026
0.004654,0.000561
4e-05,0.003808
0.000107,0.031962
0.011018,0.010054
0.047658,0.647636
0.001475,0.638755
2.7e-05,0.018618
0.004859,0.532628
0.707736,0.122959
0.022768,0.744839
0.058801,0.996087
0.00527,0.623476
0.000751,0.203433
0.913097,0.17476
0.988235,0.150249
0.000331,0.964596
0.000544,0.007138
0.849943,0.974202
0.959572,0.007726
6e-06,0.0051
0.079294,0.020242
0.000261,0.047229
0.003861,0.05168
0.186999,0.470371
0.065426,0.039407
0.767238,0.000111
0.312396,0.122198
3.9e-05,0.003173
0.0,0.001973
0.000707,0.881316
0.125194,0.094118
0.991414,0.922724
0.083556,0.884601
0.006731,0.022698
0.0,0.024951
0.052205,0.00223
0.000109,0.008426
0.001111,0.955057
0.001933,0.001551
0.022456,0.007003
5e-06,0.099593
7.8e-05,0.014175
0.002365,0.021148
0.011399,0.161968
0.840732,0.9969
6.3e-05,8e-05
0.000172,1.8e-05
0.006329,0.000199
1.4e-05,0.000378
3.9e-05,0.021309
1e-06,0.000222
0.000416,0.977099
0.000102,0.479599
3e-06,0.006702
0.002968,0.002031
0.266759,0.090065
0.000133,0.581757
0.000155,0.458804
0.041078,0.287039
0.393303,0.143847
0.185727,0.000676
5e-06,0.047187
0.000163,0.044059
0.332738,0.051546
0.610892,0.925519
0.045238,0.073517
0.011608,0.090552
0.000129,0.339158
0.000335,0.073399
0.0,0.358367
0.00069,0.006569
0.000193,0.759644
0.956123,0.067131
0.002182,0.001563
0.000786,0.026572
7.1e-05,0.005905
0.035063,0.449079
0.001096,0.319731
2e-06,0.007307
0.001301,0.977744
7.7e-05,0.013903
2.9e-05,0.103603
5.4e-05,0.432058
0.009915,0.438317
0.000104,0.124296
0.063048,0.031369
0.343692,0.340887
0.000305,0.067891
0.004012,0.046592
0.000249,0.064108
2e-06,3.1e-05
0.997835,0.996503
0.007379,0.781869
0.04065,0.453118
3e-05,0.004243
6e-06,0.657919
0.002819,0.336585
0.005506,0.04677
0.748177,0.962007
0.00079,0.007605
1.9e-05,0.429611
0.999975,0.920063
0.001595,0.008466
0.173763,0.319305
0.000948,0.160446
0.188291,0.966979
0.999093,0.000281
0.388037,0.833669
0.00649,0.850189
0.340704,0.627811
2e-05,0.019547
0.001635,0.023451
0.0,0.001734
0.952605,0.362127
0.0,0.007747
0.00062,0.743104
2e-06,1.2e-05
0.91276,0.987439
0.831591,0.064679
1e-05,7.6e-05
0.000267,0.00201
0.000279,0.043148
0.001592,0.026567
1e-06,0.00744
0.321002,0.528897
0.208125,0.051332
0.618835,0.985711
0.609032,0.991435
0.992934,0.011183
0.145272,0.930847
0.001519,0.029764
0.050657,0.048749
0.04126,0.457236
0.000871,0.148857
0.005489,0.127127
0.873664,0.036993
0.007845,0.022063
6.1e-05,0.018667
0.341678,0.346158
2e-05,0.99839
0.056273,0.250687
5.8e-05,0.945545
0.992012,0.000428
0.0607,0.16074
0.023277,0.273357
0.907177,0.00041
0.009473,0.029695
0.456088,0.938728
0.019093,0.071484
0.36517,0.000323
0.005917,0.108187
0.000827,0.068726
3e-06,0.055852
6.4e-05,0.032888
0.000252,0.004029
0.777357,0.998145
1.9e-05,0.164637
0.000309,0.206021
0.008982,0.146947
0.001708,0.693354
7e-06,0.000775
0.369372,0.342613
0.000615,0.261711
0.182101,0.365747
0.021031,0.355474
0.844416,0.74563
0.001183,0.751968
0.087645,0.164494
0.052512,0.040749
0.293752,0.989885
8.8e-05,0.010404
0.000593,0.007867
0.00512,0.084951
0.001063,0.062882
0.196352,0.000144
0.032486,0.079409
0.279535,0.997022
0.075532,0.482179
0.764527,0.000721
0.630338,0.000788
0.003816,0.528867
0.48832,0.048558
0.000205,0.009925
0.232268,0.003014
0.862831,0.016802
0.009854,0.571193
0.009599,0.001024
0.950301,0.013615
0.78321,2.3e-05
0.088665,0.000576
0.996711,0.001664
0.965062,0.000218
0.003689,0.301797
5.3e-05,0.271013
0.0,0.055024
0.0,0.03866
0.059053,0.151244
0.004643,0.277367
0.005589,0.194592
0.002811,0.026509
2e-06,0.602549
0.00122,0.001131
6.9e-05,0.023338
0.098102,0.898607
0.255034,0.410834
2e-06,0.031008
0.289888,0.908497
0.006095,0.358435
5.1e-05,0.71045
2.6e-05,0.058703
0.098838,0.216894
0.024431,0.99058
0.001426,0.070614
0.000355,0.006404
2e-05,0.112765
9e-06,0.416895
0.000622,0.495685
0.132185,0.309926
0.000121,0.964361
0.0,0.004105
0.014566,0.263312
1e-06,0.002475
0.00115,0.976719
0.004013,0.471955
0.002017,0.997369
0.013859,0.119737
0.004633,0.00067
9.7e-05,0.578073
0.000875,0.80617
0.035528,0.994514
0.256502,0.007207
0.096208,0.976298
0.721512,0.002482
0.208297,0.841235
0.279302,0.847513
0.001435,0.032293
0.419557,0.666283
0.0,0.0
4.1e-05,0.987009
0.953396,0.965686
1e-06,0.03798
0.035742,0.995443
2e-06,0.981326
4.3e-05,0.007964
0.245082,0.802599
0.241652,0.000683
0.0,0.0
0.061509,0.09087
0.001784,0.495284
0.952631,0.23851
0.658929,0.24147
8.6e-05,0.045782
3e-06,9.8e-05
1e-06,3e-05
0.021847,0.890899
1e-05,0.01923
0.000269,0.09993
0.007431,0.257342
0.032096,0.949733
0.175161,0.061511
0.000311,0.975059
0.122115,0.008333
0.002409,0.045202
0.611589,0.565092
1.2e-05,0.00817
0.00036,0.001508
0.001129,0.0062
0.001222,0.001277
0.870221,0.164592
0.000145,0.00704
0.0,0.002481
0.000134,0.961013
0.006053,0.995378
0.013364,0.996552
0.0,0.00126
0.011318,0.193091
0.00057,0.39564
0.106316,0.370232
0.004681,0.085348
4e-06,0.022246
1e-06,0.004503
1.5e-05,0.022051
0.000503,0.069038
6.7e-05,0.030541
0.001173,0.013759
6e-06,0.012353
1e-06,0.002745
0.001889,0.005988
7e-06,0.739499
3.5e-05,0.003643
0.133725,0.929593
5e-06,0.000689
0.947029,0.993478
0.0,0.087504
2.7e-05,0.001203
0.005398,0.006423
0.996116,0.916084
0.956492,0.010803
0.000234,0.095266
0.005916,0.011594
0.012783,0.744857
0.676679,0.004572
4e-06,7.2e-05
0.662825,0.072048
0.926508,0.011196
0.014232,0.004435
0.003438,0.001323
0.730892,0.673774
0.114144,0.045347
0.000186,0.031652
0.00325,0.813809
0.760797,0.998872
0.694894,0.005511
0.004,0.886386
0.238897,0.946448
0.008513,0.008303
0.809239,0.902482
0.000549,0.33166
0.128801,0.014929
0.013651,0.077586
1e-05,0.367956
0.001155,0.968397
0.62852,0.152436
0.174617,0.996961
0.003327,0.243511
0.000518,0.227949
0.841064,0.072021
0.855805,0.000593
0.001975,0.639882
0.994103,0.023143
0.066751,0.671908
0.000104,0.390926
0.618481,0.158589
0.758996,0.925933
4.9e-05,0.330828
4.8e-05,0.02928
0.959492,0.995501
0.00581,0.169546
4e-06,0.047889
0.000371,0.330107
0.002659,0.000216
2.3e-05,0.151283
0.0,0.008838
0.160175,0.34135
0.020257,0.07275
0.033954,0.466189
0.050502,0.144969
0.008539,0.273241
0.000483,0.485479
0.025641,0.577806
0.001718,0.790472
0.166259,0.98824
0.011979,0.075012
0.000648,0.068902
0.005896,0.999606
1e-06,0.999636
2.5e-05,0.538262
0.862554,0.995973
0.006594,0.954535
0.005615,0.384269
0.037246,0.994674
0.000192,0.181467
0.165899,0.439189
0.000388,0.644346
0.995426,0.994719
0.479187,0.000653
0.818045,0.204414
0.055128,0.100722
4.4e-05,0.011651
1e-06,0.002013
5.1e-05,0.008851
0.027373,0.677101
0.001469,0.015277
0.414961,0.644838
1e-06,0.006594
5e-06,0.000658
9e-06,0.003421
0.007297,0.281285
0.996347,0.946675
0.513862,0.009801
0.122245,0.015986
0.000569,0.005711
0.319467,0.69921
0.009515,0.514556
0.000819,7e-05
0.947179,0.093704
0.00019,0.000941
0.103529,0.028921
0.78046,0.004217
0.250329,0.123453
0.614449,0.11541
0.724943,0.000506
0.002956,0.027715
0.006247,0.247954
0.0,0.003123
0.813818,0.36719
0.064103,0.047776
3e-06,0.050802
0.00027,0.02179
2.4e-05,0.284639
0.001202,0.100309
0.245046,0.999256
0.000177,0.217296
0.073393,0.000822
0.000232,0.009393
0.001787,0.10719
0.00692,0.005783
0.030472,0.008958
2e-06,1e-06
0.999585,0.891281
0.001213,0.010711
0.000297,1.6e-05
0.016976,0.111526
0.457663,0.02514
0.2705,0.419427
0.031182,0.02992
0.0011,0.000691
0.00794,0.212424
0.00727,0.067887
0.583134,0.002987
0.0,0.492856
0.001309,0.300602
0.005368,0.98361
1e-05,0.017095
0.000467,0.54752
0.000472,0.015912
0.000534,0.878634
0.0,0.001535
0.068234,0.477104
4e-06,0.95003
0.869696,0.014416
0.000534,0.999962
0.027321,0.919135
0.237471,0.0067
0.01369,0.958892
0.066279,0.99624
0.001328,0.007295
0.123036,0.005475
0.003129,0.085044
0.001394,0.013414
6.2e-05,0.008982
0.000112,0.065197
0.000383,0.980905
0.0,0.063822
0.843206,0.99583
0.022702,0.972865
0.001369,0.372047
0.008385,0.990718
0.03655,0.307006
2.2e-05,0.075329
7e-06,0.114639
9e-06,0.536787
0.0,0.000586
0.0,0.043228
0.713226,0.985204
0.000512,0.046443
0.859345,5.5e-05
0.000747,0.019321
9.2e-05,0.193972
0.333876,0.006605
0.012981,0.916514
0.000137,0.914617
0.030821,0.997448
1.8e-05,0.020106
1e-05,0.996721
2.6e-05,0.162545
3.5e-05,0.590798
2.7e-05,0.299166
0.019395,0.035399
1.1e-05,0.973919
0.0,0.001952
0.000267,0.026704
2.6e-05,0.012781
0.00045,0.006047
0.001172,0.159805
0.001648,0.74501
0.00024,0.273598
0.000231,0.057134
0.000888,0.664487
0.013597,0.602783
0.78478,0.987699
0.0,0.160073
0.029959,0.302932
0.174326,0.873838
0.000127,0.078435
0.012439,0.021656
0.027877,0.030258
8.8e-05,0.183024
0.015349,0.121198
0.057367,0.617309
0.331683,0.878144
6.3e-05,0.010687
5.9e-05,0.017381
0.0,0.005387
0.015648,0.928658
0.926083,0.953848
0.002902,0.59296
0.752381,0.584706
0.990982,0.407751
0.061716,0.484541
0.000103,0.002951
0.691343,0.380101
0.000197,0.854475
0.00076,0.844676
6.3e-05,0.643214
0.05481,0.012226
0.667245,0.020983
0.722707,0.004546
0.952079,0.001011
0.83322,0.147031
0.769472,0.938675
0.138783,0.000506
0.027812,0.018715
0.00108,0.013062
0.980627,0.004554
0.99152,0.079079
0.173046,0.244071
4.2e-05,0.999575
1.8e-05,0.001142
0.075706,0.100489
0.747019,0.953227
0.997021,0.001581
0.991511,0.00013
0.128333,5.7e-05
0.524131,0.000915
0.001931,0.000626
0.000333,0.851446
0.000261,0.457761
6e-06,0.330762
0.080142,0.015962
0.300172,0.180466
0.0,0.0
0.00031,0.999971
0.012064,0.003387
5.9e-05,0.191376
0.023514,0.056473
0.000414,0.11402
0.0,0.055759
0.000331,0.997518
1.4e-05,0.093643
0.008801,0.999292
0.000214,0.014796
0.00377,0.462892
0.000146,0.031421
0.075098,0.908891
0.007668,0.957791
0.00917,0.714023
0.000205,0.032886
0.034617,0.007912
0.965122,0.013984
0.0,0.010893
1.3e-05,0.037331
0.182934,0.015728
0.0,7.2e-05
0.305075,0.600775
0.004299,0.809126
0.000122,0.927916
0.000232,0.086206
0.000703,0.012377
0.035888,0.128651
3.2e-05,0.000856
0.848585,0.965833
0.000135,0.903816
0.004524,0.592109
0.005511,0.023924
8.8e-05,0.035707
0.000206,0.944892
5e-06,0.016091
0.002214,0.023674
0.023466,0.813981
0.756356,0.744573
1e-06,0.320952
0.001046,0.212928
0.00248,0.025574
0.054651,0.077022
0.003186,0.072947
0.003597,0.615401
0.037244,0.23803
0.406061,0.709622
0.000715,0.060831
1.6e-05,0.934945
5e-06,0.015129
0.129696,0.171829
0.001244,0.040381
4.5e-05,0.000426
0.069365,0.524789
3e-06,0.000399
2e-06,0.989452
1.5e-05,0.152077
0.154647,0.22605
5e-06,0.424485
0.004547,0.000781
0.86979,0.003174
0.00337,0.444474
0.005418,3.7e-05
0.807095,0.000929
7.9e-05,0.000317
1.3e-05,0.244192
0.00919,0.005059
0.003238,0.975422
5.1e-05,0.006279
0.001957,0.025937
0.000216,0.005289
0.038481,0.443684
0.996043,0.165738
7.3e-05,0.004367
1e-06,0.000819
0.013666,0.000407
0.003929,0.005132
5.7e-05,0.312611
0.827371,0.28219
9e-06,0.465884
0.847874,0.004323
0.014345,0.030239
0.000931,0.397065
0.68302,0.653461
0.000277,0.007881
0.002278,0.00147
2.3e-05,0.006086
6.3e-05,0.001792
0.993836,0.000329
9e-06,0.019203
3e-05,0.012189
0.11012,0.000543
0.311562,0.190589
0.001447,0.113926
0.004024,0.107055
0.531304,0.000188
0.0,0.003256
5.5e-05,0.018439
0.168077,0.147051
0.040081,0.01078
0.249593,0.39794
0.004771,0.029265
0.234746,0.997681
6e-06,0.004198
0.01356,0.230722
0.001795,0.839477
0.00229,0.309666
0.999776,0.872354
2e-06,0.813535
7.4e-05,0.018429
0.006765,0.0022
0.001065,0.967116
0.04695,0.179726
4.2e-05,2e-06
0.829277,0.000185
0.00115,0.00012
0.000645,0.005886
0.000111,0.796106
0.99599,0.108026
2e-06,0.000274
0.032668,3.7e-05
2.1e-05,0.008273
0.01054,0.000574
0.392422,0.069774
0.997914,0.138006
0.115692,0.987677
0.074704,0.005811
0.00101,0.991578
0.0,0.001203
2e-06,0.383792
0.000351,0.004055
0.000786,0.18313
0.024785,0.104043
0.700024,0.005543
0.832437,0.130615
0.0006,0.00911
0.004956,0.433527
0.000389,1.1e-05
0.786548,0.970003
0.0,0.009773
0.884392,0.998739
0.231309,0.751596
0.0,0.002552
0.000889,0.040669
0.887324,0.980632
0.848357,0.002185
0.664411,0.474151
0.000134,0.268097
0.993697,0.986504
4.4e-05,0.032062
0.998876,0.987141
1.5e-05,0.179679
0.793637,0.754676
0.247714,0.428471
0.0,0.000224
0.002376,0.985781
0.000223,0.046911
0.384043,0.759084
0.584921,0.29132
1.9e-05,0.075558
0.001496,0.017775
1.5e-05,0.027
0.000484,0.237017
3e-05,0.624943
0.000332,0.001737
0.0,0.000106
0.0,0.0067
7.1e-05,0.010508
0.287982,0.17651
0.582891,0.000678
0.420512,0.999022
0.002113,0.982962
0.038574,0.164008
1.7e-05,0.000831
0.00042,0.017262
1e-06,0.001594
0.000196,0.008454
0.508778,0.198494
0.012633,0.156209
0.008149,0.961627
0.074167,0.969942
4.7e-05,0.857578
0.009233,0.08646
0.198558,0.209351
0.989631,0.510179
0.001124,0.592676
0.053127,0.029857
0.029365,0.902409
0.042079,0.621129
1.5e-05,0.969418
0.010031,0.23621
0.066223,0.059296
1.9e-05,0.045502
0.011486,0.855618
0.000104,3e-05
0.990263,0.042096
2e-05,0.004414
0.000974,0.132435
0.000319,0.692118
0.0,0.00021
0.0718,0.250952
0.981823,0.013227
0.018661,0.614537
0.000177,0.749918
0.009265,0.246092
0.239037,0.950567
0.001527,0.852739
3e-06,0.099789
0.000864,0.185248
0.009269,0.095121
8.5e-05,0.014404
8e-06,4.9e-05
0.000162,0.001051
0.000291,0.974777
1.6e-05,0.049468
0.003647,0.862215
0.011506,5e-05
0.009257,0.608188
0.001924,0.165266
0.473018,0.017966
0.000126,0.04079
7e-06,0.043472
0.000785,0.063583
0.000723,0.988627
0.0,0.007529
0.012817,0.025914
0.001172,0.270375
0.060667,0.011096
0.000992,0.010534
0.000565,0.483552
0.060704,0.112222
0.000529,0.007617
0.525116,0.043606
0.000877,0.017942
0.12933,0.281923
0.000337,0.031017
0.001246,0.646003
0.007591,0.068711
0.06054,1e-06
0.349176,0.000133
0.000973,0.504092
0.002723,0.076059
0.082731,0.932592
0.000543,0.00011
0.000197,0.898827
1e-05,0.008503
0.4226,0.019826
0.000355,0.000541
0.001368,0.625234
0.000346,0.016223
0.018902,0.001864
0.002257,0.000184
0.205756,0.09105
0.007123,0.996747
0.00106,0.964461
0.829143,0.282665
0.024268,0.067545
0.000702,0.290378
0.000604,0.038688
0.41308,0.515491
0.004941,0.06259
0.001075,0.539664
0.195466,0.589238
0.074901,0.024125
0.001688,0.105539
0.985979,0.713714
0.015893,0.081205
0.494921,0.944691
0.0,0.003373
0.032305,0.004257
0.998583,0.99896
3.8e-05,0.000234
0.043777,0.508134
0.084688,0.25702
0.566158,0.937515
0.00043,0.001266
1.1e-05,0.002814
0.00075,0.031526
8.9e-05,0.290694
0.0,5e-05
3e-06,0.03755
4e-06,0.000747
0.000255,0.904005
0.018134,0.00493
0.306861,0.99163
0.004062,0.11764
1e-06,0.683091
7e-06,0.0
0.001811,0.428513
0.000479,0.003805
0.991206,0.428157
0.138066,0.072372
0.996227,0.076246
0.000374,3.7e-05
0.138851,0.148851
3.1e-05,0.062889
0.996042,0.047926
0.686836,0.019202
0.016877,0.156273
0.256279,0.599878
0.003237,0.029051
0.124507,0.004335
0.149529,0.008386
0.441165,0.198243
0.000297,0.849889
0.016214,0.989598
0.012451,0.010307
0.99906,0.966058
0.077902,0.540397
0.001467,0.329145
0.202483,0.106173
0.043145,0.024517
0.824441,0.543513
0.240715,0.003118
0.050787,0.001191
0.203143,6.6e-05
3.2e-05,0.998925
2e-06,0.13167
0.819004,0.015803
0.017386,0.793459
6e-06,0.006079
0.075604,0.573983
0.0,0.234012
0.596454,0.028118
0.99125,0.033302
0.018278,0.993883
0.989501,0.061449
0.720758,0.000668
0.000441,0.73801
0.00103,0.002577
0.391945,0.132973
0.788079,0.001943
0.829351,0.004314
0.237657,0.071415
0.356136,0.978559
4.1e-05,0.016593
8.1e-05,0.597372
8e-06,0.000164
4.7e-05,0.003516
1.5e-05,0.154608
0.002885,0.000518
0.008301,0.259049
6e-06,0.007833
1.9e-05,0.606163
1e-06,0.815346
0.34997,0.985704
0.002914,0.46451
0.0,0.427934
0.000314,0.032011
4.7e-05,0.032755
0.043587,0.918603
0.523317,0.425698
0.000973,0.0266
0.114947,0.999192
0.00053,0.005675
0.002357,0.031621
0.000324,0.085611
0.000433,0.007664
2e-05,0.337077
0.001415,0.022609
0.017071,0.530129
0.90429,0.057566
1.1e-05,1e-05
0.000258,0.000252
0.017542,0.664047
0.043836,0.026101
0.001241,5e-06
9.8e-05,0.067906
0.019792,0.040402
0.000721,0.992752
0.001089,0.450842
0.020393,0.001122
5e-06,0.00078
1e-06,6.8e-05
1e-06,0.037359
0.00053,0.999924
1.1e-05,0.059574
0.0,0.022752
1e-06,0.003737
0.000974,0.053146
3e-06,0.9737
0.025343,0.509636
0.323391,0.409728
0.829817,0.000902
0.008374,0.465706
4e-06,0.000319
0.944401,0.086227
0.24441,0.967694
0.999882,0.488487
0.21392,0.000121
0.146311,0.283175
0.343234,0.953533
0.064467,0.109363
0.207339,0.034211
0.050817,0.143239
0.000118,0.011751
7.8e-05,0.014545
0.989652,0.509564
0.08634,0.071626
0.347523,0.965997
0.000787,0.112804
0.006328,0.996599
7.5e-05,0.196736
0.543722,0.405834
0.011647,0.248339
0.017589,0.037112
0.004325,0.091573
6.7e-05,0.982899
0.021456,0.325883
0.000237,0.380029
2.2e-05,0.003492
0.013542,0.072075
0.268091,0.208392
3.6e-05,0.017272
0.088767,0.459834
0.000689,0.009742
0.00064,0.640496
0.500138,0.108462
0.987977,0.083579
1.7e-05,0.002927
0.0,0.006051
0.836177,0.01092
0.001145,0.005478
0.005255,0.002086
5e-06,0.000597
0.730624,0.008993
0.540008,0.513813
0.012289,0.000423
0.297455,0.017671
0.00112,0.932412
0.732689,0.002103
9e-06,0.922155
0.004483,0.006318
0.783973,0.555601
0.000836,0.011091
0.0,0.61953
0.518958,0.319773
0.000178,0.002845
0.206323,0.985122
0.000571,0.980256
0.001181,0.033953
0.843905,0.034834
0.814689,0.002946
0.004364,0.682875
0.076564,0.110766
0.018096,0.005961
0.022193,0.14667
0.002719,0.004769
7.8e-05,0.003474
0.000997,0.214941
0.05739,0.488649
0.003386,0.125543
0.874091,0.994884
0.000169,0.376568
0.006344,0.514619
0.001223,0.025694
0.966286,0.43703
0.284728,0.001303
0.862837,0.905094
0.883313,0.926359
0.000164,0.208951
0.982146,0.029122
0.00016,0.169851
0.273551,0.942482
0.627186,0.973981
0.855486,0.052318
0.016792,0.655395
1.6e-05,0.083562
0.003194,0.445764
0.000367,4e-06
0.000164,0.068772
0.002771,0.006586
2.9e-05,0.00489
6.6e-05,0.130485
0.0007,0.023851
0.254685,0.199792
0.005582,0.121276
0.055297,0.435786
0.0,0.000758
0.020895,3.5e-05
0.021127,0.339627
5.6e-05,0.075603
0.00014,0.016182
0.633721,0.731538
0.010844,0.265262
0.001317,0.004059
0.000251,0.0001
0.000116,0.013288
0.000388,0.025342
0.196123,0.608258
0.000552,0.290298
0.000767,0.660639
0.002256,0.826806
0.002851,0.790384
0.006081,0.031702
0.014198,0.140536
0.04222,0.0
0.0,0.002082
0.0,0.009838
0.063794,0.234596
0.018201,0.147835
0.813361,0.001242
0.236378,0.310756
0.0,0.000515
0.006236,0.891079
0.000238,0.890055
0.59229,0.004762
0.0,0.000536
0.547874,0.015459
0.46544,0.296667
6.5e-05,0.279874
0.000985,0.12645
0.143936,0.730558
0.042962,0.016066
5e-06,0.002601
0.01496,0.001007
0.088525,0.381438
1.3e-05,0.052484
0.000263,0.481777
0.001036,0.320478
0.009092,0.726918
0.001022,0.026189
0.004852,0.205117
0.001448,0.03194
0.955495,0.796874
0.850151,0.090994
0.03773,0.759268
0.02878,0.057962
0.057345,0.002236
0.001257,0.861048
0.006601,0.373814
0.024057,0.076663
0.00068,0.732879
0.064772,0.010992
3e-06,0.004981
0.000282,0.002458
0.949834,0.306294
0.06878,0.088508
0.592313,0.483978
0.001749,0.107385
0.229802,0.411424
0.971798,0.004233
0.902775,0.937862
0.003834,0.129749
0.006286,0.997891
0.001338,0.987978
0.263707,0.001747
0.678191,0.865683
0.0,0.008741
0.285533,0.002133
0.9677,0.00058
0.001892,0.03651
0.002147,0.999784
0.948098,0.000384
1e-06,0.015001
9.6e-05,0.00047
8e-06,0.602108
0.509336,0.14252
4e-06,0.006965
0.956286,0.946008
0.000159,0.012271
0.832869,0.988474
5.9e-05,0.89114
0.094797,0.067862
0.001192,0.02969
0.000113,0.000299
0.342932,0.493033
5e-05,0.001013
0.018587,0.999179
0.041841,0.260495
0.78285,0.825529
0.000107,0.000183
0.00083,0.268696
0.150935,0.478705
0.026457,0.05728
0.000176,0.658226
0.050826,0.788273
0.001373,0.972787
0.715598,0.582083
0.443318,0.506248
0.131183,0.403207
0.0,0.000106
0.157667,0.020709
5.5e-05,0.743355
0.970786,0.065604
0.912026,0.999984
0.000304,0.501224
0.705175,0.681317
0.010711,0.292281
0.001802,0.529691
0.076183,0.766796
0.0,0.127169
0.00063,0.110694
0.774653,0.98902
0.086216,0.878425
0.899744,0.956004
0.011454,0.993614
0.004802,0.317071
0.001004,0.001164
0.000126,0.999287
0.604138,0.186751
0.974784,0.046904
0.121063,0.017346
0.998605,0.548797
0.000648,0.109734
0.001337,0.999813
0.042363,0.019934
0.132307,0.995673
0.514896,0.000128
7.7e-05,0.559769
0.000607,0.020404
0.0,0.032239
0.0,8.6e-05
0.0,0.297435
0.240528,0.624965
0.001129,0.553256
0.346455,0.34787
0.060572,0.128144
2e-06,0.042669
0.000328,0.005172
0.652101,0.100701
0.232695,0.98945
0.085637,0.01366
0.0133,0.477172
1.5e-05,0.711593
0.043736,0.585149
0.002286,0.365594
0.065854,0.574899
0.313084,0.547848
1.4e-05,0.09985
0.003946,0.072334
0.172463,0.000277
0.000817,0.016052
0.87568,0.001149
0.0,3.6e-05
0.965768,0.933396
0.047588,0.010907
0.000112,0.001163
0.693374,0.000692
0.000148,0.014395
0.00112,0.002912
0.002915,0.528913
0.00822,0.005223
0.413042,0.001317
0.099655,0.543246
0.574468,0.140772
0.002061,0.000769
0.85523,0.00129
0.000108,0.890865
0.0,4e-06
8e-06,0.003218
0.005456,0.992549
0.464572,0.155004
0.000175,0.192717
3e-06,0.047112
0.000634,0.506568
0.017715,0.385032
0.00288,0.220584
0.141116,4.5e-05
0.005098,0.303963
0.017523,0.146564
3e-06,0.002664
1e-06,0.009065
0.849438,0.309906
0.0,0.799458
0.56731,0.320861
1.7e-05,0.010965
3.1e-05,0.006026
0.249842,0.985176
0.137484,0.99888
0.023799,0.141328
0.002119,0.98969
0.038013,0.968628
3e-06,0.006352
0.009672,0.000987
1.6e-05,0.009476
0.149385,0.121419
0.002396,0.014163
0.000849,0.635676
0.004837,0.980601
0.000199,0.002845
0.0004,0.046672
0.037569,0.833927
9.8e-05,8e-06
0.193461,0.001447
4.1e-05,0.034865
0.000178,0.097807
0.810519,0.914714
0.426282,0.08441
0.936762,0.989655
0.000203,0.075636
8e-06,0.271444
0.000488,0.007836
0.000928,0.012037
0.085545,0.162538
0.131891,0.996833
0.003024,2e-05
0.000775,0.378189
0.150125,0.899802
0.652073,0.008153
0.707857,0.009099
0.525748,0.969631
0.114034,0.001297
0.745412,0.025559
0.00015,0.268134
0.999986,0.608506
0.004439,0.535595
0.966026,0.032046
0.002069,0.05171
0.505895,0.121815
0.000642,0.61061
0.001004,0.258207
0.783153,0.999174
0.088093,0.989409
0.003844,0.045857
5e-06,0.917958
3e-06,0.293741
8.3e-05,0.239527
0.02809,0.025115
0.000384,0.097478
0.001954,0.01769
0.097654,0.566416
0.206837,0.391175
0.990502,0.952879
0.008575,0.167055
0.956626,0.136149
0.00388,0.014556
0.000362,0.338131
0.003572,0.762478
0.0044,0.124541
0.002081,0.907189
0.002309,0.021765
0.488986,0.996153
5e-06,0.021885
0.031286,0.081684
0.011436,0.6215
0.066177,0.214956
0.0,0.027025
0.0,0.044108
0.000291,0.41006
0.751646,0.567753
0.997832,0.983386
0.006022,0.019128
0.023244,0.338725
0.295977,0.983612
7.5e-05,0.031881
0.235249,0.258216
4.5e-05,0.121647
0.927844,0.995658
0.0,0.919136
0.415104,0.82296
0.000374,0.00561
0.052262,0.014542
0.000378,0.838759
0.064588,0.532324
0.000163,0.058576
6.8e-05,0.068674
0.432176,0.692468
1.4e-05,0.012906
0.108447,0.071909
0.000115,0.336573
0.227984,0.313304
0.057064,0.585797
0.000358,0.107794
0.43125,0.003904
0.003769,0.004316
0.000121,0.006946
0.00013,0.396301
0.000904,0.000498
0.951391,0.001044
0.463252,0.799421
5e-06,0.040392
0.000549,0.284447
0.00431,0.162256
0.003985,0.184709
0.077288,0.000353
0.856608,0.749303
0.010084,0.209563
0.115362,0.968628
0.003578,0.767686
0.012701,0.790113
0.049409,0.144764
0.000319,0.115851
1e-05,0.9885
0.000303,0.004087
0.023081,0.821254
0.006148,0.0654
0.969068,0.9562
0.228679,0.264376
0.071886,0.93842
1.1e-05,0.971332
8e-05,0.301958
0.986679,0.770608
0.001212,0.015516
2.1e-05,0.067388
8.3e-05,0.01136
0.019666,0.021057
0.061821,0.026552
0.0003,0.044371
0.001014,0.584253
0.714868,0.860452
0.646354,0.074316
0.045169,0.054091
0.0,0.000593
0.000374,0.001918
0.42981,0.059696
0.0378,0.00224
0.489752,0.004843
5e-05,0.037238
0.111487,0.002321
0.000337,0.999991
0.006088,0.590935
3e-06,0.897667
0.012895,0.104241
0.43855,0.017389
0.000911,0.038056
0.012083,0.000116
0.170647,0.011875
0.000352,0.406794
0.006548,0.247235
0.828314,0.00068
5.5e-05,0.019807
0.815664,0.510863
2.4e-05,0.868896
0.002188,0.054426
0.008246,0.03248
0.023479,0.163529
0.0,0.007179
0.006298,0.145581
0.003121,0.039437
0.011257,0.013219
0.023848,0.535191
1e-06,0.982178
1e-06,0.964584
0.000769,0.035467
7e-06,5.4e-05
0.000111,0.083668
0.015551,0.165749
5.6e-05,0.66531
0.004337,0.466543
7.1e-05,0.927101
0.000582,0.039383
0.329755,0.413237
0.010257,0.07106
6e-05,0.366168
0.000502,0.047556
0.972487,0.959117
0.410205,0.86812
0.008222,0.070715
0.00047,0.646649
0.000972,0.615007
0.006049,0.001355
0.547339,0.99998
0.000255,0.01856
0.001348,0.593142
0.000427,0.002265
0.954265,0.252509
0.975652,0.023807
2e-05,0.003572
6.2e-05,0.023965
7.3e-05,0.072463
0.000215,0.98531
0.010303,0.539892
0.68404,0.00554
1.9e-05,0.004491
0.039577,0.99932
0.0,0.006751
0.0001,0.180717
4.2e-05,0.966611
0.870699,0.998532
0.998983,0.00057
0.007826,0.006935
0.000636,0.828197
0.019228,0.700144
0.000168,0.024651
0.066926,0.008788
0.001201,0.206935
0.008301,0.647232
0.0,0.453748
0.081058,0.89896
1.5e-05,0.003267
0.011274,0.908802
8.8e-05,0.393297
0.0,0.000263
0.161162,0.000898
4.8e-05,0.010464
0.58643,0.140608
8e-06,0.083568
0.0,0.000188
9.1e-05,0.026115
0.000185,0.000559
4e-06,0.002292
0.465692,0.49531
0.001787,0.008055
0.000475,0.224105
0.998818,0.996893
1.5e-05,0.0378
0.996159,0.686897
6e-05,0.243275
0.000668,0.41058
0.932629,0.25002
3.2e-05,0.24822
0.934011,0.00359
0.084974,0.998088
0.676838,0.140574
0.77125,0.042733
0.094565,0.025208
0.012206,0.743935
0.001565,0.387859
0.002219,0.673819
0.007311,0.294531
4.5e-05,0.925389
0.392805,0.442653
0.000682,0.089979
3.6e-05,0.94906
1e-06,0.005369
7.3e-05,0.156782
0.867267,0.024487
0.711955,0.923213
1.9e-05,0.899779
0.000567,0.034488
0.0,0.028951
2e-05,0.959018
0.013896,0.318348
0.910492,0.748285
0.982914,0.00165
0.036672,0.849954
0.541626,0.596223
0.000486,0.687433
0.010683,0.061303
0.089286,0.010903
0.008792,0.4692
0.001058,0.001972
0.003813,0.484426
0.09609,0.109107
0.066575,0.734322
0.000928,0.011199
0.871172,7e-05
1e-06,0.005741
0.961931,0.439315
6e-06,0.011737
0.002947,0.885705
7e-06,0.086457
1.2e-05,0.019118
0.823306,0.239899
0.98147,0.284348
0.001028,0.043431
0.423506,0.312346
0.001099,0.633577
0.032386,0.102365
5.5e-05,0.01866
0.000485,0.641149
0.00119,0.993172
0.208424,0.238509
0.002155,0.271828
0.99879,0.713378
9e-06,0.137404
0.000195,0.936883
0.001008,0.473419
0.0,0.366957
1.7e-05,0.013249
0.001127,0.959157
4.2e-05,0.97868
0.005183,0.015095
0.060606,0.015637
0.004728,0.015901
0.017216,0.716234
0.001476,0.001704
0.075125,0.925364
0.005151,0.032917
0.390183,0.022012
0.034128,0.130476
0.961291,0.990553
0.136686,0.214533
0.000864,0.053891
0.000259,0.079637
0.458073,0.791149
0.99993,0.038332
0.000547,0.000637
0.001468,0.002068
0.023796,0.883308
0.00064,0.863199
0.458773,0.708811
0.039636,0.254206
0.000121,0.286535
6e-06,0.005988
3.4e-05,0.363645
2e-05,0.810135
0.482758,0.037975
0.046415,0.963305
0.27397,0.988592
0.801619,0.139961
0.788984,0.905432
0.044903,0.81548
0.000107,0.258048
0.187797,0.031317
0.685857,0.900096
0.013054,0.889113
0.169698,0.031538
0.002723,0.04477
0.139284,0.833017
0.004189,0.034565
0.993037,0.00037
0.000605,0.001186
0.042804,0.661024
0.047586,0.061747
0.988791,0.000766
0.003381,0.059586
3e-06,0.811531
0.838343,0.543181
0.019647,0.723511
0.004144,0.523779
3.2e-05,0.999403
0.006544,0.992816
0.00035,0.782289
0.747854,9.3e-05
0.411362,0.19988
2e-06,0.097009
0.000579,0.981738
5e-06,0.043138
0.000218,0.987175
1.2e-05,0.999892
4e-05,0.010308
2.9e-05,0.278121
3.5e-05,0.485288
0.012565,0.712585
0.449338,0.001516
0.001949,0.916252
0.019687,0.000379
0.944782,0.835015
0.047567,0.033764
0.950372,0.000568
0.99414,0.017821
0.001619,0.051262
0.172058,0.000526
0.000288,0.097943
0.001036,0.088745
0.132619,0.106433
0.45375,0.28904
0.204378,0.038814
0.021264,0.37083
0.000115,0.807407
0.004211,0.881421
4e-06,0.981415
0.689406,4e-06
0.681042,0.265526
0.006665,0.093854
0.426978,0.005898
0.002537,0.001032
0.988547,0.011278
0.009951,0.000399
0.013604,0.022192
3.2e-05,0.0009
0.978495,0.000463
0.308378,0.02275
2e-06,0.004093
0.000536,0.043852
0.0,0.099068
0.646657,0.732301
0.000178,0.822726
0.132281,0.003772
0.119038,0.041746
0.008327,0.260507
0.931141,0.981459
0.0,4.5e-05
0.00089,0.718748
0.013786,0.999073
0.11908,0.327036
0.988606,0.003237
0.402701,0.845213
0.352348,0.216313
0.143256,0.999385
1.3e-05,0.006822
0.121514,0.815911
0.000102,0.331806
0.004736,0.041457
0.00011,0.003522
0.017743,0.215983
0.000216,0.001008
0.045156,0.758583
3e-06,0.033456
0.014707,0.010613
0.000862,0.021743
2e-06,0.004583
0.036039,0.006626
6.1e-05,0.381408
7e-06,0.918016
0.207289,0.165084
0.014304,0.898042
8.7e-05,0.945649
1e-06,0.009779
0.002462,0.567802
0.384536,0.999664
0.131053,0.230627
1.9e-05,0.037425
0.000437,0.255249
0.041154,0.881959
0.0,0.001473
4.8e-05,0.053404
0.000285,0.895833
0.009397,0.162385
5.4e-05,0.118244
0.006268,0.102501
0.001053,0.915445
6.9e-05,0.005259
3e-06,0.115524
0.212637,0.161073
5.3e-05,0.000354
0.002413,0.049715
0.00058,0.913077
0.001282,0.167158
0.14724,0.998617
0.0,0.949425
4e-06,0.008006
7.5e-05,0.225025
1e-06,0.691525
8.3e-05,0.94651
0.0,6.5e-05
4.4e-05,0.052302
0.01586,0.074937
0.020659,0.907448
0.030362,0.027063
0.004703,0.109397
5e-06,0.063831
0.294102,0.947165
0.901783,0.245212
0.000102,0.001178
0.0,0.092431
2.2e-05,0.270043
0.985828,0.866984
0.001848,0.001526
1.5e-05,0.299061
0.066801,0.029572
0.0,0.033809
0.003097,0.059463
0.411281,0.53894
0.017534,0.123124
0.297202,0.076838
0.340517,0.068545
0.182103,0.576361
0.314591,0.152326
0.026537,0.682025
0.228563,0.98813
0.027909,0.137429
0.132293,0.489766
0.001066,0.002778
0.07279,0.372462
0.000152,0.001164
0.983996,0.005359
1e-06,0.921816
0.005628,0.016427
0.08532,0.999329
0.023679,0.911331
1e-06,0.138268
0.000122,0.03191
0.036958,0.105365
0.00434,0.00042
2e-06,0.264564
0.00074,0.143564
0.0,0.984889
0.000201,0.004628
0.000406,0.000675
0.000599,0.758353
0.00045,0.953499
1e-06,0.475689
2.2e-05,0.486734
0.000108,0.992082
0.027116,0.013037
0.03394,0.029651
0.047295,0.940837
0.003552,0.641091
0.000542,0.001876
2.2e-05,0.006524
0.001815,0.015058
0.189108,0.105527
0.897024,0.046617
0.999999,0.143832
0.045865,0.000971
0.786198,0.000476
0.201103,0.996799
0.965298,0.01056
0.002469,0.019302
0.000159,7e-06
0.981865,0.10601
0.0,0.00342
0.000152,0.007025
1e-06,0.001873
0.171116,0.155248
8.9e-05,0.677343
1e-05,0.111388
0.003693,0.035771
0.030162,0.286027
0.000152,0.013021
0.738608,0.995766
0.692594,0.000843
0.037081,0.897241
0.000121,0.002719
0.000199,0.013294
2e-06,0.061376
0.006229,0.002667
0.001224,0.120515
0.998605,0.003443
0.957252,0.008907
0.000273,0.003688
0.564944,0.866352
0.978055,0.994164
1.7e-05,0.480417
0.392004,0.405674
0.76667,0.042132
4e-06,0.017327
0.000382,0.092716
0.930539,0.761546
0.075557,0.990512
0.029528,0.188761
1e-06,0.503957
0.18052,0.794092
0.008278,0.986896
0.000298,0.004382
0.226939,0.014275
0.0,2.7e-05
0.00049,0.051944
0.001108,0.009184
0.006171,0.108694
5.9e-05,0.005376
0.006962,0.9332
0.000117,0.053609
0.836424,0.03495
0.694896,0.10397
0.983265,0.223342
0.334185,0.271565
0.989789,0.944448
0.385789,0.01504
0.0,7e-06
0.080245,0.661196
0.015249,0.131648
0.0,0.000602
0.208538,0.635968
0.004265,0.885261
0.852611,0.999821
0.000403,0.600919
4.5e-05,4.2e-05
0.370507,0.9985
0.0,0.00036
0.028915,0.691071
0.675838,0.334323
0.905414,0.968705
0.417451,0.063039
0.002884,0.833064
0.000621,0.999941
0.999694,0.015191
0.000127,0.019707
0.271085,0.016767
0.000375,0.998792
0.953921,0.875983
0.00749,0.607612
0.00018,0.69904
0.061979,0.292404
0.105774,0.81361
0.941907,0.412076
0.001979,0.952642
0.02583,0.99055
0.570006,0.296338
0.893992,0.824868
0.000817,0.453438
0.235414,0.00015
0.574854,0.004589
0.763074,0.0007
0.792168,0.218439
0.000716,0.000682
0.004233,0.861424
0.001237,0.961877
0.0002,0.008169
0.740395,0.000116
0.319806,0.47212
0.158001,0.465513
0.217012,0.918434
0.000858,0.104834
0.816634,0.99981
1.1e-05,0.994462
0.944037,0.072938
0.005984,0.001088
0.008377,0.002575
0.00105,0.000363
0.022165,0.00011
0.03758,0.121189
0.008546,0.048395
0.000929,0.002457
0.0,0.000169
0.001603,0.982466
0.195722,0.690287
0.979564,0.987483
0.000995,0.261935
1.3e-05,0.979499
2e-06,0.050652
0.020808,0.247966
0.000171,0.443079
5.8e-05,0.000277
0.103485,0.213426
0.000328,0.10559
0.0,0.001505
0.773006,0.041332
0.00122,0.932457
0.005979,0.001053
0.000452,0.011263
0.002445,0.009941
0.291539,0.071878
0.932773,0.984966
0.001371,0.036576
0.847008,0.290382
0.999996,0.405301
2.4e-05,0.000349
0.000984,0.265402
5.5e-05,0.00035
0.047445,0.326877
0.448718,0.405132
0.000137,0.116096
0.001823,0.000826
4e-05,0.011035
0.043119,0.573415
0.126045,0.525295
0.115062,0.003271
0.754057,0.003856
0.141702,0.168142
0.867009,0.001773
0.011165,0.1474
0.771211,0.113272
5e-06,0.000587
0.990892,0.008764
0.012048,0.209665
0.801062,0.805738
0.00816,0.130918
0.001908,0.037875
0.001162,0.003929
0.99132,0.827263
0.0,0.012524
0.724069,0.001985
0.20277,7.8e-05
0.000165,0.021444
0.412995,0.910696
0.013818,0.000906
0.0,0.152497
1.6e-05,0.004506
0.005397,0.175216
6e-06,0.152695
0.000379,0.003114
4.9e-05,0.114693
3.2e-05,0.020602
0.0,0.011811
0.023047,0.500721
0.000689,0.614159
0.0,0.671679
1.4e-05,0.064982
0.013663,0.389442
0.00033,0.030186
0.015778,0.216114
0.001428,3e-06
0.011238,0.402246
0.031634,0.000394
0.972872,0.583366
0.020348,0.395873
0.005611,0.321385
0.992129,0.00021
0.402739,0.011755
0.020471,0.004979
0.0,0.999899
0.009839,0.286194
0.987803,0.860087
0.065836,0.01955
0.081932,0.499496
0.107856,0.551602
0.00916,0.019891
0.000475,0.782622
4e-06,0.144049
0.005601,0.031589
0.119523,0.128489
0.693125,0.24706
0.011992,0.001371
0.000868,0.059956
0.000169,0.046029
0.388567,0.95691
0.001432,0.851226
0.101815,0.048434
0.263501,0.23107
0.000697,0.946681
0.000318,0.057618
2e-06,0.009091
0.000709,0.84773
0.0,0.051166
0.011546,0.055358
0.033664,0.000674
0.000105,0.003137
4e-06,0.056932
0.050241,0.074232
4e-06,0.000305
0.000391,0.023799
0.0,9e-05
0.000157,0.018533
0.0,0.009851
1.4e-05,0.998328
0.00071,0.814044
0.204742,0.284316
9e-05,0.001532
8e-06,0.001317
0.0,0.006812
0.004827,0.295887
0.000996,0.001246
0.00075,0.011636
0.53169,0.458631
0.879658,0.002761
0.068585,0.056963
0.374027,0.000897
0.605882,0.702435
0.003057,0.00541
0.002966,0.048248
0.004548,0.025299
0.653379,0.738077
0.004785,0.047296
0.08871,0.36823
0.328717,0.001933
0.965634,0.999704
0.000126,0.975693
0.052127,0.458712
0.824297,0.183437
1.9e-05,0.008811
0.302265,0.289436
0.18329,0.097748
0.003052,0.01848
0.00191,0.089095
3.8e-05,0.001267
0.999835,0.015279
0.0,0.022762
0.673027,0.000484
0.97363,0.04777
0.000142,0.018304
0.006039,0.000491
3e-06,0.104372
0.259286,0.005752
0.002918,0.844715
0.712654,0.465057
0.116666,0.796259
0.975406,0.999833
2.8e-05,8.2e-05
0.025124,0.033117
0.098148,0.437243
4e-06,0.035999
0.997661,0.964681
0.071069,0.990767
0.518782,0.190924
0.036306,0.03599
0.882196,0.183809
8.9e-05,0.004251
0.801401,0.01092
0.001655,0.009792
0.065625,0.256706
0.000328,0.006158
0.406953,0.05564
0.000292,0.006638
0.046112,0.847152
1e-06,0.003272
0.002747,0.062346
8.6e-05,0.299605
1.6e-05,0.895274
0.000452,0.194309
0.010487,0.347879
8.1e-05,0.113967
0.000147,0.999926
8e-06,0.035817
0.003161,0.034368
0.001273,0.02217
0.019612,0.644408
4e-06,0.038431
0.0,0.001494
0.525232,0.999988
0.000483,0.284811
0.005702,0.091329
0.003553,0.119208
0.001656,0.004479
0.045908,0.018277
2.3e-05,0.045116
0.682008,0.948194
0.000292,0.079377
0.230566,0.963253
0.02912,0.697999
0.008388,0.512914
1e-06,0.306257
0.002512,0.27256
0.0,0.996257
0.000485,0.04639
0.41053,0.387433
0.000487,0.003056
0.0,0.842759
0.072852,0.020773
2.3e-05,0.109638
0.026373,0.332019
0.003683,0.002451
0.092601,0.438415
0.000128,1e-06
1e-06,0.090649
0.000171,0.007137
0.0,0.00107
0.000257,0.455018
8.3e-05,0.02196
0.002522,0.094469
0.003397,0.890866
0.009785,0.018329
0.00019,0.00304
0.041681,0.58933
0.863183,0.248274
0.004595,0.202833
0.005049,0.266362
0.019617,0.749637
0.001668,0.081586
0.006969,0.001277
0.000247,0.010632
7.4e-05,0.003684
0.015738,0.013033
0.004353,0.018404
0.00033,0.004078
0.235253,0.002974
0.000754,0.053118
0.57819,0.000904
0.022575,0.984927
0.736688,0.284696
0.000113,0.997529
2.8e-05,0.104048
4.4e-05,0.896082
0.017439,0.124684
0.000241,0.10165
0.072059,0.040637
3e-06,0.003013
0.236777,0.948396
0.765762,0.003378
0.004671,0.024919
0.001245,0.072186
3e-05,0.009686
0.01247,0.018377
0.82996,0.386621
0.000129,0.046032
0.100823,0.903888
0.524177,0.001502
0.054173,0.025114
0.244458,0.787723
0.00717,4e-06
7.9e-05,0.000368
0.762166,0.420868
0.000215,0.002995
0.000868,0.047631
0.143216,0.356583
0.049441,0.003493
0.012517,0.449909
0.0,0.002589
4e-06,0.447467
0.000517,0.179831
0.0,1e-06
0.000204,0.213448
1.7e-05,0.000358
1e-06,0.00629
8e-06,0.11785
0.000162,0.028105
0.422389,0.39405
4.6e-05,0.034025
0.013355,0.57566
0.000459,0.034438
0.006922,0.99679
0.980549,0.808639
3.4e-05,0.40691
0.014295,0.111103
0.000307,0.483272
0.001135,0.9545
0.000155,0.001689
1e-06,0.001183
0.012412,0.695846
0.484043,0.338778
0.000351,0.02454
0.001826,3e-06
0.178774,0.093074
0.135022,0.043466
0.002822,0.433746
0.002214,0.784754
0.24789,0.00453
0.016711,0.02881
0.075031,0.270728
0.455142,0.684402
0.432697,0.619525
0.001418,0.153266
0.918857,0.015664
0.000235,0.007314
0.443721,0.532631
0.999825,0.994203
0.960135,0.015714
0.999744,4.8e-05
0.999797,0.466335
0.000209,0.004876
0.002487,0.064242
4.7e-05,0.54867
0.003168,0.233401
1e-06,0.00501
0.000106,0.429219
0.042831,0.003431
0.002414,0.077554
0.827485,0.98086
0.000247,8e-05
0.0,0.178151
0.0,0.987731
1e-06,0.998077
0.043079,0.612657
0.194202,0.323581
0.945302,0.999477
7e-06,1.1e-05
0.001501,0.003317
0.999949,0.997439
0.016985,0.023518
0.000386,0.149636
0.108947,0.325843
1.3e-05,0.534237
0.995163,0.623213
0.001127,0.374188
0.000243,0.776802
0.695189,8.8e-05
0.827276,0.914444
2e-06,0.004297
0.600896,0.62406
0.006872,0.217737
9.9e-05,0.142474
2.3e-05,0.107098
1.2e-05,0.515789
7.1e-05,0.386568
1.1e-05,0.850662
0.0,0.07803
0.17775,0.960824
2e-06,0.084465
0.004359,0.589172
0.02694,0.335247
2.1e-05,0.000781
0.007272,0.024719
0.003337,0.152863
0.004952,0.012526
0.374316,0.999873
1e-06,0.186286
0.033875,0.545995
3.1e-05,0.007183
0.003754,0.999475
0.0286,0.000633
3e-06,0.000134
0.000143,0.562875
0.003692,0.972367
2.8e-05,0.995231
0.0,0.003261
0.096363,0.000382
0.115711,0.967012
0.941038,0.26069
0.000695,0.573267
0.000667,0.458688
0.372765,0.568979
0.0,2e-06
0.00627,0.993563
0.0793,0.016995
2.3e-05,0.002405
4e-06,0.00157
0.039438,0.023822
0.047507,0.997517
0.000286,0.867899
0.000109,0.532843
1e-06,0.255767
0.70955,0.006884
0.580757,0.075368
0.199992,0.968072
0.0,0.336363
0.000614,0.806841
0.0,0.016741
5.6e-05,0.333566
0.001492,0.500677
0.03099,0.925013
0.000165,0.115641
0.002774,0.415565
3.9e-05,0.10335
0.004678,0.87823
0.101885,0.707724
0.000657,0.915336
0.016071,0.012692
2.6e-05,0.00022
7.4e-05,0.06688
5.6e-05,0.00154
0.891583,0.782511
0.767712,0.718855
0.052753,0.002932
0.952295,0.000707
0.997069,0.899538
1.1e-05,0.266988
0.90914,0.001173
0.0,0.000234
0.019545,0.167114
2.2e-05,0.16128
8.2e-05,0.021492
0.34488,0.984922
0.411707,0.914144
0.037815,0.553651
7.4e-05,0.475365
0.096057,0.072005
0.159775,0.931064
0.227234,0.110221
0.001397,0.935441
0.999525,4e-06
0.000247,0.00415
0.000145,0.008775
2e-06,0.000179
0.000258,0.430114
0.326724,0.000708
0.002532,0.284154
0.999904,0.0
0.000118,0.006422
6.9e-05,0.005658
0.032792,0.997186
0.000166,0.248951
4.3e-05,0.79833
0.002583,0.024365
0.000212,0.003506
0.980316,0.478768
5.4e-05,0.985225
0.002966,0.133659
7.1e-05,0.998965
1e-06,0.025923
0.99994,0.997969
0.000177,0.000925
0.037241,0.914804
0.0,4.7e-05
0.936874,0.004287
0.000468,0.00037
0.030531,0.859241
0.945318,0.008283
0.046371,0.134297
0.0,0.957221
0.0,0.885417
0.00061,0.021686
2e-06,0.022087
0.068525,0.535173
0.120729,0.010515
0.123712,0.013558
0.000209,8.9e-05
0.004854,0.009272
8.3e-05,0.002254
0.462322,0.004503
0.001584,0.001002
5.7e-05,0.001416
6e-06,0.66347
0.009736,0.173996
0.761608,0.128857
0.317602,0.630243
0.005229,0.010335
0.140144,0.554657
0.004415,0.964029
0.110931,0.939048
0.013931,0.203494
1e-06,0.000356
0.488392,0.039048
0.01525,0.123643
0.88263,0.994135
0.000144,0.006049
0.09572,0.151792
0.0,0.017279
0.630709,0.003824
0.500073,0.114189
4.9e-05,0.035722
0.006356,0.806776
7e-06,0.164718
0.823643,0.652981
0.526295,0.996388
0.007926,0.01832
0.116247,0.743741
0.091975,0.071878
0.0037,0.984033
0.000867,0.494286
0.308314,0.216355
0.002504,0.203524
0.001102,0.010664
0.005975,0.018496
0.00727,0.018844
0.000794,0.709168
0.07361,0.050955
0.465974,0.810401
0.000558,0.41123
0.020688,0.123265
0.411239,0.999564
2.1e-05,0.079115
0.385506,0.138091
2e-06,0.00713
1.9e-05,0.009806
3.8e-05,0.000839
0.094078,0.627868
0.022244,0.16555
0.000291,0.091435
0.061972,0.109802
0.991248,0.998967
0.000437,0.001357
0.01669,0.352894
8e-06,0.048852
2.2e-05,0.020663
0.000127,0.00069
4e-06,0.024043
0.974469,0.998573
8.5e-05,6.2e-05
0.001423,0.037234
0.325453,0.499037
0.469035,0.737088
0.986756,0.021707
0.000121,0.238311
0.000451,0.929379
0.981331,0.963339
0.098028,0.05878
0.176535,0.975777
0.06223,0.004011
0.090549,0.134465
0.000113,0.454673
0.0,0.000369
0.034231,0.346239
0.049093,0.318176
2.3e-05,0.392388
0.000437,0.009559
0.016542,0.136011
0.000575,0.025917
6.5e-05,0.003453
0.000239,0.039471
0.000309,0.011786
1.7e-05,0.062757
0.0,0.026938
1e-06,0.135114
0.0,0.00132
8e-06,0.01669
0.000497,0.002586
0.002657,0.03057
0.014045,0.193339
0.999635,0.003089
0.010826,0.030871
1e-06,5.2e-05
0.668686,0.484676
0.267393,0.621712
0.236574,0.001472
0.001825,0.005194
0.087174,0.003577
0.265412,0.59866
0.000647,0.438136
9e-06,0.99662
0.000225,0.01627
0.007516,0.925306
0.01533,0.055614
0.020805,0.482485
0.082661,0.548865
0.568603,0.892464
0.000907,0.003307
0.063856,0.747843
0.983011,0.858875
5e-06,0.424042
0.063651,0.254296
0.010418,0.031078
0.621497,0.00649
0.293306,0.483306
0.950841,0.422007
0.046435,0.212436
8.8e-05,0.527771
5e-06,0.958883
0.856732,0.000793
0.06473,0.853091
0.000197,0.83419
5e-06,0.007808
0.994344,0.005345
0.126512,0.039578
0.574941,0.224625
0.570863,0.912902
3e-05,0.999015
0.18059,0.000365
0.77939,0.228395
0.000993,0.991211
7e-06,0.109849
0.075915,0.018623
0.99972,0.970758
3e-06,0.046854
0.000662,4.8e-05
0.9452,0.093416
0.983389,0.939122
1e-06,0.002448
0.809766,0.007369
0.951312,0.885318
0.006734,0.074027
0.009479,0.517618
0.00047,0.007707
2.5e-05,0.003628
0.136424,0.086601
0.030399,0.717377
0.003306,0.182636
8.9e-05,0.551633
0.006909,0.14792
0.084652,0.995618
1.2e-05,0.276004
5.3e-05,0.3918
0.000411,0.009316
0.000851,0.028117
0.011793,0.446161
0.0,0.021665
0.851998,0.005679
0.983773,0.00779
0.923563,0.425697
0.019079,0.015755
0.01299,0.178005
0.003295,0.019181
0.866104,0.002859
0.000606,0.236766
0.000204,0.000443
0.000256,0.001577
0.284712,0.002576
4e-06,0.04413
0.003292,0.083982
0.00353,0.089765
0.000643,0.037691
0.009313,0.94729
0.929014,0.002431
0.75821,0.008245
0.0,0.002017
0.743802,0.318338
0.133538,0.006214
0.7959,0.001133
0.004226,0.015148
0.999405,0.092434
0.000158,0.006957
0.001496,0.996485
0.0,0.002818
4e-06,0.087624
7.2e-05,0.014589
1.8e-05,0.034511
0.001137,0.165838
2e-06,0.812009
9.6e-05,0.075847
0.768586,0.994887
5e-06,0.000202
1.5e-05,0.620012
8e-06,0.045751
0.000925,0.016497
0.017607,0.026703
0.007866,0.067413
7e-06,0.977622
1e-06,0.912626
0.000853,0.755889
0.000121,0.139822
0.0,0.001369
0.871509,0.967169
0.625293,0.780109
0.032962,0.088345
0.63078,0.292361
0.0,0.015325
0.047645,0.118433
0.009459,0.356038
1e-05,0.906354
0.491849,0.02214
0.910358,0.020079
0.304345,0.599159
0.439905,0.450136
0.995287,0.001902
0.0008,0.012212
0.027693,0.858004
0.001464,0.494315
0.020277,0.031607
0.083856,0.710695
0.000169,0.204319
0.888609,0.765521
0.038273,0.002238
0.002383,0.832872
0.001062,0.053141
0.001221,0.771827
0.033459,0.348702
0.0,0.601346
0.005614,0.038446
0.54879,0.300613
2.1e-05,0.011421
0.045544,0.005657
0.021987,0.093009
0.862066,0.003835
1e-06,0.00168
0.000109,2.9e-05
0.171403,0.056141
0.349039,0.061433
0.000322,0.965768
0.027282,0.882418
2.6e-05,0.115409
0.001084,0.189313
0.0,7.9e-05
0.0,0.000228
0.999843,0.000971
0.783981,0.401856
0.415799,0.029958
1.6e-05,0.023284
0.986257,0.002591
0.000925,0.010873
0.677436,0.004532
0.313242,0.155824
0.003265,0.004383
9e-06,0.482487
0.571438,0.896368
0.000638,0.999231
0.000284,0.941943
2.4e-05,0.008952
0.265417,0.041105
0.0,0.022808
0.887511,0.754066
0.001067,0.024942
0.036657,0.315509
0.000135,0.005909
0.947418,0.003007
0.014806,0.370547
0.000134,0.460961
0.01315,0.066126
0.004501,0.184781
0.000338,0.917852
0.003145,0.999537
0.132718,0.95439
0.000699,0.757618
2.1e-05,0.001549
0.22514,0.122003
2e-05,0.010706
0.000245,0.521516
0.009316,0.582767
0.172932,0.707647
6e-05,0.184683
0.000335,0.371939
3.8e-05,0.164809
0.000903,0.131165
0.000533,0.321934
0.001776,0.51856
0.017546,0.018333
0.000642,0.080458
0.96027,0.575841
0.277381,0.402278
0.000306,0.070165
0.757632,0.973186
0.004042,0.009156
0.000554,0.144377
0.029741,0.131385
0.006849,0.608395
2.3e-05,0.002099
0.135277,0.000854
0.991323,0.366797
0.08556,0.001843
4.8e-05,0.779471
0.000976,0.601998
0.009871,0.868722
0.000551,0.102025
0.026661,0.799381
0.000132,0.173122
0.00108,0.202925
0.026701,0.764964
0.185964,0.028284
0.738128,0.949621
0.000342,0.002166
0.008796,0.00081
0.313695,0.321594
0.013718,0.704467
0.946425,0.99914
0.030249,0.994248
0.757548,0.352483
0.968216,0.305724
0.001162,0.069245
0.847076,0.431779
0.027152,0.397297
0.005818,0.074744
0.001647,0.588121
0.708702,0.405569
0.244448,0.502204
0.674356,0.659786
0.000969,0.245188
0.018689,0.542469
0.671316,0.423854
0.001571,0.275177
0.004264,0.038032
0.26672,0.699379
0.014689,0.925838
0.011558,0.411694
0.030376,0.935053
0.761006,0.999988
0.994677,0.976408
0.017273,0.858027
0.000739,0.373425
0.200113,0.001916
0.0,0.000111
0.009237,0.14322
0.232179,0.930694
0.000359,0.227559
0.309606,0.55454
0.017766,0.748806
0.000253,0.015686
0.95585,0.599277
5.1e-05,0.314648
0.267005,0.017397
0.00036,0.006135
0.000267,0.040855
0.542991,0.999327
8.6e-05,0.014319
0.000309,0.695202
0.004362,0.985678
0.00338,0.945355
0.004854,0.953648
0.012092,0.243142
0.019336,0.275627
0.200446,0.271588
1.2e-05,0.000841
0.015753,0.323094
0.926332,2.5e-05
0.00658,0.016941
0.995302,0.030698
0.00946,0.000195
3.2e-05,0.390515
0.00345,0.106748
0.000235,0.031266
0.002646,0.056869
0.019374,0.951677
4.6e-05,0.762292
0.896756,0.683536
7e-06,0.072429
0.000599,0.217864
0.00039,0.124072
5.2e-05,0.173691
0.085908,0.989889
0.002876,0.026281
0.044218,0.956745
0.000789,0.751095
0.917325,0.791435
0.0,0.005782
0.000292,0.382295
0.000273,0.010844
0.007308,0.216236
0.679939,0.931291
0.010035,0.056001
0.006302,0.002693
0.001489,0.836985
0.000229,0.039142
4e-06,5.9e-05
0.000628,0.02874
0.331081,0.107529
0.004407,0.100536
0.724356,0.988311
0.245123,0.001854
0.91624,0.822026
7.3e-05,0.021822
0.008227,0.010545
0.000981,0.096998
6.6e-05,0.999654
3.3e-05,0.021036
0.02025,0.019086
0.000163,0.961991
0.621239,0.60132
0.002972,0.000275
8.3e-05,0.080369
8.2e-05,0.984738
0.000269,0.128346
1e-06,0.000904
0.991214,0.984886
1e-06,6e-06
0.497614,0.999671
6e-05,0.005417
0.117851,0.036159
0.026242,0.319023
0.98574,0.450845
0.111883,0.997652
0.000464,0.00071
1.2e-05,0.709721
0.905309,0.5
0.0,0.052345
0.004625,0.816049
0.001464,0.011209
0.0,0.04091
0.763891,0.533031
0.637467,0.011098
0.069444,0.742527
0.000299,0.009986
0.024989,0.007547
0.000334,0.048316
0.005131,0.001558
0.001705,0.002804
0.006161,0.000374
1.9e-05,0.602546
7.4e-05,0.001889
0.000517,0.031171
0.503626,0.816083
0.012085,0.482694
1.2e-05,0.328964
1.5e-05,0.011966
0.000528,0.153013
0.004869,0.007714
0.902087,0.030725
0.0,0.0
0.006918,0.003323
0.000887,0.579457
0.058612,0.811393
0.512492,0.992886
0.968582,0.000651
0.136487,0.552929
0.891385,0.398768
0.003539,0.034485
0.000854,0.001523
0.175232,0.998302
0.993639,0.505442
0.948382,0.663723
0.005356,0.004474
0.089977,0.959466
0.005796,8.7e-05
0.000113,0.001991
0.922146,0.869405
0.019771,0.007454
3e-06,0.00423
0.780015,0.085521
0.067466,0.00196
0.064451,0.126208
0.040188,0.378814
0.574165,0.6555
1.3e-05,0.000949
0.164769,0.042818
0.000413,0.409717
0.023783,0.018436
0.000969,0.98826
0.002204,0.006628
2e-06,0.000247
0.070764,0.9531
0.087021,0.195365
0.070726,0.500517
1e-06,0.037595
0.104527,0.965737
0.002831,0.979209
0.001404,0.776254
0.01226,0.886601
0.08857,0.199812
0.110473,0.517506
1.7e-05,0.20705
0.982132,0.002957
0.117913,0.395737
0.449935,0.725403
0.014151,0.519385
0.498729,0.558268
0.064875,0.133462
0.013712,0.052534
8e-06,0.001807
2.2e-05,0.953184
0.859048,0.266786
2.2e-05,0.178407
0.20047,0.340052
0.0,0.001828
4.9e-05,0.135653
0.060884,0.304537
0.711639,0.033979
0.049197,0.437236
0.592125,6.9e-05
0.968017,0.458152
3e-06,0.001351
0.973143,0.032293
0.0,1.2e-05
0.314287,0.930625
0.943044,0.88997
2.2e-05,0.236194
0.078702,0.57947
0.363853,0.795627
1.2e-05,0.067621
0.001052,0.005174
0.04641,0.000566
0.001249,0.997354
0.522443,0.000128
0.00834,0.017477
0.002187,0.012811
1.4e-05,0.035804
0.280062,0.997314
0.983071,0.000369
0.809626,0.006352
0.123035,0.982819
0.004108,0.301872
0.000321,0.00992
0.000214,0.00714
4.7e-05,0.001139
0.012413,0.417685
0.016991,0.98757
0.000171,0.004598
0.005196,0.047549
0.001005,5e-05
5.9e-05,0.055828
0.077659,0.028227
0.060621,0.113689
0.047315,0.349469
1e-06,0.010536
0.790294,0.001181
0.006491,0.221092
0.737821,0.918776
0.274226,0.98799
0.942503,0.156424
0.020119,0.00721
0.000151,0.90233
0.827942,0.545422
0.000289,0.751731
0.014549,0.786781
0.00781,0.033267
1.9e-05,0.37961
7.9e-05,0.89646
0.010612,0.650151
0.00014,0.999506
0.003427,0.145733
0.000317,0.037582
0.000264,0.068393
7.2e-05,0.444995
2.1e-05,0.001213
0.000888,0.005465
0.000177,0.036297
0.001433,0.002876
0.000674,0.002302
0.000104,0.163755
0.086804,0.020621
7e-06,0.618661
2e-06,0.000935
0.043279,0.010752
2.4e-05,0.04191
0.00375,0.184671
0.127363,0.084187
0.941917,0.269975
0.027973,0.001499
0.177698,0.426954
0.006951,0.252655
0.009688,0.024341
0.498251,0.00141
0.066776,0.034945
0.000316,0.063115
0.000359,0.007022
0.027077,0.062299
0.778292,0.987754
0.195444,0.053053
0.235903,0.040422
0.119983,0.388887
0.151816,0.325489
0.34768,0.212029
0.000383,0.00111
4.1e-05,0.005213
0.057182,0.624895
0.002198,0.0006
0.243099,0.23048
0.010036,0.747037
0.50461,0.759007
0.00018,0.028704
0.027242,0.060852
0.000351,0.000582
0.999626,0.768799
1e-06,0.000701
4e-06,0.999833
0.002908,0.512008
0.005054,0.376707
0.215344,0.915917
3.1e-05,0.406884
0.029415,0.988075
0.000454,0.104605
0.022213,3.4e-05
0.035337,0.977106
0.085292,0.000458
0.081189,0.001424
0.0,0.010767
1.1e-05,0.015152
0.66803,0.554454
2.5e-05,0.990521
0.000275,0.296531
0.000812,0.50909
0.003235,0.91194
0.043294,0.195563
0.961273,0.950903
0.00076,0.974187
0.00229,0.902807
0.856736,0.973573
0.910651,0.967051
0.060282,0.969904
0.134402,0.005302
0.994129,0.408322
0.005097,0.079437
0.771812,0.997807
0.005654,0.99962
0.001784,0.240869
0.00759,0.998514
0.0607,0.847347
0.005289,0.001733
0.99096,0.516825
0.856676,0.653499
0.456948,0.105515
0.827052,0.204524
0.54655,0.097784
0.000406,0.586748
0.0,0.007137
0.484246,0.697968
0.00036,0.002884
0.00586,0.980968
0.16762,0.110234
0.0,0.026104
0.258667,0.121779
1.1e-05,0.000946
1.8e-05,0.067536
1.8e-05,0.00625
7.5e-05,0.888216
0.000384,0.88468
0.003326,0.018866
0.000255,0.078274
0.000532,0.951769
0.001027,0.238572
0.473237,0.964088
0.010791,0.707433
5e-06,0.000651
0.003356,0.820542
0.0,0.013489
0.00186,0.908926
0.000136,0.0156
0.000663,0.001408
0.845875,0.979885
0.001161,0.02468
0.000576,0.614158
8e-06,0.018047
0.703164,0.778358
0.024033,0.067261
0.000156,0.112926
0.000412,0.46515
0.00727,0.092887
0.995697,0.698158
7e-06,0.499417
0.058987,0.640723
0.086088,0.260787
0.004597,0.00013
0.751762,0.037937
0.004013,0.30958
0.00058,0.73357
0.004416,0.734532
0.126068,0.153301
0.00012,0.004999
0.958302,0.665396
0.161395,0.884217
0.001508,0.798497
0.145683,0.603697
7e-05,0.002084
0.014419,0.107657
0.00032,0.038939
0.089502,0.889907
0.016585,0.255269
0.000896,0.001128
0.023259,0.747289
0.00015,0.001764
0.817355,0.882088
0.671826,0.533811
0.000788,0.003315
0.000117,0.000109
2e-06,0.005021
0.000234,0.94459
0.207641,0.888175
0.000647,0.041229
0.000294,0.107361
0.001969,0.128987
0.000409,0.003781
0.050483,0.338638
0.001137,0.073558
0.737472,0.000628
0.00932,0.012414
0.092854,0.481799
0.98428,0.007824
0.00999,0.136381
0.002448,0.043029
0.003481,0.03406
0.050177,0.428873
0.001628,0.004465
0.620358,0.947124
0.000653,0.853503
0.000625,0.000342
0.995182,0.820502
0.558689,0.002891
0.000672,0.200034
0.000159,0.000401
0.0001,0.011927
0.474707,0.019087
0.694035,0.749195
0.021853,0.004234
0.011578,0.788528
0.0,9.2e-05
2.9e-05,0.000231
0.001723,0.267472
0.920681,0.113933
0.001071,0.219997
0.033704,0.78534
0.618671,0.072104
0.000123,0.014609
0.000504,0.285659
0.850334,0.99882
1e-06,0.090391
2.8e-05,0.812844
0.077785,0.997834
0.000358,0.506343
0.007408,0.188605
0.005539,0.015607
0.00047,8.3e-05
0.014683,0.713418
0.005477,0.264725
0.045564,0.997616
3.2e-05,0.080098
0.001896,0.023148
0.166711,0.877098
0.878403,0.122477
0.000226,0.014391
0.327415,0.993876
0.949078,0.00025
0.0,0.040331
0.000327,0.025503
0.123513,0.004323
0.143521,0.001832
0.000526,0.206738
0.867813,0.016806
0.003626,0.000873
0.000464,0.287439
0.0,0.067926
0.000117,0.994283
0.001785,0.950704
0.00012,0.024041
0.117371,0.781494
1.5e-05,0.001473
0.971984,0.895021
6e-06,0.312594
5e-06,0.500221
0.005966,0.45987
3.1e-05,0.039715
4.1e-05,0.93589
1e-06,0.009748
0.000269,0.955363
0.585606,0.720383
0.006931,0.002475
0.411395,0.996375
0.018781,0.140933
0.84889,0.833098
5.1e-05,0.012475
0.202759,0.96207
0.018437,0.790271
0.934637,0.346599
0.479844,0.900119
0.002598,0.448468
0.000325,0.844879
0.000828,0.554321
1e-06,0.00192
0.000172,0.000572
0.202104,0.027362
8.6e-05,0.021594
9.6e-05,0.03152
0.000348,0.025669
0.000661,0.001676
0.052206,0.12006
0.000377,0.021068
0.868761,0.020685
0.098335,0.20298
0.001437,0.672747
0.000481,0.46299
0.067883,0.421665
0.000692,0.52211
0.000937,0.846264
0.7088,0.990902
0.043794,0.284127
0.0218,0.071159
0.79186,0.112203
0.002075,0.024331
0.024025,0.204929
0.001048,0.094424
6.6e-05,0.089396
0.003773,0.164639
0.1162,0.309231
0.002165,0.671402
0.318606,0.026921
0.047195,0.310023
0.000218,0.002896
0.000731,0.015051
0.000602,0.139452
0.001374,0.150245
9.1e-05,0.002111
0.000101,0.221744
2.1e-05,0.002385
0.048274,0.325638
0.001032,0.881225
0.249136,0.906257
0.602109,0.004587
0.996361,0.000838
0.99878,0.836211
0.63893,0.001302
0.604464,0.058555
0.084586,0.144395
0.969291,0.671278
0.978713,0.161315
7e-06,0.665077
1.7e-05,0.983464
0.000476,0.877383
0.038957,0.197831
0.003981,0.019178
0.202996,0.952481
0.0,0.002074
0.000198,0.020956
1e-06,0.00017
0.0,0.010156
0.000384,0.031173
0.99044,0.565486
0.004918,0.881998
0.000203,0.836764
1e-06,0.000266
0.001617,0.868811
1e-06,0.178603
0.219813,0.272835
0.003646,0.005655
0.248608,0.878079
0.0,0.065017
0.0,0.00359
0.44854,0.883732
0.000182,0.533088
0.017855,0.978981
3.9e-05,0.946397
0.00012,0.021537
0.000407,0.562347
0.000654,0.776494
1e-06,0.004271
0.311011,0.977609
3.2e-05,0.000287
0.00221,0.003169
0.021884,0.079328
0.987528,0.512238
0.843443,0.001353
0.000232,0.034725
0.943803,0.162418
0.004062,0.998967
0.000361,0.025506
0.026868,0.007988
1e-06,0.901761
0.001255,0.73894
0.007584,0.223512
0.0,0.000238
4e-06,0.601617
0.000313,0.000137
0.007123,0.640091
1.2e-05,0.001763
0.335261,0.1379
0.000469,0.571193
0.003549,0.2846
6e-06,0.040079
0.100209,0.982445
0.0,0.179076
0.0,0.007212
0.000159,0.022209
2e-06,0.047124
0.0,0.005972
0.182723,0.365805
0.001876,0.993332
7.1e-05,0.760245
1e-06,0.531781
7.5e-05,0.243652
0.007388,0.77107
7.6e-05,0.001784
0.861353,0.981805
0.000551,0.260655
0.02819,0.846781
0.986312,0.999612
0.001713,0.454197
0.480393,0.794926
0.000263,0.076919
0.037344,0.515979
0.000102,0.026885
0.002532,0.115377
0.007014,0.061246
0.702421,0.941358
0.275831,0.876787
0.005534,0.200083
2.2e-05,0.113759
0.000247,0.514984
3e-06,0.034299
4.8e-05,0.17461
0.009732,0.472318
0.000581,0.038939
0.000818,0.168573
0.000514,0.001232
0.019555,0.045532
0.00062,0.321964
0.008054,0.00333
0.003177,0.43063
0.013597,0.977819
2e-06,0.000183
0.0,0.61958
0.000703,0.811061
0.0,0.018954
0.044297,0.523845
0.70546,0.97589
0.410318,0.988919
0.0,0.024374
0.147677,0.36355
0.005018,0.963988
1.1e-05,0.998247
5.5e-05,0.953207
0.062445,0.288225
0.013403,0.32274
0.018819,0.377957
0.295107,0.020195
5e-06,0.991721
0.762955,0.193168
0.122116,0.971706
0.001503,0.063216
0.0,0.153733
0.000868,0.719992
0.992969,0.002381
0.007158,0.000357
0.0,0.029484
0.462674,0.004734
0.024776,0.939817
0.174385,0.402862
0.432193,0.026588
0.00074,0.023497
0.249328,0.88415
0.002201,0.022534
0.010234,0.93473
0.000284,0.04902
0.000721,0.110184
0.00091,0.028718
1.0,1e-06
0.043312,0.036616
3e-06,0.015925
0.96493,0.060179
0.002813,0.003507
0.090017,0.9895
0.995781,0.634052
0.722841,0.823426
0.001989,0.017621
0.006149,0.10006
0.003834,0.243472
0.988803,0.00145
0.030706,0.320187
0.138434,0.775108
4.6e-05,0.420071
0.00161,0.706163
0.001103,0.083329
0.018524,0.047595
5.5e-05,0.027784
0.020965,0.037623
0.049541,0.993266
0.000103,0.062508
3e-05,0.053772
0.000708,0.349387
1e-06,0.006929
7.5e-05,0.310465
0.024491,0.170704
0.048312,0.036558
3e-05,6.8e-05
3.5e-05,0.000294
0.667277,0.989417
0.890841,0.284169
0.0,0.000204
2.4e-05,0.015456
0.002942,0.032763
0.629141,0.835301
0.005365,0.255388
0.00945,0.39352
6.1e-05,0.380237
0.0484,0.642994
0.004389,0.562453
0.076759,0.002462
0.970667,0.994741
4.3e-05,0.016512
0.55238,0.039808
2e-06,0.955141
0.056626,0.366797
0.673673,0.202266
2e-06,0.81172
0.04603,0.006729
7.7e-05,0.532672
0.012349,0.887381
0.943684,0.079493
0.999952,0.009743
5.9e-05,0.818624
0.000318,0.981936
0.091767,0.457736
0.000755,0.945487
0.006573,0.306021
0.001959,0.001304
0.014878,0.998116
0.00296,0.49806
0.647683,0.977743
0.935943,0.238486
0.515149,0.297691
0.001127,0.801205
4.4e-05,0.34005
0.856957,0.010751
0.024211,0.547817
0.001518,0.000818
0.532596,0.227293
0.007219,0.028856
0.166799,0.086259
0.004698,0.238897
0.108934,0.763584
0.024603,0.123538
0.922998,0.001794
0.001698,0.004925
0.00091,0.017451
0.993554,0.908238
0.327033,0.066685
0.393329,0.049143
0.920606,0.000877
0.067648,0.59138
0.229978,0.996292
1e-06,0.002371
0.316987,2e-06
0.0,2.9e-05
0.0,0.155933
0.000172,0.047321
0.198381,0.002086
1.9e-05,0.04669
0.987314,0.005477
0.015593,0.877425
0.000921,0.067771
0.892608,0.533355
4.3e-05,0.070636
0.002019,0.05149
0.0,0.001829
0.746109,0.00037
5e-06,5e-05
0.371749,0.026255
0.010892,0.033751
0.286184,0.639647
0.000138,0.026332
0.003094,0.085839
0.003115,0.999914
4.7e-05,0.153964
0.039645,0.147932
0.113095,0.001592
0.070451,0.523633
0.102809,0.878384
0.009662,0.717808
0.00077,0.475721
0.319393,0.546502
1e-06,0.001777
2.6e-05,0.028601
0.005072,0.235001
5e-06,0.22018
6e-06,0.000965
0.001546,0.063947
0.064248,0.374083
0.00655,0.001941
0.133279,0.0544
0.000367,0.021826
0.016384,0.025959
0.031077,0.999429
0.01175,0.009153
0.042455,0.236799
2e-06,0.944298
0.002265,0.161868
0.871202,0.970389
0.000326,0.141799
0.994089,0.968482
1e-06,0.639623
0.999009,0.967243
0.000214,0.900068
0.003565,0.03474
0.000249,0.326004
4e-06,0.046939
2e-06,0.191476
9e-05,0.251842
0.0,0.002908
0.002767,0.02249
0.002713,0.000395
0.0,1e-06
0.000305,0.059771
0.999788,0.054462
2.7e-05,0.027463
0.003503,0.314028
0.001204,0.084042
0.000194,0.583038
0.000464,0.673488
0.003786,0.330348
0.855056,0.432632
0.364699,0.168751
1e-05,0.427384
0.133581,0.713835
0.582917,0.975112
0.015848,0.913679
0.001742,0.784913
0.052643,0.99824
8e-05,0.385875
0.000371,0.128107
0.004028,0.953685
0.002541,0.024863
0.000133,0.490424
3e-05,0.000654
0.993947,0.139673
0.315639,2e-06
0.072165,0.302269
0.891586,0.916997
0.999349,0.922663
0.00096,0.059463
0.109023,0.434567
0.001961,0.094481
3.5e-05,0.336127
0.05376,0.373641
8e-06,0.688788
0.204263,0.003361
0.271382,0.000451
0.004755,0.372164
0.014385,0.139371
0.159376,0.95323
0.068099,0.042061
0.006908,0.214782
1e-05,0.171588
0.010334,0.016777
0.017737,0.844612
0.861556,0.964967
0.000944,0.389781
0.00104,0.002501
0.772945,0.00521
0.000555,0.006707
0.000383,0.000802
0.456222,0.282068
0.016285,0.056272
0.0,0.038629
0.0,0.005715
0.181542,0.483634
1.3e-05,0.55443
0.99604,0.991258
0.012597,0.002198
0.000357,0.943721
0.000198,0.727962
0.984829,0.00021
3.3e-05,0.005858
4.2e-05,0.111745
0.016912,0.715682
0.037709,0.114127
0.331461,0.956175
0.194294,0.130423
0.012292,0.013246
0.124278,0.003101
0.005108,0.677989
0.97559,0.004864
0.275688,0.848238
0.008363,0.249344
0.0,0.002162
0.00067,1.4e-05
0.005917,0.993801
0.011525,0.194271
0.000442,0.403395
0.001378,0.021115
0.001068,0.919789
1.6e-05,3.9e-05
0.0,0.027839
1e-06,0.000112
0.76758,0.12301
0.017068,0.23534
0.014071,0.510445
0.009222,0.366352
0.486047,0.595886
0.042484,0.237623
5e-06,0.003246
2.1e-05,9.9e-05
0.0,0.0344
0.814834,0.136998
0.501837,0.517322
0.854778,0.174622
0.263744,0.984128
0.002941,0.00021
0.0,0.040277
0.000127,0.151459
2.4e-05,0.011498
1.4e-05,0.014953
0.035815,0.521096
4e-06,0.029252
0.753404,0.211428
0.002725,0.083496
3.2e-05,0.015797
0.369391,0.00362
4.5e-05,0.569156
0.000741,0.03272
0.950912,0.722698
2.7e-05,0.009986
0.141488,0.283037
0.163634,0.402774
0.092427,0.541489
0.035559,0.099364
0.078669,0.626436
0.224116,0.000833
0.994953,0.063494
0.590933,0.003164
0.352863,0.956517
0.920733,0.000124
8e-06,0.000447
0.000119,0.128537
0.008829,0.069794
0.001858,0.517369
0.159196,1e-05
3e-05,0.000709
0.0,0.337834
0.797648,0.485924
0.555385,0.999944
0.883061,0.958502
1e-06,0.0
9.7e-05,0.0
0.0,0.012966
0.012293,0.016239
0.000119,0.003259
0.006954,0.017552
0.043809,0.130312
0.0022,0.019773
0.027958,0.041573
5.3e-05,0.032726
7.6e-05,0.971394
0.893232,0.921697
0.001677,0.005839
0.010085,0.12213
0.061979,0.019062
0.228455,0.300556
0.000401,0.07107
0.007013,0.04838
0.007456,0.053373
0.323756,0.037676
0.000131,0.011103
0.398361,0.555964
0.24582,0.878506
0.000223,0.35391
0.026263,0.615501
0.029348,0.00354
0.915078,0.022616
0.000922,0.887567
0.715972,0.092861
0.968652,0.004117
0.000229,0.143719
0.165059,0.997307
0.079814,0.57814
0.981896,0.000289
0.013377,0.662603
0.000409,0.101527
0.000849,0.667979
0.523903,0.161482
0.058578,0.001423
0.000781,0.973892
0.276013,0.007288
0.001575,0.003918
0.003265,0.002836
0.999101,0.058318
0.349008,1e-06
0.005547,9.2e-05
0.000533,0.013307
0.022476,0.004356
0.566865,0.996142
1e-06,0.006306
0.900539,0.998607
0.000775,0.914844
0.001077,0.243115
0.000925,0.50755
0.016447,0.008173
0.000277,0.558594
0.002468,0.137257
0.96897,0.014186
0.033165,0.001611
0.997946,0.001626
0.007878,0.002563
0.010548,0.925156
0.996534,0.0557
0.000638,0.000401
0.426943,0.668135
0.310746,0.935741
0.241716,0.987287
0.278982,0.09772
3.5e-05,0.00148
0.001042,0.019411
0.073523,0.022867
0.000713,0.625954
0.013571,0.321601
0.405598,0.295119
0.005209,0.292832
0.041767,0.088601
5.6e-05,0.222446
0.472021,0.106773
0.000389,0.087949
0.049046,0.21695
0.565178,0.871247
0.045426,0.133876
5e-06,0.991884
0.073087,0.99425
0.000755,0.106332
0.553955,0.498237
5.2e-05,0.304526
0.000231,0.166652
2e-05,0.044003
0.624786,0.627567
0.060366,0.991071
0.999327,0.998208
1e-06,0.036409
0.938724,0.838565
0.000427,0.027507
0.277582,0.254969
2e-05,0.000291
0.000259,0.074308
0.000481,0.431218
0.035302,0.993752
0.999981,0.998784
0.222475,0.039106
0.969889,0.158061
0.000302,0.102342
0.984215,0.018109
0.00225,0.01864
5e-05,0.142975
1.8e-05,0.021833
0.631897,0.549999
0.992144,0.991986
0.199039,0.279535
0.000258,0.144622
0.057109,0.711947
6e-06,0.008701
0.999426,0.10113
0.002685,0.003465
0.116903,0.000181
0.000644,0.218982
0.999905,0.999776
0.963165,0.317843
0.006935,0.123718
1e-05,0.681322
0.121487,0.001296
0.0,0.000275
3.2e-05,0.582155
0.993692,0.038806
0.933325,0.33962
0.068217,0.142209
0.016066,0.91683
0.002018,0.03429
0.001805,0.741506
0.000138,0.008661
0.00074,0.738231
0.000256,0.49329
0.914617,0.133741
9.6e-05,0.000859
0.000113,0.023603
8.6e-05,0.005018
0.034604,2e-06
0.246068,0.00037
0.008023,0.910829
0.000272,0.001728
0.001778,0.095535
0.000958,0.234622
0.063461,0.000237
0.307208,0.418784
0.822521,0.00775
0.69178,0.727144
6e-06,0.075196
0.0,0.022619
0.000202,0.180046
0.000591,0.176682
0.000847,0.002559
0.001974,0.019004
0.958331,0.007388
0.601658,0.027425
2e-06,0.007583
0.000364,0.000881
1.5e-05,9e-06
0.0,0.001797
0.002006,0.205313
0.008146,0.005734
0.00032,0.531975
8e-05,0.29353
0.000153,4.3e-05
0.0,0.019105
0.363474,0.997284
0.000192,0.001567
0.0,0.02645
0.000276,0.406441
0.113796,0.234123
0.00012,0.050164
0.815913,0.000726
0.015004,0.715726
0.060273,0.84766
0.103789,0.707315
0.032636,0.248096
0.000344,0.254394
0.272883,0.021224
0.991677,0.000683
0.000764,0.014913
0.0,0.000708
0.000877,0.027673
0.006775,0.163664
0.000298,0.019429
0.000166,0.248629
5.7e-05,0.462946
0.002844,0.007004
0.021761,0.175405
0.002541,0.125553
0.687506,0.09475
0.002192,0.003163
0.000445,0.000854
0.062314,0.040404
0.00258,0.577278
0.000122,0.828581
0.02884,0.24089
0.0,0.013721
0.1072,0.552513
0.000107,0.114038
0.288698,0.525041
0.066594,0.926437
0.18151,8.8e-05
4.3e-05,0.870082
0.00017,0.002807
0.000258,0.017641
5e-06,0.827066
0.005041,0.192425
0.028554,0.042508
1e-06,0.99581
0.422971,0.807955
8.4e-05,0.003499
1e-06,0.975963
0.002985,0.041069
6e-06,0.011754
4.2e-05,0.017706
3.4e-05,0.002336
0.539054,0.851232
1.3e-05,0.036862
0.000156,0.151964
0.998343,0.996837
0.007582,0.524714
0.011474,0.979136
0.882085,0.638505
0.003245,0.422348
3.5e-05,0.510593
0.006737,0.15088
5e-06,0.000282
0.000195,0.00708
0.209431,0.1564
0.020558,0.082694
0.6878,0.918951
0.89996,0.934892
0.065606,0.034246
0.811924,0.000263
0.000124,0.014873
0.176141,0.538273
0.058927,0.004214
0.019658,0.00072
4e-06,0.13161
8.6e-05,0.005481
0.999584,0.050306
0.014785,0.031678
0.232645,0.994388
0.081549,0.037261
2.6e-05,0.01353
0.001648,0.394956
0.938014,0.001428
2.9e-05,0.019985
9e-06,0.000136
2.1e-05,0.000497
0.076624,0.13271
9.2e-05,0.014659
0.0,0.007002
0.131543,1.5e-05
0.002115,0.096663
0.027859,0.60875
0.106861,0.000552
4e-05,0.93178
0.0,0.004756
0.002686,0.0015
0.005586,0.498189
0.926111,0.061241
0.00265,0.008022
0.007121,0.098755
0.001952,0.096677
0.459987,0.621056
0.000699,0.980507
7.6e-05,0.472528
0.001599,0.923593
0.003429,0.367988
0.000153,0.567441
6.2e-05,0.002257
0.035634,0.027757
0.003272,0.113626
0.006217,0.003651
0.488684,0.358232
6e-06,0.992341
0.004229,0.000149
1.5e-05,0.001968
0.214542,0.984921
0.000341,0.000175
0.000253,0.003259
0.123258,0.146731
2e-06,0.00363
0.214943,0.33226
0.00598,0.080127
0.092531,0.995541
8e-06,0.050515
0.000228,0.130113
0.001791,0.03688
0.972687,0.992795
0.82978,0.02525
0.000638,0.022818
0.000562,0.031922
0.0,0.008982
0.996546,3.7e-05
0.901963,0.202071
0.002353,0.992322
0.015964,0.256818
0.011145,0.384395
0.012911,0.584469
0.000238,0.049427
0.444821,0.079014
0.002142,0.565616
0.0,0.002666
0.482793,0.181539
1.8e-05,0.001149
0.004584,0.668706
3e-06,0.795823
0.008905,0.042114
0.902733,0.529175
0.0,0.004997
9e-06,0.033075
0.000292,0.01145
5.3e-05,0.009403
2.4e-05,0.002949
0.941944,0.693506
0.764759,0.00372
0.039732,0.998301
0.805888,0.961642
0.000141,0.01207
0.014577,0.794718
0.733368,0.046671
0.03069,0.802497
1e-06,0.241699
7e-06,0.004849
0.0015,0.895544
0.0,0.063127
0.00347,0.998431
0.000868,0.899241
7e-06,0.0003
0.022536,0.369022
0.035247,0.665705
1e-06,0.000873
0.065656,0.248846
0.000843,0.667577
0.012059,0.026467
0.000895,0.979511
0.001048,0.005269
0.000114,0.000688
0.00013,0.001379
0.0,0.163129
0.436372,0.00969
8.3e-05,0.000134
0.110266,0.9712
3.4e-05,0.100673
0.000121,0.751283
0.0,0.001277
0.01724,0.000579
5.1e-05,0.872858
5e-06,0.060406
0.988844,0.962506
0.008059,0.976457
2e-06,0.021061
3.9e-05,0.00165
0.99597,0.999885
0.001474,0.001942
0.250986,0.967731
0.10079,0.987404
0.002028,0.041754
0.868842,0.870209
0.940257,0.530332
0.305263,0.993229
0.000236,0.001495
0.159369,0.585811
0.002302,0.013429
0.020505,0.170644
4.1e-05,0.961969
0.074556,0.025619
0.000305,0.029723
0.07241,0.200743
0.133767,0.553139
0.000187,0.054939
0.000245,0.000163
0.004122,0.06805
0.21077,0.563288
0.000278,0.000212
0.719448,0.000834
0.000117,0.00074
0.836184,0.000649
1e-06,0.00013
0.038213,0.876403
0.020138,0.986393
0.000158,0.331475
0.023798,0.923908
0.73182,0.000491
0.187379,0.351559
0.00036,0.00873
0.879402,0.158437
1.6e-05,0.000173
0.48087,0.345474
0.103898,0.137678
0.0,5.9e-05
0.000535,0.032751
0.00142,0.496279
0.046203,0.028462
0.462615,0.032628
0.0,0.002222
0.445168,0.251394
0.642535,0.062578
3.8e-05,0.149836
0.422677,0.893885
0.007816,0.003163
0.000601,0.814676
5.9e-05,0.000383
0.030269,0.029781
0.498536,0.00732
0.015031,0.027708
0.154607,0.025054
7.1e-05,0.030579
0.00127,0.002533
0.011233,0.544487
0.654063,0.002841
0.398548,0.512616
0.006471,0.031178
0.236887,0.10362
0.774543,0.000121
0.003594,0.455257
0.002679,0.063047
8e-06,0.062028
0.000852,0.062104
7e-05,5.5e-05
4e-06,0.060217
0.004112,0.000428
0.008756,0.152848
0.000378,0.015769
0.00379,0.993661
0.032889,0.338292
0.522856,0.000386
0.868787,0.006333
0.017989,0.017776
0.053185,0.78115
0.012719,0.997696
0.001825,0.39382
0.000517,0.510144
0.041342,0.844634
0.0,0.002075
0.652975,0.388279
3e-06,0.153525
0.900492,0.832609
0.000174,0.044023
0.009663,0.994867
0.016506,0.917387
0.00037,0.588851
0.000771,0.778924
0.000199,0.487937
0.000314,0.00946
0.732856,0.002134
0.000128,0.011404
0.024277,0.101454
0.0,0.028879
3e-06,1.1e-05
0.0,0.001276
0.01511,0.031815
0.786924,0.353529
0.21899,0.030034
0.278946,0.119076
0.106962,0.349037
0.228864,0.27371
0.169353,0.972108
0.020455,0.094159
5.8e-05,0.998792
1.1e-05,0.31052
0.010119,0.646437
0.995132,0.018253
0.000149,0.003357
1.2e-05,0.000823
0.009208,0.111883
0.197059,0.122012
0.398816,0.923595
0.032612,0.018486
0.0,0.902037
0.000112,0.00404
0.007281,0.04999
0.286976,0.104849
1e-06,0.001997
0.9803,0.890938
0.190505,0.848822
0.885243,0.541909
0.11594,0.153558
0.000718,0.750601
0.9994,0.010308
0.001545,0.004057
3e-05,0.042177
0.000654,0.279426
0.011933,0.783045
0.001462,0.097446
0.000856,0.980627
8.9e-05,0.028883
0.023717,0.130935
0.041313,0.423471
0.010702,0.979938
0.386004,0.156704
5e-05,0.624154
0.477367,0.505311
0.258228,0.232938
3.1e-05,0.209653
0.000961,0.218917
0.000218,0.000679
0.018986,0.274476
0.917093,0.567327
0.302723,0.147981
0.001336,0.006277
0.069374,0.946586
0.962427,0.981368
4e-06,0.002855
0.139621,0.005178
5.6e-05,0.033333
0.008738,0.030973
0.986759,0.958456
0.287879,0.143341
0.001345,0.621944
0.271182,0.964732
7.2e-05,0.997352
0.041592,0.977388
3.8e-05,0.015869
0.235023,0.98525
0.004756,0.966392
0.318577,0.28958
0.091514,0.000356
0.000228,0.675949
0.011092,0.829808
0.156594,0.905266
0.002839,0.024108
0.034812,0.34634
0.774989,0.423362
0.001879,0.102176
0.0,0.003036
4e-05,0.001816
9e-05,0.902401
0.003654,0.013222
0.000917,0.084101
0.025159,0.026263
0.487387,0.056976
0.009642,0.219901
0.000109,0.033867
0.00019,0.430124
9.3e-05,0.043569
0.452142,0.109187
0.000167,0.525599
0.999947,0.99734
0.857172,0.76429
0.00079,0.102699
8.2e-05,0.015815
0.323397,0.387001
0.999095,0.943424
0.111926,0.621164
0.049582,0.03096
0.005478,0.077954
0.000131,3.1e-05
0.055967,0.021782
0.000565,0.007173
0.402197,0.97323
0.984084,0.997493
0.868801,0.003006
3.4e-05,0.998925
1e-06,0.00126
1e-06,0.07147
8e-06,0.143419
0.0,0.000755
0.0,0.001232
0.000185,0.048915
0.0,0.152854
0.829011,0.014639
0.481331,0.015823
7e-06,0.009446
0.998021,0.955297
0.156344,0.562193
0.539954,0.021024
0.7016,0.084457
0.4352,0.707785
0.49287,0.007327
0.001995,0.287738
5e-06,0.003149
0.737047,0.094094
0.027405,0.999672
0.177849,0.140381
0.922477,0.900195
9.4e-05,0.175463
0.785878,0.999926
0.000951,0.127931
0.928997,0.998513
1e-05,0.010578
0.071616,0.079896
0.0,0.002434
0.024361,0.990325
0.097377,0.002472
0.990979,0.981913
3.1e-05,0.003179
0.863209,0.076033
0.915261,0.766874
6.5e-05,0.847592
0.604802,0.687531
0.011721,0.177494
0.866269,0.1211
0.050918,0.67302
0.027104,0.189761
0.002814,0.113226
5e-06,0.225126
0.014224,0.055185
0.995496,0.986965
0.388295,0.231487
2.8e-05,0.002422
1.5e-05,0.119264
0.086561,0.188581
0.000185,0.052059
0.015891,0.992879
0.985382,0.910853
0.001839,0.511238
5e-06,0.010818
0.003117,0.046322
0.017166,0.125002
7e-06,0.225672
7e-06,0.007441
0.13044,0.466851
0.001423,0.746877
0.0,0.063282
4.7e-05,0.818074
0.000275,0.392809
0.090403,0.109458
0.000157,0.007111
0.0313,0.909873
7e-06,0.286414
0.000101,0.01924
1e-06,0.794915
0.087715,0.072988
0.028803,0.296836
0.604601,0.468369
3e-06,0.000969
0.998554,0.002268
3.2e-05,0.007356
0.002546,0.457464
0.000219,0.0576
3e-05,0.034591
0.047252,0.24882
0.000335,0.842592
0.019313,0.057735
0.000429,0.910365
0.799526,0.867433
0.006842,0.844946
0.000146,0.009048
0.112301,0.70767
0.089131,0.968399
6.9e-05,0.014535
0.004071,0.515752
0.91571,0.502464
0.00033,0.002067
0.003063,0.495184
0.009676,0.419485
3e-05,0.001578
0.913655,0.005378
0.000449,0.196442
1.4e-05,0.007376
0.000137,0.135084
0.049485,0.478535
0.000319,0.01001
0.001752,0.033525
2.6e-05,0.043494
0.175246,0.058173
9.7e-05,0.818696
0.009507,0.019089
0.039066,0.339495
7e-05,0.021855
1e-06,0.001244
0.000587,0.019447
0.000296,0.118188
0.005948,0.653041
0.000402,0.991822
0.003377,0.461703
2.6e-05,0.992431
0.000234,0.077158
0.003753,0.290814
1.5e-05,0.974537
0.224379,0.859544
0.549008,0.012346
0.029655,0.066963
0.088241,0.253306
0.000814,0.123624
0.888827,0.0091
0.996717,0.014704
0.006008,0.135263
0.006602,0.000998
3e-06,0.010831
0.996968,0.414829
0.006099,0.143043
0.936515,2e-06
0.010474,0.048055
0.003412,1.1e-05
0.275776,0.997581
0.019954,0.012109
0.038724,0.952161
0.00058,0.202649
0.903712,0.999675
0.996736,0.84004
0.001269,0.017011
0.000118,0.029703
0.0001,0.088226
0.020843,0.73659
0.344006,0.249152
1e-06,0.00599
0.000177,0.028413
5e-06,0.898062
0.034862,0.502441
6e-06,0.003561
6e-06,0.028319
0.488709,0.460553
0.000603,0.979674
0.610844,0.64844
0.373507,0.001119
0.000136,0.280543
0.027455,0.628719
0.002517,0.192522
0.011838,0.036981
0.693683,0.25428
0.001788,0.080192
0.000173,0.001272
0.004067,0.396544
4e-06,0.001184
0.007572,0.016415
0.000486,0.838431
0.004711,0.003303
0.004429,0.146883
0.0,0.041772
0.316244,0.537081
0.871736,0.627264
0.060454,0.069613
2e-06,0.00019
0.000603,0.183639
0.002907,0.962114
0.005651,0.013706
0.097653,0.930214
0.00012,0.110161
0.000201,0.008961
0.011685,0.008373
0.6407,0.648575
0.242685,0.784785
5e-05,0.009715
0.000311,0.237536
0.016144,0.283495
2e-06,0.006322
0.025335,0.862449
0.003903,0.061362
8.6e-05,0.010404
0.140035,0.851253
1e-06,0.533355
9e-06,0.032255
0.046021,0.292896
0.001235,0.002121
5.9e-05,0.133507
2.9e-05,0.296635
0.001656,0.247741
0.00075,0.746347
0.00236,0.067876
0.0,0.054461
0.016621,0.49241
3e-06,0.001721
0.019465,0.860812
0.002984,0.068138
0.006339,0.929405
0.048067,0.953307
0.613233,0.70667
0.000267,0.953028
0.000436,0.29772
0.024102,0.013972
5e-06,0.210781
0.00309,0.134213
0.0,0.933517
0.151945,0.217818
7.1e-05,0.558282
0.098617,0.374562
0.029459,0.19209
0.669733,0.074714
0.00493,0.016051
0.000507,0.000212
0.158969,0.076229
0.000206,0.020552
0.003787,0.003166
1.9e-05,0.019083
2e-06,0.002385
0.848569,0.986387
1.4e-05,0.962169
0.000933,0.940524
0.021531,0.00566
0.0,0.972729
0.768467,0.107229
0.000692,0.890772
0.0,0.027517
0.015841,0.01437
8.1e-05,0.375386
0.000347,0.015998
0.0,0.000968
9.6e-05,0.238533
0.0,3e-06
0.006867,0.003401
9e-06,0.000256
0.458875,0.197723
0.04379,0.029624
3e-06,0.08799
0.010938,0.00088
9.9e-05,0.000961
0.008736,0.000149
0.353922,0.002075
0.0,0.001122
0.977573,0.000567
0.000992,0.715625
0.031591,0.09479
0.001867,0.848612
1e-06,0.007029
0.000847,0.196729
0.708186,0.092514
0.000337,0.121295
0.862613,0.00858
0.992319,0.918029
0.963412,0.128536
0.747739,0.64672
0.805282,0.052274
0.169263,0.012972
0.005837,0.022994
0.000151,0.044035
0.0,0.417392
0.858105,0.001961
0.18063,0.026073
0.000968,0.655399
0.000365,0.032401
0.975577,9.9e-05
0.009203,0.613657
0.110672,0.06893
0.000638,0.714507
0.184917,0.020968
0.999983,0.128263
0.998228,0.364608
0.814816,0.380949
0.469421,0.991198
0.923502,0.937731
0.999823,0.928541
0.0,0.000685
0.841787,0.674175
0.008048,0.00473
0.089811,0.710541
0.000601,0.001442
0.00114,0.417354
0.016832,4e-06
0.890954,0.951602
0.005977,0.019272
0.055356,0.139941
0.00393,0.999872
0.023675,0.23803
0.004211,0.39074
0.001019,0.086878
0.898237,7e-06
1.4e-05,0.030325
0.001812,0.000627
0.231756,0.190496
1.3e-05,0.060603
0.010351,0.000589
0.0,0.994099
0.000438,0.823724
0.0,0.002025
0.964073,0.987479
1e-06,0.003379
0.986087,0.010966
0.001467,0.032217
0.874469,0.384474
0.007229,0.063495
0.566272,0.858106
0.813843,0.99658
0.035875,0.884435
0.221205,0.002136
0.028581,0.566638
0.0,0.006311
1e-05,0.40465
0.012251,0.097116
1e-05,0.000483
0.014271,0.993302
1e-06,0.000468
8.6e-05,0.011619
0.00591,0.03809
0.012441,0.644681
0.66834,0.761982
0.000989,0.057023
0.001286,0.510967
0.06137,0.247968
0.006731,0.123723
0.000707,0.078534
0.002965,0.475691
0.003606,0.017587
0.221635,0.073357
0.986803,0.408453
0.999816,0.0
7e-06,0.000515
2e-05,9.9e-05
0.000142,0.022074
0.001243,0.124752
6e-06,0.99808
0.005539,0.41032
9e-06,0.953819
6.4e-05,0.954195
0.153093,0.012492
8e-06,0.230725
8.3e-05,0.003274
0.157272,0.061443
0.031577,0.187914
0.029959,0.057768
0.000117,0.00403
0.350146,0.086499
0.000114,0.015213
8.7e-05,0.012242
0.013102,0.023643
0.004078,0.916867
0.118094,0.168659
0.719529,0.063686
0.804187,0.304469
0.267462,0.551561
0.986223,0.000418
9.1e-05,0.374629
0.011024,0.749526
0.000307,0.455738
0.001369,0.467537
1.2e-05,0.035545
0.129018,0.222421
0.47309,0.737493
0.043196,0.001549
0.0,0.0
2.6e-05,1.6e-05
0.005022,0.467392
3.2e-05,0.367392
0.001358,0.455505
0.538831,0.229118
0.902529,0.003964
0.026212,0.141421
0.988173,0.823399
0.017508,0.209925
0.030687,0.028984
0.021889,0.137563
0.000321,0.032843
2.6e-05,0.000406
6.7e-05,0.925531
0.002374,0.4579
0.009136,0.730875
5e-06,0.0022
0.77529,0.001734
0.007255,0.579653
0.94921,0.027996
0.177971,0.11335
0.000965,0.421557
0.00056,0.003953
0.049575,0.968257
0.001458,0.321744
0.010299,0.097421
0.0,0.032187
0.003162,0.026723
0.656445,0.897045
3.5e-05,1.4e-05
0.0002,0.145862
0.96519,0.011098
9e-06,0.986362
0.003132,0.040888
3e-06,0.209264
0.008892,0.004572
0.127503,0.992327
0.357606,0.98848
0.017697,0.004051
0.019328,0.056625
0.035919,0.999789
0.318706,0.002525
0.000101,0.069986
0.178076,0.822117
0.000281,0.020813
0.000552,0.362893
0.025689,1e-05
0.000748,0.152694
0.003738,0.020599
0.415698,0.450076
0.241651,0.026879
0.038491,0.840736
0.024347,0.049525
0.97187,0.985623
0.054797,0.029474
3.9e-05,0.010111
0.990224,0.79953
7e-06,0.005735
0.989108,0.043823
3.1e-05,0.001924
0.002736,0.001884
0.004519,0.010445
0.002773,0.000902
0.000151,0.010408
0.004263,0.037472
0.000146,0.01561
0.099139,0.36869
0.572339,0.008614
0.482403,0.984553
0.49432,0.794362
0.004793,0.183593
0.000131,0.114743
0.000648,0.000299
0.129833,0.126826
1e-06,0.347358
0.0,0.022606
0.000393,0.029537
0.558049,0.771064
0.180454,0.00085
0.001917,0.802063
0.001577,0.095804
0.000484,0.04501
9e-06,0.001624
0.0,0.000269
0.000725,0.039324
0.0,0.017817
5e-06,0.003994
0.062733,0.12457
0.613285,0.195069
0.003378,0.008101
0.985374,0.954972
0.000335,0.001459
0.910826,0.026406
0.015037,0.035886
2e-06,0.00261
6e-06,0.115719
0.000177,0.060951
0.291213,0.869379
0.000561,0.003594
5e-06,0.254801
0.00093,0.000132
0.001366,0.539238
0.631267,0.949201
5e-06,0.146654
0.008998,0.000547
9e-06,0.039967
0.0226,0.657361
0.0,0.868957
2.3e-05,0.180955
9.6e-05,0.686652
0.0,0.000207
0.000346,0.107779
0.17279,0.385599
0.001778,0.79798
0.0,0.005877
0.002821,0.018117
0.02939,0.665949
5.9e-05,0.027362
0.00325,0.005048
0.004752,0.008476
0.001132,0.053149
0.51889,0.396283
0.014752,0.139281
1.5e-05,1e-06
1e-06,0.001066
0.119711,0.000188
0.009339,0.059499
0.279811,0.007678
0.014618,0.731447
0.000275,0.002441
0.499805,0.767898
6e-05,0.239507
0.866164,0.999628
0.940261,0.760437
0.053642,0.381836
0.997245,8.1e-05
0.937769,0.001997
1e-06,6e-06
0.007422,0.000194
0.000533,2e-06
0.0,0.000703
3e-06,0.351674
0.435482,0.922145
0.000953,0.368046
0.147541,0.905197
8.9e-05,2e-06
0.965195,0.207586
0.020626,0.005945
0.003066,0.000638
0.0,0.007403
0.994026,0.939339
0.474564,0.483131
3.8e-05,0.118897
0.000253,0.171489
0.000313,0.000294
0.0,9.4e-05
9e-06,0.932568
0.233724,0.216809
0.013626,0.438672
0.237069,0.316838
0.043426,0.16737
0.477901,0.78379
0.009959,0.476893
0.000539,0.967289
0.972741,0.025534
0.00177,0.992038
0.000316,0.171265
0.001262,0.226155
0.903458,0.781932
0.998953,0.020934
0.290778,0.917776
0.00103,0.000384
0.018417,0.309907
1e-05,0.030118
0.000254,0.029003
0.944866,0.525071
9.5e-05,2e-06
0.0,0.000258
5e-06,0.002498
0.941727,0.72451
0.00015,0.861814
0.000541,0.997215
0.002254,0.999897
0.0,0.035428
0.001481,0.975504
0.392314,0.001649
0.000116,0.059196
1.7e-05,0.200642
0.414509,0.576008
0.12083,0.997018
0.00828,0.825342
0.000297,0.940564
0.001048,0.383524
0.003498,0.154231
0.002623,0.38604
9e-06,0.107692
0.000137,0.088314
0.152114,0.943033
0.048665,0.215614
3.8e-05,0.519033
0.000112,0.643011
0.000364,0.963976
0.15047,0.854148
0.0069,0.141999
2.9e-05,0.015167
0.996261,0.910079
0.730584,0.001703
0.644039,0.01514
0.159723,0.996241
0.004552,0.985559
0.957783,0.000417
0.999999,0.001968
0.509748,0.001043
0.999236,0.042413
0.004414,1.4e-05
0.0,0.015108
1.2e-05,0.000816
0.414144,0.572959
3.9e-05,0.973796
0.000163,0.122236
0.286213,0.000739
0.996992,0.002613
0.069103,0.024624
0.01278,0.25294
2.3e-05,0.594119
0.011029,0.174871
0.026154,0.124566
2.9e-05,0.001443
0.069161,0.228237
0.014815,0.037834
0.0,0.135531
1.6e-05,0.016978
0.000218,0.009995
7e-06,0.988361
0.000974,0.00052
0.011581,0.060539
2e-06,0.10034
0.000616,0.00024
6.3e-05,0.336929
0.007041,0.471094
0.0,3.2e-05
3.7e-05,0.803656
0.000122,0.481563
0.003408,0.988093
0.0,0.007724
0.000149,0.139602
0.097765,0.091099
0.921922,0.008967
0.244485,0.617085
0.002721,0.163321
0.872154,0.220944
0.841832,0.903302
0.425514,0.000151
0.002237,0.450026
4.1e-05,0.250467
0.002145,0.013838
0.249271,0.291968
3.1e-05,0.011794
0.002021,0.049243
3e-06,0.018265
0.002593,0.004164
0.000128,0.171985
2e-06,0.804987
1e-05,0.002205
0.010167,0.242234
0.090245,0.054386
0.137512,0.415416
0.935986,0.993381
0.125069,0.121532
0.01163,0.99827
0.999842,0.144709
0.000772,0.075158
0.019176,0.959238
0.00207,9e-06
1.3e-05,0.96581
0.001393,0.401196
0.74667,0.778496
1e-06,0.57036
1.4e-05,0.000735
0.002303,0.89911
0.001593,0.977523
0.0,0.003537
1.1e-05,0.000669
0.009456,0.978446
2.2e-05,0.411471
6.3e-05,0.026703
0.012131,0.230169
0.336459,0.2298
0.000134,0.29457
0.0,0.002411
0.008987,0.143226
0.000439,0.993884
0.023488,0.38193
0.004969,0.00981
5.6e-05,0.086741
0.0,0.001559
0.081321,0.411251
0.269791,0.248052
0.005348,0.003539
0.024609,0.023025
0.002424,0.652495
0.003475,0.492579
0.020449,0.005776
0.004402,0.988041
0.000835,0.001492
0.353871,0.99627
0.002745,0.063395
8e-06,0.707713
0.001498,0.74049
0.001596,0.571233
0.373754,0.167706
0.995959,0.965888
0.239971,0.606451
0.000217,0.187694
0.0032,3.5e-05
0.237926,0.004504
0.64081,0.515157
8e-06,0.469211
0.002597,0.017344
1.8e-05,0.007572
0.00162,0.004305
0.000142,0.075906
0.015487,0.008548
0.920316,0.785935
0.000188,0.55379
3e-06,0.098668
0.000381,0.08729
0.902721,0.121067
0.0,0.047523
0.823634,0.275711
0.942632,0.991729
0.00841,0.00011
0.001504,0.653172
0.006523,0.046555
1e-06,0.356049
0.617264,0.108814
0.999744,0.970648
0.0,0.132713
3.5e-05,0.233545
7e-06,0.769183
0.009782,0.999943
0.000345,0.74937
0.003591,0.803187
8.8e-05,0.700561
0.999702,0.127452
1e-06,0.856434
0.060789,0.906781
0.974424,0.09504
0.001835,0.195023
5e-05,0.978623
0.000242,0.341248
0.000233,0.021698
0.000439,0.133399
0.554821,0.000492
0.048953,0.26184
1.5e-05,0.00929
0.000177,0.026487
0.005056,0.059288
0.756752,0.141486
0.001029,0.002128
0.001086,0.009018
0.016154,0.304204
0.004597,0.915774
0.049308,0.269282
1.1e-05,0.002157
0.000286,0.359272
0.0,0.00012
2e-06,0.172521
0.004343,0.173261
0.622465,0.289105
0.000903,0.947453
0.0,0.08703
2.5e-05,0.059752
0.077773,0.032428
0.000174,0.008622
0.041174,0.235325
0.000749,0.006228
6.2e-05,0.058001
0.169086,0.525026
3.2e-05,0.001677
0.056788,0.048987
0.000395,0.005185
0.043129,0.028113
0.947619,0.996704
0.265996,0.012082
0.000223,0.011545
5.5e-05,0.078732
0.187351,5.5e-05
0.455144,0.052515
0.000163,0.00747
0.004887,0.022363
0.016659,0.068202
0.006966,0.046883
0.241704,0.495442
0.0,0.018309
0.000315,0.371674
0.174381,0.237733
2e-06,0.349558
0.507752,0.681653
0.239559,0.636321
0.150614,0.827172
0.000665,0.786667
1e-06,0.424927
0.429766,0.915635
0.005771,0.011985
0.0,0.136152
0.193275,0.529119
0.697236,0.00113
0.972716,0.140969
0.072209,0.060167
0.104967,0.14685
3e-06,2.1e-05
0.004951,0.079807
0.034803,0.989804
0.21822,0.083081
2.4e-05,0.17423
0.001637,0.590357
3.4e-05,0.002083
0.0,0.004587
0.010033,0.730717
0.000207,0.085341
0.003811,0.299732
0.000116,6.8e-05
0.775661,0.764779
0.000558,0.372642
1e-06,0.001216
1.5e-05,0.004784
0.804724,0.138041
0.037559,0.22924
0.000804,0.002778
0.248634,0.175608
0.002028,0.012016
5e-06,0.003528
0.584893,0.65171
0.002967,0.112331
0.642373,0.454976
4.6e-05,0.001796
0.283316,0.566332
0.000689,0.060836
4e-06,0.12943
1.1e-05,0.02889
0.183114,0.00057
0.004932,0.06707
0.360092,0.11573
0.062522,0.319166
0.209567,0.120322
0.421612,0.085394
0.012613,0.450007
0.0,0.008698
2e-06,0.000367
0.002034,0.01552
0.007934,0.000113
0.999024,0.000185
0.556286,0.239457
0.999898,0.002361
0.072841,0.511887
0.279074,0.568726
0.998677,0.743806
0.004065,0.999798
0.528705,0.002096
0.000175,0.124542
0.004235,0.388889
6e-05,0.101689
0.002372,0.069941
0.001277,0.861605
0.001526,0.352524
0.001441,0.15461
0.214658,3e-06
0.001928,0.0164
0.001016,0.065633
0.633171,0.22553
0.000653,0.982656
0.202913,0.778103
0.660757,0.897975
0.996284,0.822746
2e-06,0.05787
0.000371,0.104637
0.001791,0.08233
0.000354,0.382178
0.00229,0.074505
0.000287,0.422524
0.000339,0.973896
0.011446,0.030904
0.02192,0.026105
3.1e-05,0.002225
0.012673,0.946114
0.070488,0.93322
0.101083,0.513013
4.3e-05,0.77759
2e-06,0.97382
9e-06,0.276895
8e-06,0.30208
4.3e-05,0.007804
6.6e-05,0.998349
0.008141,0.98066
0.564123,0.986891
0.0,0.890165
0.00325,0.01753
0.000787,0.999787
0.000939,0.423559
0.0,0.033646
0.000336,0.235602
0.002266,0.058236
5e-06,0.004243
0.314882,0.020069
0.000579,0.063781
0.001199,0.735774
1e-06,0.000209
1.1e-05,0.990128
0.082874,0.614527
0.015322,0.161559
0.082745,0.20299
2.7e-05,0.009928
1e-06,0.00019
0.065789,0.001755
0.000338,0.040944
0.956506,0.370528
0.537973,0.420812
1e-06,0.010017
0.002652,0.00115
5e-06,0.00105
0.672739,0.218292
0.000106,0.001137
0.077387,3e-06
0.012674,0.136822
0.000758,0.072933
0.497161,0.005881
2e-05,0.050836
0.104201,0.620796
0.994589,0.042185
1e-06,0.055837
0.000243,0.461229
0.000742,0.022713
0.000101,6e-05
0.000205,0.831329
2.7e-05,0.010727
3e-06,9.7e-05
0.0,0.000114
0.0,0.000618
0.010231,0.813563
0.887825,0.095637
0.000722,0.211561
4.2e-05,0.160995
0.002307,0.057841
5e-06,0.000264
0.371236,0.111173
0.00014,0.031567
0.006392,0.362461
0.011805,0.068395
0.01169,0.113472
0.001874,0.952157
0.754326,0.876762
0.027297,0.435336
0.001634,0.551555
0.357849,0.07023
0.0,0.076379
0.379401,0.997141
0.411792,0.124144
0.082381,0.304205
0.155186,0.052327
0.809103,0.919672
0.001333,0.933217
0.002384,0.237601
0.015834,0.094884
0.0,0.000548
7e-06,0.253801
3e-05,0.035552
0.318075,0.072174
0.193015,0.026011
1e-06,0.276522
0.083901,0.201553
0.000484,0.010466
0.018908,0.014196
0.907522,0.003818
0.999986,0.000347
0.141832,0.038498
0.936196,0.00479
0.001751,0.162073
0.149564,4.6e-05
0.214296,0.017628
0.440209,0.008316
0.953211,0.048599
3.3e-05,0.005007
0.000727,0.071386
0.0,0.007513
0.010642,0.112063
1e-06,0.729761
1e-06,0.610948
4e-05,0.133958
0.0,0.802356
0.026834,0.012552
1e-06,0.024262
0.001987,0.000292
0.971613,0.00342
0.029779,0.196455
0.180223,0.000344
0.945212,0.960266
0.004989,0.9245
0.323685,0.00064
0.0,0.21705
0.128137,0.706137
0.0,2.7e-05
0.053235,0.841319
0.964503,0.241496
0.371133,0.026308
0.03132,0.400723
0.170071,0.97356
0.062074,0.857197
0.000808,0.026909
0.000218,0.39627
6e-06,0.125631
0.102142,0.079777
0.006875,0.015445
2.8e-05,0.125298
0.037233,0.141923
1e-06,0.008924
0.940726,0.988084
0.000609,0.235423
1.7e-05,0.921423
4e-06,0.032811
0.014297,0.139165
6e-06,0.102193
1.6e-05,0.000273
0.002308,0.862764
2e-06,0.004135
2e-06,0.008127
0.0,0.01171
0.000155,0.02289
0.009327,0.02581
0.020129,0.003414
0.374719,0.148079
0.121545,0.047443
0.110954,0.065186
0.936187,0.999398
0.000311,0.003136
0.989191,0.000663
2.5e-05,0.00725
0.655681,0.287166
0.237103,0.165179
0.0,0.0
1.3e-05,0.000287
0.985951,0.99098
0.099583,0.001424
0.010349,0.833575
0.029571,0.000502
0.514522,0.714547
0.011243,0.036911
0.522016,0.012831
0.000191,0.268129
3.1e-05,0.113549
0.000424,0.234468
6e-06,0.013154
0.004434,0.042324
0.000517,0.101109
0.009195,0.120252
0.902582,0.969547
0.014514,0.119927
0.000189,0.020381
0.048895,0.036169
0.342836,0.12242
0.000254,0.065389
0.033057,0.003653
0.000184,0.284708
0.598814,0.46967
0.061094,0.001975
0.264541,0.008678
0.027374,0.779954
0.23438,0.141393
0.374051,0.873202
0.011752,0.014047
0.368377,0.913124
0.0,0.094439
0.003763,0.035897
0.001639,0.042534
0.002655,0.830357
5.5e-05,0.999695
0.001136,7e-06
0.000522,0.005019
0.16851,3.1e-05
0.020552,0.189954
0.939897,0.000994
0.998806,1.2e-05
0.000108,0.016105
5.9e-05,0.075084
9.7e-05,0.655917
1.8e-05,0.13054
0.000704,0.49635
0.000172,0.099823
0.001587,0.06417
0.000113,0.155218
2.6e-05,0.012833
0.0,0.000269
0.001979,0.102974
0.000378,0.040418
0.250091,0.000558
0.0,0.000407
0.973062,0.532833
0.697047,0.978713
0.658779,0.042635
9e-06,0.00302
0.002573,0.237764
0.000883,0.621429
0.000381,0.001189
0.009835,0.728105
0.991111,0.956398
4.9e-05,2.6e-05
0.034789,0.787386
0.001065,0.044612
0.0,0.007219
0.939637,0.004026
0.00215,0.006389
0.98685,0.460553
0.000401,0.086803
0.664354,0.861411
0.005496,0.012597
1.1e-05,0.053799
0.000516,0.030068
0.010241,0.944842
0.00066,0.534898
0.988726,0.010758
0.000291,0.00715
0.0,0.945913
2.9e-05,0.86499
0.473429,0.000391
0.008714,0.104641
0.011912,0.729954
8e-06,0.149254
0.031974,0.061517
0.000424,0.921142
0.021467,0.020846
0.000323,7.5e-05
0.0,0.000318
0.001066,0.111184
0.023602,0.16449
0.006666,0.04525
0.714829,0.001887
0.11383,0.611036
0.053069,0.068074
0.000257,0.000662
0.45664,0.593158
0.001341,0.002082
0.019728,0.014814
0.002288,0.148812
4e-06,0.56541
0.037462,0.003155
1e-06,0.330162
6.3e-05,0.008182
0.092587,0.047987
0.000726,0.076814
0.0,0.001186
0.046129,0.160452
7e-06,0.023446
1e-06,0.084074
0.022154,0.007364
0.005162,0.681371
0.000685,0.012193
0.863895,0.02549
0.090951,0.452925
0.95576,0.674478
0.028407,0.197661
2.2e-05,0.04093
0.153679,0.000616
0.002939,0.000598
0.908263,1.4e-05
0.732422,0.000232
0.016455,0.998301
0.017555,0.493494
0.000623,0.226962
0.122027,0.654837
5.8e-05,0.206947
0.527982,0.994133
9.7e-05,0.095043
0.000322,0.998313
0.085034,0.047519
0.001956,0.395069
0.000302,0.956883
0.61391,0.966706
0.982729,0.001819
0.000483,0.001622
0.377733,0.005218
0.003745,0.109315
0.281208,0.530767
0.00747,0.009889
1e-06,0.002723
0.976809,0.080315
0.01396,0.141879
0.00016,0.975185
0.0,0.0
0.001827,0.861052
0.223663,0.288962
0.0,8.8e-05
0.000888,0.002595
0.246084,8.1e-05
0.005674,0.022273
0.302197,0.135592
0.177037,0.871553
2.3e-05,0.006096
0.000244,0.005886
0.000899,0.881147
0.00479,6.7e-05
0.000591,0.030745
0.176141,0.130014
0.025565,0.041575
0.606096,0.922587
0.226106,0.046407
0.009895,0.16678
0.17933,0.016884
0.937662,0.000576
0.008789,0.840476
0.000401,0.004498
0.000257,0.004033
0.121428,0.012153
0.000603,0.899887
0.001373,0.561399
0.001149,0.972114
1e-05,0.988299
2e-06,0.113689
0.012099,0.004024
0.010546,0.198299
0.032864,0.07523
0.000669,0.992415
6.3e-05,0.033287
0.018052,0.395173
0.05673,0.4092
0.0,0.582719
0.005891,0.012817
0.000505,0.011834
0.107038,0.024436
0.119805,0.030209
9.6e-05,0.899794
0.0,0.002476
0.001539,0.352657
7.2e-05,0.010244
4.1e-05,0.266578
0.811351,0.001075
0.249303,0.000138
0.000513,0.000275
0.267024,0.988758
0.387273,0.229025
0.022109,0.783016
0.931955,0.005617
0.003866,0.095915
0.006769,0.508
0.002751,0.412171
9.8e-05,0.001919
0.007196,0.0035
0.000104,0.000423
0.045935,0.300744
8e-06,0.003894
0.445448,0.809026
0.001163,0.014982
0.578386,0.236778
0.003138,0.201853
2e-06,0.040677
1.7e-05,0.000713
1.3e-05,0.004531
2.3e-05,0.03477
1e-06,0.449394
0.0,0.923404
0.000681,0.031053
0.000122,0.001589
0.998669,0.992426
0.005516,0.817495
0.141787,0.994788
0.052206,0.996381
0.486725,0.110936
0.009698,0.786736
0.978938,0.003126
0.369961,0.237159
0.114393,0.193954
0.049124,0.362289
0.000237,0.000797
1e-06,0.000397
0.005172,0.004917
0.741294,0.626587
0.214473,0.817343
0.384183,0.078648
0.936991,2.4e-05
0.000635,0.083019
0.001294,0.036865
0.002976,0.709093
0.006304,0.029181
0.092775,0.061294
0.000137,5e-06
0.0,0.003435
0.0,0.000165
2e-05,0.001223
0.08789,0.110694
0.666095,0.041265
0.042212,0.999767
0.0,0.188174
1e-06,0.010823
2.2e-05,0.265228
0.736653,0.081896
0.027572,0.502648
0.000196,0.755752
0.006613,0.999516
5.6e-05,0.132723
9.7e-05,0.631049
0.211402,0.992971
0.000863,0.457485
0.009218,0.915182
0.0,0.0
0.001435,0.320716
0.190894,0.652241
0.000181,0.016445
3e-06,1e-06
0.016241,0.554958
0.089254,0.997495
0.999291,0.001321
0.00195,0.002389
0.000173,0.242126
0.970039,0.017367
0.976538,0.000154
2.8e-05,0.000199
0.999839,0.093028
0.99793,0.000302
0.024541,0.058484
1.1e-05,0.996817
0.501749,0.008577
0.981333,0.020185
5.7e-05,0.182234
0.0,0.020003
0.003337,0.291994
0.100865,0.608422
1e-06,3.2e-05
0.383369,0.902152
0.010982,0.07583
8e-06,0.046875
0.000274,0.225983
9e-06,0.453114
0.005903,0.035598
0.977176,0.975818
0.122905,0.165508
0.000124,0.083437
7.6e-05,0.935378
1.4e-05,0.001396
0.045714,0.279011
0.001761,0.01572
0.922262,0.823894
0.002371,0.604122
0.113143,0.994244
0.176998,0.255332
0.0,8.5e-05
0.108942,0.114504
0.970113,0.000759
0.001943,0.000612
1e-06,0.625668
0.276425,0.190444
0.041706,0.039506
0.898865,0.036611
0.712015,0.019271
0.006609,0.005391
0.98588,0.912622
0.003871,0.125335
0.950343,0.010161
0.000492,0.591664
1e-05,1.8e-05
0.24404,0.455016
0.436974,0.986677
0.005487,0.745848
0.830908,0.229306
0.003083,0.224452
0.082133,0.218634
0.003341,0.961999
0.037073,0.796962
0.001415,0.889691
0.000328,0.100628
0.002653,0.888568
0.830472,1e-06
0.045416,0.939358
6e-06,5e-06
0.00021,0.125976
0.0,0.168489
0.000222,0.002924
0.999812,0.932234
0.00011,0.000122
0.01088,0.102565
0.003402,0.284964
0.000302,0.867956
1e-06,0.000223
1.4e-05,0.053926
0.928756,0.003521
0.098748,0.129789
0.023699,0.140529
0.001002,0.837271
0.0,0.301796
0.0,1.7e-05
0.00019,0.065455
0.387531,0.007791
0.158659,0.118164
0.437858,0.825284
0.077671,0.994551
0.56975,0.298405
0.308593,0.279734
0.619099,0.428615
0.000251,0.189085
3.8e-05,0.891073
0.0,0.999571
0.008787,0.693986
0.000718,0.012852
0.006662,0.043796
0.003551,0.004034
2e-06,4.1e-05
0.307238,0.984804
0.95261,0.79032
0.0,0.008351
0.998132,0.010542
9.2e-05,0.747934
0.000149,0.10667
0.003315,0.379781
0.002872,0.938183
0.407792,0.723245
0.010081,0.024949
0.014274,0.988396
0.528951,0.48294
0.000441,0.031798
0.002601,0.178092
0.001196,0.017141
5.3e-05,0.798189
0.000721,0.029544
0.255928,0.968045
0.071068,0.412495
0.001694,0.021284
0.127396,0.229813
0.00194,0.091459
0.038867,0.552446
1e-06,0.014942
0.126154,0.723976
0.000714,0.154241
6.4e-05,0.004582
0.001134,0.01208
0.000139,0.272206
1e-06,0.054821
0.136693,0.880816
0.016917,0.0049
0.000198,0.044908
0.0,0.00688
0.093772,0.278338
0.001433,0.271438
0.147748,0.826945
0.001467,0.001355
0.001784,0.319034
0.061657,0.009449
0.708111,0.037305
0.989851,0.000214
1e-05,0.001134
0.000901,0.010726
0.0,6.1e-05
0.004286,0.068604
0.0,0.0028
0.002754,0.007274
0.297723,0.049908
0.999679,0.994128
0.002923,0.857412
0.999183,0.999214
0.000759,0.196356
0.999773,0.99445
0.000208,0.016651
0.042104,0.003114
0.008606,0.073932
0.949983,0.585389
0.117025,0.990204
0.000383,0.281465
0.868468,0.696262
6.1e-05,0.636476
0.000217,0.961995
0.000279,0.070732
0.000452,0.996469
0.0,0.00264
0.958163,0.701524
4.2e-05,0.014717
0.005748,0.05903
9.7e-05,0.132138
0.136145,0.058549
0.978446,0.008252
0.004036,0.015701
0.711811,0.434172
0.658988,0.923643
8e-06,0.181034
3e-06,0.712002
0.006735,0.888781
0.001335,0.085404
0.0,0.008596
0.001946,0.678891
0.000552,0.238035
0.446831,0.982178
0.040283,0.045655
0.002963,0.344764
0.001399,0.999336
0.010618,0.984129
0.755584,0.514508
0.000123,0.044458
0.041035,0.952178
0.000206,0.513778
0.19343,0.99594
0.00331,0.038777
0.171463,0.873138
0.000181,0.033696
0.075242,0.656519
1.6e-05,0.002676
0.001791,0.034064
0.008591,0.38848
0.092528,0.619921
0.000488,0.003912
0.615676,0.990746
0.000162,0.034352
2.4e-05,0.003856
5.3e-05,0.013198
0.002692,0.027246
0.000241,0.079299
4.4e-05,7e-06
3.8e-05,0.003025
1.6e-05,1.6e-05
0.005553,0.953489
0.583567,0.268622
0.0,0.18956
1.5e-05,0.014228
1.6e-05,0.459694
0.001147,0.160792
0.000112,0.038113
0.01004,0.006009
0.033804,0.044909
0.000106,0.287846
0.82933,0.99367
0.0,0.003137
3e-06,0.136441
0.001059,0.10548
0.344505,0.000775
3.7e-05,0.067952
0.031414,0.0
0.009452,0.015451
8e-06,0.986822
0.991895,0.40788
0.00052,0.434812
0.272768,0.975049
0.114318,0.908896
0.008107,0.995898
0.000305,0.006095
0.297545,0.636588
0.000137,0.140845
0.000856,0.419693
1e-06,1.8e-05
0.0,0.000745
0.98931,0.229249
0.999876,0.313698
0.408094,0.858604
5e-06,0.008135
1.1e-05,0.999772
0.001065,0.929762
0.000318,0.0105
2e-06,0.002168
5e-05,0.000204
0.021605,0.988936
0.005883,0.067872
0.301186,1e-06
0.000587,0.128197
0.003951,0.142954
0.000143,0.294657
0.004034,0.13974
0.001575,0.081738
0.000712,0.025966
0.007616,0.143881
0.00188,0.264274
0.34814,0.055562
0.676212,0.154606
0.0,0.002471
2e-06,0.000957
0.03332,0.262038
0.016124,0.062646
4e-05,0.999691
0.000294,0.404973
0.090265,0.967298
0.976498,0.987879
0.0,2e-06
0.869531,0.788754
3e-06,0.000437
2e-06,2e-06
2.4e-05,5.1e-05
4e-05,0.213465
0.640042,0.002504
0.643081,0.894555
0.143625,0.085083
0.0,0.002351
0.999249,4.9e-05
0.002104,0.058374
1.5e-05,0.538697
0.096891,0.999942
0.000689,0.000625
0.445163,0.505303
3.9e-05,0.131546
4e-06,0.001286
0.967147,0.434478
0.145891,0.025937
0.49672,0.008174
0.261942,0.194986
0.766514,0.166991
0.003367,0.068996
2.9e-05,0.009916
8.4e-05,0.058437
1e-05,0.002852
0.065605,0.999648
0.027835,0.000624
0.244874,0.91457
1e-05,0.493401
1e-06,0.014633
0.005893,0.002169
0.0,2e-06
0.000757,0.011771
0.0,0.001368
0.059968,0.00591
4e-06,0.085089
0.000981,0.150525
0.033007,0.811466
0.008725,0.999377
0.000695,0.012149
1e-06,0.000222
0.098871,0.98015
0.004599,0.784083
4.4e-05,0.02319
0.000139,0.00402
6.5e-05,7.3e-05
0.000425,0.830185
1.2e-05,0.025568
0.435875,0.99998
0.008444,0.907099
0.000426,0.861155
0.058097,0.163523
0.001427,0.934102
1e-06,0.027858
0.034974,0.979412
0.0,0.018136
0.050713,0.485024
0.000245,0.167092
0.061845,0.524722
0.003856,0.046647
0.806167,0.974211
2.7e-05,0.102936
0.872877,0.102254
0.443099,0.000743
0.016125,0.005492
0.178755,0.030678
0.001453,0.625233
0.00133,0.399333
0.001075,0.008498
2.5e-05,0.155355
0.777647,0.002876
8e-06,0.000409
0.030355,0.767736
0.443377,0.578082
0.958221,0.447034
0.000624,0.280452
0.321928,0.732097
0.040713,0.045378
0.001057,0.707346
0.012479,0.99262
0.002888,0.231848
0.026999,0.615138
0.081086,0.053726
0.00466,0.220687
0.467617,0.11854
0.010368,0.017817
0.940463,0.017367
0.064395,0.212436
0.002627,0.012364
0.644841,8e-06
0.750768,0.003145
0.829337,0.000915
0.90408,5e-06
0.015812,0.196449
0.003466,6.4e-05
2.9e-05,0.070636
0.013064,0.726364
0.001903,0.513292
0.021644,0.191196
0.076977,0.999966
0.323778,0.000563
1.6e-05,0.004779
0.000198,0.084247
0.999148,0.999986
0.101896,0.003768
7e-06,0.99949
5e-06,0.297642
0.951301,0.007797
0.023001,0.762903
6e-06,0.072463
0.0,0.014187
1e-06,1e-05
0.003624,0.109494
0.002256,0.16035
0.0,0.020613
4e-06,0.014787
0.001042,0.968575
0.002812,0.165618
0.801602,0.990805
0.003526,0.197806
5.2e-05,0.568317
0.0,0.936927
0.003347,0.470411
0.089627,0.628706
0.193049,0.012887
0.019704,0.768208
0.000915,0.027901
0.00029,0.000181
0.863634,0.288395
0.001549,0.903394
0.000513,0.012799
0.35683,0.268867
1e-06,0.0
9.7e-05,0.19689
0.098449,0.995435
0.000111,0.047935
0.539746,0.879591
0.046255,0.999907
0.009636,0.341035
0.650914,0.013307
0.007558,0.282988
2e-06,0.000514
0.003097,0.036365
0.000192,0.093815
0.997931,0.144149
4.1e-05,0.0168
0.281922,0.003789
0.002032,0.97862
0.988682,0.002224
0.000137,0.058854
0.14798,0.413745
3.7e-05,0.948353
0.005617,0.998077
0.053427,0.018299
0.231166,0.224745
0.170235,0.005991
0.0,0.000407
0.140186,0.018048
0.008511,0.094103
0.002739,0.783421
0.001185,0.063669
0.280406,0.01117
0.003365,0.00074
0.00247,0.006307
0.041561,0.362288
0.001139,0.489071
0.003166,0.00496
0.65195,0.00284
0.018998,0.246449
0.001334,0.391095
2.5e-05,0.322846
0.532565,0.178816
0.900236,0.708942
0.47979,0.991066
0.039069,0.881616
0.008756,0.027532
0.407003,0.998484
1e-06,0.006051
0.033425,0.116576
0.000168,0.65777
0.113325,0.875376
5.5e-05,0.001475
0.001836,0.679764
0.002851,0.040054
0.000319,0.149859
0.028097,0.108515
0.004928,0.942176
0.010646,0.07233
0.664984,0.122202
0.0,0.802605
0.89917,0.024167
0.570679,0.701566
0.00612,0.337367
2e-06,0.075456
7.5e-05,0.403805
0.000113,0.006887
0.059172,0.018981
0.0,0.061805
0.019133,0.319063
0.005512,0.363325
0.001062,0.500149
0.167722,0.004358
0.111132,0.000602
0.000637,0.012211
1e-05,0.000163
0.000151,0.007911
0.279138,0.378763
0.047579,0.213544
3e-06,0.007352
2e-06,0.012282
1e-06,0.022633
0.127016,0.012885
0.007687,0.224008
0.639638,0.901183
5e-06,0.005592
0.002571,0.165372
0.001069,0.016887
0.116633,0.904625
0.371959,0.033014
0.000205,0.164526
0.055436,0.067289
1e-05,4.5e-05
2e-06,0.13364
0.015707,0.96934
0.001239,0.100311
3e-06,0.094852
0.000109,0.002158
0.0,0.912721
7.2e-05,0.022587
0.063772,0.503802
5.6e-05,0.043762
0.016114,0.020914
0.99035,0.281863
0.000147,0.020673
0.0,2.8e-05
0.392284,0.026331
0.893155,0.976791
0.008978,0.866408
0.008109,0.025913
1e-06,0.001782
0.398673,0.456189
0.002101,0.014905
0.916076,0.037939
0.0,0.959394
0.028463,0.245238
0.00177,0.080933
0.014955,0.006419
0.991409,0.005232
0.153425,0.722837
3.1e-05,0.530202
0.099213,0.780913
0.02096,0.002487
0.646119,0.193322
0.0,0.027289
0.009539,0.924925
0.003468,0.000709
0.009441,0.001559
1.1e-05,0.009137
0.099494,0.002071
0.000903,0.04578
0.429064,0.982769
0.184859,0.102725
0.014566,0.798141
0.0,0.00016
3.3e-05,0.120585
0.000594,0.581383
0.0,0.009837
2.9e-05,0.001394
0.0,0.000125
0.859005,0.503427
0.003788,0.884377
0.000235,0.591868
0.017637,0.013308
0.000587,0.713229
0.187039,0.982281
0.016002,0.739437
1.3e-05,0.008232
0.049123,0.006497
0.000152,0.686625
0.149558,0.916032
0.000312,0.999694
0.956463,0.045196
0.08188,0.477422
0.23671,0.025283
0.009087,0.036816
0.819108,0.021422
0.000298,0.015928
0.000957,0.003678
0.001105,0.02897
0.096248,0.093821
0.00135,0.014469
7.1e-05,0.000363
0.500244,0.065389
0.000364,0.002434
1.4e-05,0.021894
0.000205,0.018834
0.671918,0.003351
0.000235,3.7e-05
0.407873,0.870374
0.252743,0.887796
0.0,0.000718
0.996532,0.961098
0.831817,0.091196
0.072317,0.104189
0.000923,0.349508
0.000631,0.463442
1e-05,0.011885
0.000544,0.871825
0.812149,0.004546
0.005468,0.293339
1.5e-05,0.001556
0.63289,0.000187
0.404101,0.000946
0.094771,0.016587
0.000645,0.144343
0.150762,0.676142
0.013024,0.057639
0.936881,0.839879
0.999489,0.640321
0.882092,0.364172
0.002997,0.61711
0.000455,0.969167
0.378582,0.167246
0.000374,0.572378
0.129238,0.224136
9.2e-05,0.555177
0.000907,0.326864
0.803654,0.208654
0.000418,0.162656
6.9e-05,0.008286
0.000688,0.396257
0.033054,0.006788
0.758382,0.225355
0.000503,0.064098
0.000299,0.001042
0.125257,0.000799
0.127547,0.000688
0.064841,0.145228
9.1e-05,0.006275
0.000259,0.00701
0.000312,0.021372
3.7e-05,0.008459
0.0,0.572357
0.001697,0.037423
0.631479,0.880882
0.008855,0.015462
0.000129,0.374164
0.000481,0.015639
0.046342,0.274819
0.138158,0.003212
0.026311,0.461697
0.000624,0.940459
0.000492,0.000627
1.1e-05,0.013226
0.999982,0.845956
0.000206,0.232377
0.020845,0.059018
0.0,0.992315
0.002029,0.966181
3.6e-05,0.029336
0.035102,0.102256
2e-06,0.003936
0.003129,0.681611
1.7e-05,0.051795
0.120009,0.468615
4e-06,0.383285
0.990865,3.6e-05
0.463506,0.545989
0.008849,0.849653
2.7e-05,0.322855
0.052268,0.005517
0.969011,0.753646
0.242797,0.134181
0.000522,0.250446
0.070765,0.143655
0.022995,0.282528
0.089917,0.011161
0.90029,0.492609
7.5e-05,0.031656
0.007475,0.021449
0.000106,0.095596
0.000307,0.068432
3.1e-05,0.11874
0.000917,0.903188
0.001669,0.309245
0.012161,0.185363
0.192993,0.416399
8e-06,0.019405
0.190815,0.002167
0.996824,0.306245
0.502817,0.521972
0.0,0.004535
0.000127,0.049589
0.00365,0.421698
4e-06,0.003169
0.0,0.040716
0.183348,0.02745
8.6e-05,0.17739
0.00446,0.669848
5e-06,0.073099
5.4e-05,0.029678
0.004606,0.010146
0.012566,0.002312
5e-06,0.00247
0.003483,0.174592
0.180966,0.002538
0.009214,0.588319
1e-06,0.027991
0.000552,0.762335
0.640941,0.367061
0.98499,0.003058
0.014906,0.765755
0.999883,0.994271
0.19579,0.004937
0.781692,0.039405
0.213206,0.010824
0.032959,0.001295
0.495227,0.804803
0.001975,0.033406
0.02399,0.006432
1.1e-05,0.14624
1.6e-05,0.067256
0.0,0.021384
0.001256,0.324621
2e-05,0.000366
0.0,0.158894
0.0,0.026773
0.763016,0.254911
0.000223,0.929188
2e-06,0.045553
2e-06,0.212423
0.08636,0.021905
0.096641,0.438889
5.8e-05,0.020593
9e-05,0.077311
0.99647,0.000498
8e-06,7e-06
0.00031,0.343366
0.080254,0.271952
0.001501,0.989649
0.221972,0.913968
6.2e-05,0.91317
0.0006,0.002281
0.000138,0.011574
0.025812,0.301116
0.050751,0.993362
1.6e-05,0.502557
0.149281,0.96158
8.9e-05,0.647987
0.894982,0.070817
0.024304,0.897262
0.002199,0.35641
0.000179,0.671556
0.685125,0.964517
2e-06,0.725083
0.003004,0.000178
0.023688,0.561115
0.999378,0.990306
0.218218,0.010969
0.00718,0.000214
0.018413,0.033181
4.5e-05,0.018115
3e-06,0.003161
0.998085,0.086029
0.116128,0.023319
0.048596,0.008408
0.250281,0.379725
0.207505,0.999722
0.0005,0.010005
5e-05,0.875672
0.973566,0.972943
9.3e-05,0.087838
0.850092,0.786801
0.007579,0.040646
0.0,0.001698
0.001236,0.003504
2e-06,0.037792
0.936358,0.883034
0.000169,0.006488
0.105276,0.921325
0.962924,0.023382
8.2e-05,4.7e-05
0.973424,0.547129
0.051066,0.976795
0.000365,0.045341
4.1e-05,0.974321
0.0,0.000903
1e-06,0.007412
0.956981,0.860185
0.0,0.000598
1e-06,0.937853
0.938822,0.003065
0.769632,0.223854
0.00025,0.045359
0.143272,0.071442
0.000521,0.014119
0.000181,0.080548
0.928598,0.947029
0.002347,0.359581
0.002622,0.00137
0.000733,0.140372
0.000336,0.007468
0.942032,0.03064
0.02144,0.245119
0.000725,0.043693
0.004775,0.008759
0.003892,0.069069
0.002662,0.994521
0.001436,0.331309
0.000232,0.898539
1e-06,0.904464
0.00091,0.64473
0.000455,0.001587
0.973873,0.96913
0.819988,0.003667
0.0,1e-06
0.009509,0.382609
0.001001,0.645642
2e-06,0.010544
6.1e-05,0.004141
0.008114,0.19069
0.138108,0.005917
4e-06,0.135369
0.000503,0.017048
0.00242,0.93683
8e-06,0.126223
0.555303,0.228363
2.1e-05,0.471705
0.944204,0.005085
0.024738,0.783691
9e-06,0.432897
0.002607,0.043852
0.005945,0.010262
0.00044,0.798998
0.000991,0.053711
2.8e-05,0.031894
4e-05,0.06682
0.002321,0.22362
1.9e-05,0.648587
3e-06,0.429048
5.8e-05,0.000737
0.001861,0.363893
0.944034,0.097462
3e-05,0.900264
0.000984,0.446991
0.626462,0.748135
0.063945,0.645387
1e-06,0.999859
0.001912,0.998197
0.0,0.000667
0.743305,0.007079
0.002068,0.024549
0.000108,0.201976
0.000129,0.011813
0.006628,0.001992
0.003549,0.596286
0.000645,0.038336
0.001511,0.003287
0.946045,0.000172
0.103373,0.046775
0.0,0.000509
9.4e-05,0.833363
3e-06,0.00138
0.006462,0.036547
0.028679,0.999879
5e-06,0.357707
0.010539,0.994181
0.054395,0.118428
0.003825,0.123296
1.1e-05,0.116634
0.019977,0.039822
0.042377,0.17932
9e-06,0.166833
0.029828,0.217161
0.000209,0.001776
0.611733,0.998718
1.9e-05,0.286398
4.4e-05,0.185943
0.000675,0.001034
2e-06,0.721901
0.029749,0.14638
0.000166,0.000101
0.005563,0.039951
3.1e-05,0.092241
0.054905,0.142513
0.198609,0.011575
0.001039,0.579039
0.000323,0.556767
0.0,6.5e-05
0.00238,0.664664
0.013773,9.4e-05
0.024066,0.939926
0.957498,0.878817
1e-06,0.027657
0.128204,0.997833
0.007323,0.856892
0.000446,0.013637
3e-06,0.16618
1e-06,0.00032
0.282753,0.209892
2e-06,0.092125
0.351535,0.00139
0.04038,0.508643
0.178714,0.122573
0.001714,0.013173
0.114189,0.002295
0.0,1e-06
0.0,0.000746
0.076248,0.860678
0.000316,0.533991
2.3e-05,0.093859
1e-06,0.000915
0.000235,0.032119
0.000269,0.005228
5.5e-05,1e-06
5e-06,0.734132
0.502667,0.992925
0.005112,0.264644
0.000629,0.690881
0.058924,0.997124
3e-06,0.004147
1.7e-05,0.030284
0.021062,0.99455
0.0,0.753497
9e-06,0.999411
0.77734,0.930701
4e-06,0.351544
8.1e-05,0.057961
1e-06,0.002824
6.1e-05,0.302608
0.0,0.318612
0.0,0.003473
1e-06,0.000166
0.995866,0.004825
1.2e-05,0.005929
0.744513,0.021629
1.3e-05,0.806691
0.000135,0.170483
0.466067,0.388814
1e-06,0.00258
0.000264,0.145318
0.000336,0.036067
0.466722,0.273129
0.00691,0.236042
1e-06,0.000117
0.000124,0.09525
0.004817,0.035318
0.000883,0.781573
6e-06,0.00189
0.653523,0.536676
0.0,0.000172
0.000926,0.011008
0.99858,0.724708
0.647062,0.00057
0.056997,0.401187
0.016232,0.99666
0.001581,0.051582
4.5e-05,0.235714
1.5e-05,0.948639
0.031705,0.949582
0.002928,0.215724
0.016184,0.664936
3.5e-05,0.019817
0.001366,0.003638
0.001187,0.015216
0.000338,0.003111
3e-06,0.003314
0.555427,0.988198
0.000332,0.095507
0.003665,0.661565
0.011887,0.645474
0.004734,0.915257
0.003665,0.072159
0.299712,0.10365
0.020474,0.016468
0.026968,0.142874
0.000632,0.009819
0.000903,0.00621
0.000184,0.171081
0.60944,0.999952
0.012227,0.056375
0.000537,0.329682
5.5e-05,0.037737
0.004083,0.008477
0.771232,0.899999
7e-05,0.491521
8e-06,0.598402
0.002952,0.490993
0.0,0.004523
0.081789,0.03076
0.101878,0.86592
0.999424,0.996414
0.002554,0.995099
0.000151,0.992316
0.014686,0.832916
0.890963,0.99665
8.7e-05,0.999188
0.0,0.011471
8.4e-05,0.025099
1.2e-05,0.000338
0.999403,0.942529
0.0,0.014812
0.014192,0.008328
0.026993,0.042813
0.000583,0.310997
5e-06,0.009968
0.000687,0.004915
0.013744,0.045513
0.989283,0.00067
0.000174,0.010511
0.000759,0.063648
0.006966,0.00073
0.001487,0.005726
1e-05,0.004028
0.000447,0.625445
0.000139,0.015163
0.006999,0.361093
0.013017,0.982498
0.343447,0.063871
0.941337,0.070024
0.818064,0.464697
0.000178,0.007833
0.0,3e-05
3.4e-05,0.001484
0.539002,0.206467
0.084913,0.298084
0.98725,0.008219
7e-06,0.000197
0.001469,0.617955
0.016641,0.004231
0.0,0.000103
0.0,0.638159
0.221947,0.000224
0.142789,0.99016
0.0,0.41549
0.000811,0.011535
3.8e-05,0.036948
0.003548,0.021318
0.152179,0.734243
0.845672,2.7e-05
0.002223,0.556084
0.136893,0.997714
0.100526,0.46349
0.07211,0.150469
0.00415,0.236743
0.851109,0.227925
0.000995,0.005421
0.014893,0.79538
0.000256,0.045241
4e-06,0.93203
3e-06,2.8e-05
8e-06,0.714575
1e-06,0.000107
0.026545,0.029034
0.0,5e-06
0.233615,0.024342
0.003507,0.000562
0.221899,0.119943
0.001208,0.726517
0.00203,0.022855
1.9e-05,0.018825
0.0,0.000289
0.000391,0.895862
4e-05,0.012786
6.6e-05,0.031051
0.021472,0.450757
0.349071,0.332353
0.021642,0.040454
5e-06,0.01727
0.000174,0.003532
0.005441,0.491457
0.687554,0.98865
0.000132,0.00013
0.002095,0.364078
0.001335,0.066293
0.525006,0.88138
1.4e-05,0.28979
1e-06,0.002624
0.037724,0.972324
6e-06,0.627047
0.000684,0.031387
0.916631,0.480852
0.936598,0.128928
0.998825,0.040355
0.020682,0.237006
0.006247,0.071136
0.054009,0.017081
0.264718,0.99972
0.78299,0.931502
0.000577,0.999754
0.001969,0.01287
0.009808,0.170594
0.036041,0.26078
0.009401,0.91796
0.011524,0.064758
0.126365,0.155996
1e-05,0.002012
0.003727,0.953084
0.007876,0.265509
0.006716,0.03306
0.999542,0.26964
0.304128,0.176562
0.0,0.094477
0.99388,0.93424
0.002994,0.010591
0.000377,0.043348
0.000694,0.007942
2.5e-05,0.001128
2.1e-05,0.002894
0.000165,0.280083
1.5e-05,0.108573
0.003014,0.062214
0.002442,0.006085
0.029458,0.044279
0.002467,0.030927
0.000997,0.119963
5e-06,0.05087
0.0,0.042938
0.978354,0.896152
1.5e-05,0.00099
0.996535,0.055578
0.001183,0.026436
0.156752,0.111934
0.942115,0.313312
0.102371,0.723353
0.457304,0.004508
0.893791,0.002446
0.048238,0.539903
0.0,0.000108
2.6e-05,0.233138
0.00013,0.362773
0.004292,0.999719
0.060015,0.99895
0.0,0.040837
0.110312,0.279305
0.0,0.001684
8.5e-05,0.996532
3.4e-05,0.008825
1e-06,0.025324
0.021196,0.197037
4.3e-05,9.7e-05
0.991018,0.137882
0.003074,2.1e-05
0.024989,0.836255
0.799702,0.06177
0.178838,0.151689
0.996981,0.051204
0.023984,0.479149
0.000159,0.001023
2e-06,0.035348
0.000341,0.990739
0.995168,0.998755
0.189186,0.952837
0.000102,4.6e-05
0.233703,0.051852
0.0,0.022044
0.610352,0.165108
0.02127,0.995257
0.035284,1.9e-05
1e-05,0.000186
0.035255,0.924917
0.000194,0.050381
1e-05,0.004135
0.008193,0.047577
0.002599,0.853884
0.002152,0.697434
0.002809,0.519952
0.769136,0.704961
0.00154,0.090631
0.047291,0.778902
0.02482,0.280044
0.001102,0.99852
4e-06,0.184249
0.003695,0.083565
0.00159,0.849221
0.002998,0.067939
0.000106,0.000582
0.004671,0.2042
0.024728,0.00133
0.008084,0.591329
0.000353,0.084005
0.075709,0.452501
0.001956,0.011953
0.832252,0.641496
0.041712,0.668603
8.5e-05,0.007631
0.000778,0.068508
0.981119,0.034298
0.000119,0.386622
2e-06,0.002724
5e-05,0.010478
0.0,0.000185
0.000137,0.527148
3.3e-05,0.005773
8.5e-05,0.034463
0.005402,0.425575
0.000105,0.000248
0.002552,0.13046
1.7e-05,0.01163
0.102552,0.200024
0.060575,0.278857
0.00456,0.119692
0.0,0.003879
0.008229,0.120664
0.062684,0.049615
1e-06,2.1e-05
0.000184,0.269674
0.0,0.981197
4.4e-05,0.001054
0.000194,0.085607
0.006742,0.214756
0.001698,0.020644
0.127768,0.122909
0.000397,0.019788
0.010919,0.053645
1e-06,0.022866
2.3e-05,0.310125
2.2e-05,0.019819
0.001421,0.991627
9e-06,7e-06
0.002086,0.865671
0.067077,0.585448
0.81366,0.009194
0.105948,0.908454
0.007229,0.644761
0.000116,0.455563
5e-06,0.981092
0.003925,0.625343
0.0,0.000153
0.00613,0.870535
0.00011,0.006545
0.007331,0.996144
0.092325,0.065798
0.00022,0.013823
0.000793,0.053785
3.5e-05,3.4e-05
0.98115,3.8e-05
0.073833,0.727439
0.024557,0.006026
0.92172,0.128344
0.0,0.649086
0.264787,0.008592
0.050203,0.151003
2e-06,0.000153
0.004407,0.000642
0.013783,0.020931
0.999981,0.000515
0.008274,0.55647
0.99988,0.998957
0.002176,0.173395
0.532813,0.034223
2e-06,0.275702
0.009726,0.14577
3.5e-05,0.178417
0.012108,0.884707
7e-06,0.014238
0.000301,0.020256
0.149526,0.390307
0.005399,6.8e-05
0.001126,0.555312
1.8e-05,0.798737
2e-06,0.003955
0.00722,0.956801
0.01056,0.868396
0.001127,0.99816
0.164531,0.458059
0.000304,0.258936
0.001144,0.503812
3e-06,0.961379
0.000658,0.977104
0.002992,0.007831
0.006915,0.481136
0.000529,0.111515
2e-06,0.484518
0.001007,0.464787
0.979324,0.924097
0.007079,0.5151
1.1e-05,0.004227
0.146201,0.903596
1.4e-05,0.014224
0.923125,0.436649
0.000281,0.272449
0.000168,0.261482
0.001567,0.462852
0.009491,0.051104
2e-06,0.055398
0.000149,0.00317
2e-05,0.0
1e-06,0.254902
5e-06,0.010357
0.164125,0.97397
0.000304,0.003456
2e-06,0.001837
0.72963,0.81828
0.000529,0.011905
0.022483,0.077539
1e-06,0.245777
0.001778,0.915655
0.038328,0.098759
0.014265,0.999988
0.090514,0.982097
5.7e-05,0.272994
0.00423,0.66725
0.118289,0.65615
0.040835,0.05642
0.002502,0.892036
0.286928,0.405497
0.051088,0.03804
1.9e-05,0.0
0.000267,0.166232
0.004495,0.116137
0.00013,0.287636
0.088692,0.130691
0.000413,0.003031
0.126917,0.874066
0.010476,0.963535
0.083791,0.764336
9e-05,0.055137
2.7e-05,0.345917
2e-06,0.000706
0.071842,0.027282
0.054311,0.999702
0.0,0.002952
9.3e-05,6.4e-05
3e-06,0.002302
0.000219,0.019001
0.043188,0.006319
0.006746,0.118243
0.049482,0.654122
3.1e-05,0.002008
0.15527,0.187686
0.013044,0.137004
0.000891,0.941971
1.6e-05,0.035035
0.00433,0.650517
0.003337,0.123644
0.001914,0.023604
0.000107,0.183715
0.001006,0.939237
8e-06,0.104427
2.3e-05,0.000204
0.005206,0.792975
0.999913,0.990038
3.4e-05,0.003102
0.058875,0.994378
0.000438,0.033053
0.089502,0.032288
1.3e-05,0.290059
0.863803,0.012938
8e-06,0.683135
0.988721,0.271439
9e-06,0.960679
0.001291,0.973098
0.002381,0.655618
0.143432,0.135082
0.008713,0.078853
0.724137,0.005938
0.001867,0.358998
0.000563,0.015591
8.6e-05,0.259858
0.055523,9.2e-05
3e-06,0.048439
0.138277,0.794098
0.588976,0.215301
0.406905,0.004017
4.4e-05,4e-05
0.996083,0.001758
0.301939,0.000856
0.031699,0.240424
7.1e-05,0.015532
6.2e-05,0.011379
0.00038,0.995441
0.014388,0.099702
0.98906,0.996458
0.892288,0.386032
0.022898,0.512062
0.991505,0.010227
0.302362,0.884247
0.514934,0.255845
0.000917,0.016778
0.0001,0.080613
0.020953,0.983686
0.00444,0.086136
5.1e-05,0.001267
0.000125,0.039736
0.001922,0.00116
0.391954,0.032011
0.000196,0.019381
2.6e-05,0.153862
0.000711,0.029016
0.91657,0.003826
0.000935,0.057558
0.259391,0.968144
0.975751,0.000611
0.000936,0.042515
0.012727,0.24709
0.058468,0.842148
1.7e-05,0.98805
0.002449,0.009107
0.002213,0.019589
0.999865,0.999666
0.000482,0.003321
0.001849,0.080485
0.000497,0.986222
0.000384,0.29151
0.000404,0.024993
0.000473,0.794213
0.00026,0.062288
0.015056,0.970021
0.024973,0.983968
0.320228,0.989238
0.186472,0.47019
0.000174,0.025697
0.015354,0.004195
0.0,3e-06
2.5e-05,0.430961
0.044683,0.183287
0.020675,0.77069
1.2e-05,0.327503
6.9e-05,0.1068
0.99416,0.027516
0.000248,0.000485
6.3e-05,0.584209
0.026199,0.059853
0.237834,0.957181
0.0,0.31602
5e-06,0.523936
1e-06,0.002739
0.000258,0.996962
0.0,0.235977
0.013228,1.7e-05
0.001989,0.000254
4.8e-05,0.186874
3.9e-05,0.07246
1e-06,0.058584
8.3e-05,0.862852
2e-06,0.116924
5.2e-05,0.057285
0.169406,0.614545
0.011798,0.132857
0.009222,0.973497
0.12491,0.49556
0.057257,0.663461
1.2e-05,0.085075
0.001718,0.004411
0.139911,0.057639
0.025528,0.172922
3e-06,0.091093
0.000436,0.997112
0.503051,0.992638
2.6e-05,0.00757
0.0,0.002332
5e-05,0.001594
0.0,0.052447
0.043328,0.951343
0.020582,0.016916
9e-06,0.88522
0.038939,0.795153
0.254052,0.039301
0.035222,0.237738
0.001737,0.147871
0.000152,0.439769
0.000228,0.016547
0.009405,0.012584
2.5e-05,0.003201
0.202137,0.184516
6e-05,0.033961
0.000241,0.000428
1e-06,0.33497
0.000191,0.858199
6.4e-05,0.000707
0.551051,0.826702
0.855476,0.000121
0.001827,0.015157
0.000148,0.54591
0.001227,0.019974
0.000275,0.016567
4e-06,0.020153
1.9e-05,0.964457
4.6e-05,0.969928
0.939997,0.000174
0.000474,0.201043
1e-06,0.05609
0.995309,0.137837
0.007264,0.003308
0.979223,0.53037
0.104423,0.004486
0.987397,0.023861
0.000186,0.000361
0.010863,0.997293
0.000913,0.974197
0.12793,0.003755
0.432373,0.962332
0.002351,0.005731
0.000205,0.746227
0.007724,0.875834
0.961493,0.918518
0.0,0.017657
0.000115,0.444614
4.5e-05,0.993968
0.010284,0.838049
0.00222,0.056902
0.041184,0.971365
0.001546,0.989371
0.004324,0.121636
0.000298,0.056441
0.332408,0.741388
0.011659,0.946768
4e-06,0.699661
0.999885,0.994246
0.000294,0.412504
0.000105,0.071308
4e-06,0.146712
0.020721,0.051974
0.004784,0.620361
0.000345,0.030461
0.000198,0.950363
2e-06,0.024016
0.000681,0.905635
0.002132,0.052557
0.746631,0.775929
0.032849,0.210234
2.4e-05,0.357475
0.000233,0.000279
0.00301,0.737588
8.8e-05,0.308027
0.000276,0.847266
0.936231,0.024882
0.034601,0.691252
0.054021,0.491624
0.314076,0.479551
0.554986,0.329366
0.000536,0.945278
0.996952,0.865136
0.000153,0.308379
0.000304,0.011849
0.000262,0.308444
9e-06,0.089119
2e-05,0.021413
0.495986,0.204267
0.906533,0.714989
0.817898,0.988052
9e-06,0.125591
1e-06,0.738337
1.4e-05,0.001368
0.000937,0.931948
9.3e-05,0.607198
0.001351,0.264341
1e-06,0.071865
4e-06,0.023968
3.5e-05,0.853008
0.002162,0.427301
0.001847,0.958241
1e-06,0.054964
0.538529,0.61458
0.0,0.053975
0.435743,0.065893
2e-05,0.000701
0.002046,0.104363
0.009747,0.432572
0.189432,0.969193
1e-06,0.000633
0.000127,0.000743
3.4e-05,0.002716
0.799313,0.011644
0.999843,2.8e-05
0.012027,0.894642
0.0,0.097097
0.000489,0.000141
0.99247,0.024756
0.060844,0.858478
0.018061,0.075279
0.979185,0.004026
0.065836,0.000553
0.252413,0.000506
0.000704,0.003532
0.127469,0.966017
0.364437,0.004132
7.6e-05,0.001298
0.0,0.000245
2.2e-05,0.642783
0.002417,0.016944
4.5e-05,0.010931
6e-06,0.016267
7.1e-05,0.949893
1.5e-05,0.030213
0.0,0.070389
0.0,0.000643
0.014434,0.940997
8e-06,0.049157
0.001094,0.797562
0.0,0.000845
0.812814,0.993317
0.0,0.862437
0.000154,0.21835
5e-05,0.004581
0.007339,0.508714
0.315569,0.131795
2e-06,0.000471
0.000628,0.240051
0.158686,0.950696
0.003595,0.037282
0.0,0.389868
2.6e-05,0.288805
0.051677,0.778114
0.968903,0.995112
0.198533,0.825632
0.934019,0.652313
0.008393,0.01533
0.153766,0.69681
0.060999,0.545983
0.000414,0.034522
0.000278,0.002245
2.4e-05,0.03921
0.00068,0.009229
0.108313,0.991124
5e-06,0.013165
0.986912,0.830147
0.011414,0.930806
0.433433,0.999334
6.6e-05,0.532135
6e-06,0.551238
0.000637,0.004594
0.990303,0.847312
5e-06,0.97569
1.4e-05,0.264116
6e-06,0.093698
0.000804,0.195213
0.000252,0.000724
0.055348,0.542266
0.844312,6.7e-05
3e-06,0.011956
5.7e-05,0.165151
0.000622,0.013953
0.648475,0.0
0.000146,0.990971
1.3e-05,0.116808
0.0,0.236014
0.021617,0.113129
0.453372,0.467004
0.093227,0.955663
0.000103,0.025131
0.000392,0.570431
0.000807,0.009631
4.2e-05,0.008047
0.042601,0.13212
0.019237,0.000566
6e-06,0.001416
6.9e-05,0.725106
0.425698,0.294227
0.946093,0.00025
0.00126,0.934392
3.8e-05,0.276593
6.3e-05,0.643872
0.937525,0.014241
2e-06,0.986279
0.025249,0.991721
0.012131,0.276301
0.129615,0.015796
1.5e-05,0.156344
0.000251,0.302049
1e-05,0.142504
0.000132,0.774926
0.000427,0.007614
1e-06,0.067735
0.015021,0.547208
0.059763,0.510699
0.0,0.0885
0.086804,0.228864
0.672787,0.874661
0.000443,0.007659
1.4e-05,0.314894
0.080903,0.999731
0.000835,0.792332
0.801831,0.000706
0.031095,0.037296
4.3e-05,0.149517
1e-06,0.60602
7e-06,0.059366
0.002086,0.991347
0.598354,0.925777
0.837876,0.94989
0.051009,0.94411
6.6e-05,0.975033
0.031006,0.983166
4e-06,0.016384
2e-06,0.998581
7e-06,0.076999
0.0,0.237036
5.6e-05,0.522263
0.956188,0.401858
1.1e-05,0.383751
8.6e-05,0.681184
0.961433,0.626856
0.000234,2.7e-05
0.654456,0.990744
0.00128,0.681916
0.202382,0.719798
0.005342,0.324118
0.000241,0.039094
0.000114,0.000771
0.00131,0.155441
3.3e-05,0.048564
0.000544,0.136429
1.4e-05,0.887657
0.41763,0.517258
0.0,0.041568
0.983721,0.032373
3e-06,0.046652
1.8e-05,0.002607
0.005322,0.058329
0.113153,0.017125
0.000292,0.072752
0.000285,0.987391
0.994776,0.029958
3e-06,0.012716
0.065871,0.079316
0.000247,0.96078
7e-06,0.001924
0.075553,0.502905
0.003333,0.969953
0.000482,0.03432
0.800565,0.368021
2e-06,0.003974
0.01031,0.045948
0.058189,0.555554
6e-06,6.9e-05
0.498944,0.454894
0.0,0.001079
2e-06,0.945887
0.923072,0.163853
0.025538,0.924704
0.003113,0.138169
0.027056,0.629284
0.001634,0.617691
0.001294,0.918105
0.138747,0.128125
0.00915,0.057679
0.000294,0.014322
0.000394,0.000164
0.000358,0.709952
1e-06,0.999449
1e-06,0.004546
0.124057,0.102773
0.000174,0.953731
2.6e-05,0.016318
0.482914,0.961938
0.009271,0.998622
0.0,0.00052
4e-06,0.067675
0.000823,0.996821
0.299302,0.16724
0.599083,0.902433
0.15447,0.940865
0.000586,0.93792
5.2e-05,0.167017
0.000623,0.001485
0.0,0.018137
0.050087,0.009676
0.07731,0.486907
0.0,0.149004
1e-06,0.566506
0.000196,0.03301
1e-06,0.002532
0.0,2e-06
0.007516,0.330867
0.0,0.002603
0.010725,0.092229
0.00127,0.918557
0.793326,0.002339
0.002532,0.905833
0.174497,0.000794
0.337856,0.976126
0.750203,0.940367
2.2e-05,0.054465
7e-06,0.040556
0.61659,0.056742
3e-06,0.053476
0.001822,0.155105
0.001355,0.238108
0.971237,0.106888
3.9e-05,0.055573
0.00182,0.086449
0.405799,0.428274
0.001724,0.02582
0.000237,0.073405
0.007067,0.65335
0.001073,0.020193
4e-06,0.014351
0.367399,0.747493
0.270756,0.025547
0.000186,0.312196
0.33992,0.082278
0.378245,0.012891
0.020402,0.016034
0.075055,0.006388
0.730363,0.204524
0.013494,0.011421
0.013447,0.066193
8.2e-05,0.000591
0.000971,0.004704
1.7e-05,0.007746
0.0,0.000767
0.852931,0.485713
0.244672,0.970102
1.1e-05,0.007741
0.0,3.6e-05
0.236721,0.170026
0.005278,0.757808
0.027452,0.014208
0.0,0.050741
0.0,0.115288
0.078646,0.021334
3.4e-05,0.000311
0.000746,0.006747
0.929366,0.034793
0.001333,0.476542
0.014751,0.016262
9.9e-05,0.240199
0.945538,0.152655
3.4e-05,0.013475
0.002547,0.689351
0.001291,0.00121
0.577415,0.262296
0.990226,0.508313
0.11086,0.013595
0.000204,0.011531
0.107854,0.045059
0.004159,0.10826
1.7e-05,0.047708
0.03344,0.040331
0.000202,0.006725
0.747645,0.9346
0.825885,0.121333
0.029162,0.120557
0.088323,0.360527
0.0,0.013917
0.194611,0.973254
0.687359,0.556375
0.02587,0.01945
0.000739,0.007059
0.000483,0.00021
0.453002,0.0445
0.312586,0.000471
0.000257,0.001552
0.718831,0.996443
0.000937,0.698406
2.9e-05,0.010889
0.372131,0.853894
0.758961,0.531837
0.994031,0.913073
0.001388,0.112519
0.860742,0.996053
0.261727,0.918454
0.000161,0.001105
1e-06,5.6e-05
0.00381,0.920542
0.038541,0.1821
3.6e-05,0.003039
0.074801,0.019219
0.000797,0.870312
0.161682,0.431599
9e-06,0.021277
0.029343,0.020416
0.997733,0.97942
0.005016,0.997901
0.002183,0.045137
0.000217,0.046255
0.071197,0.719123
0.0,1e-06
0.00204,0.003212
0.002806,0.010271
1.6e-05,0.508126
0.001681,0.316262
0.104296,0.005812
0.67538,0.619862
0.182743,0.997245
0.013827,0.266124
0.0,0.002772
0.000498,0.002505
0.011519,0.000463
0.0,0.004527
0.000365,0.327374
3.4e-05,0.963952
8.7e-05,0.001439
0.745082,0.003211
0.0,0.029483
0.002247,0.016407
0.97113,0.97134
1.6e-05,0.175456
3.3e-05,0.079256
0.000439,0.04295
0.000196,0.038645
0.001423,0.326282
0.000209,0.033548
1e-06,0.019016
0.0,0.005984
0.0001,0.012709
5.5e-05,0.187831
0.998111,0.97672
2.2e-05,0.844442
0.996247,0.199152
0.99849,0.802058
0.002795,0.005179
0.071551,0.075466
0.99999,0.999991
0.001201,0.922306
0.00063,0.023602
0.989556,0.100179
0.002201,0.000202
7e-06,0.01933
0.789134,0.925599
0.1377,0.982141
0.00189,0.460823
0.008785,0.674584
0.000577,0.833843
0.002557,0.039887
0.000865,0.341841
0.007815,0.434235
2.4e-05,0.698943
1.2e-05,0.024001
0.0,0.004943
0.976862,0.873366
0.002694,0.45294
1.7e-05,0.397694
0.043005,0.881097
0.003157,0.962657
0.99831,0.972273
1e-05,0.061165
0.995906,0.997336
0.000189,0.000419
0.003071,0.65971
0.000306,0.550938
3.2e-05,0.022857
0.001995,0.63965
0.648776,0.400548
0.000683,0.061823
0.000672,0.015166
0.04674,0.041262
0.001444,0.620685
0.006653,0.107277
0.077899,0.050153
0.000751,0.035104
0.009588,0.000195
0.00022,0.041064
0.0,0.013859
0.019764,0.133818
0.069415,0.558168
0.165496,0.319888
0.148144,0.002408
0.971408,0.004439
0.006878,0.07723
0.001099,0.610092
9.9e-05,0.001324
0.040284,0.021668
0.002666,1.3e-05
5e-06,0.002545
0.098462,0.555835
9e-06,0.001127
1e-05,0.008399
2.2e-05,0.000369
0.999873,0.996042
9e-06,0.082218
0.049369,0.640541
0.0,0.014691
9e-06,0.011099
0.077454,4.9e-05
0.629936,0.049779
0.99087,0.197324
0.151097,0.422269
0.712958,0.550852
0.953113,0.163212
3e-06,0.001059
0.78309,0.0251
0.148264,0.001124
2.1e-05,0.013977
0.0,0.019983
0.001767,0.942916
0.000493,0.885981
0.027279,0.427611
0.442645,0.003181
0.000123,0.110372
8.5e-05,0.272073
0.597005,0.000402
0.013503,0.847569
0.003382,0.546693
0.640719,0.03378
0.002934,0.086047
0.982114,0.143331
1e-06,6.9e-05
0.000248,0.510432
1e-06,0.806768
0.020049,0.007565
3.9e-05,0.000358
0.000728,0.305183
0.0,0.841537
0.001079,0.992974
0.788254,0.988975
0.0,0.221167
0.011627,0.003156
0.748748,0.032125
8.4e-05,0.344715
6.2e-05,0.051994
0.478083,0.529386
1e-06,0.006946
0.015429,9.7e-05
0.004584,0.993184
0.000109,0.177372
0.004551,0.084914
0.035857,0.999933
0.000768,0.011136
0.069254,0.028442
0.133362,0.019431
0.002603,0.017315
0.058262,0.689924
0.010379,0.8284
0.022329,0.921324
0.00018,0.263853
0.001914,0.03093
0.049276,0.76633
0.000266,0.003417
0.171166,0.023639
0.009869,0.066913
7.5e-05,0.009273
9e-06,0.312757
0.004806,0.120709
1.9e-05,0.002705
0.003441,0.039085
6e-06,0.995357
0.986813,0.000491
0.943118,0.015499
0.679179,0.826495
0.000178,0.589771
0.04147,0.003195
0.984182,0.833832
0.002505,0.116391
0.02792,0.788972
0.883266,0.999797
0.000156,0.403286
0.0,0.902447
0.000722,0.183372
0.01054,0.14716
0.001775,0.062517
0.000502,0.086884
1e-06,0.52315
0.365458,0.399194
0.76736,0.975587
0.000853,0.119714
0.0,0.033597
0.030659,0.038099
0.00018,0.940419
0.000262,0.045008
0.708659,0.892512
0.007362,0.290388
0.000636,0.998871
2e-05,0.656591
0.0,0.00147
0.995552,0.994582
0.0,0.001352
2e-06,0.017203
0.000491,0.950812
0.011801,0.934131
0.967202,0.853078
0.986997,0.019882
0.0,1.3e-05
0.000777,0.000939
0.000246,0.004011
5.7e-05,0.006996
0.00834,0.835367
0.595775,0.005415
0.000315,0.627904
0.031889,0.942263
0.186907,0.234467
3.1e-05,0.04785
0.276341,0.280061
0.003588,0.015485
0.018391,0.040429
0.009229,0.010835
2e-05,0.056131
0.010654,0.999919
0.287007,0.480918
0.000185,0.223405
0.087777,8e-06
0.001674,0.903844
0.0,0.00276
0.97805,0.982272
0.987647,0.000741
0.378181,0.120869
0.013955,0.657179
0.000285,0.008473
0.074618,0.053976
0.003328,0.997508
0.002322,0.807513
0.972202,0.995774
0.791103,0.461674
0.0,0.439284
0.013109,0.371535
0.001062,0.735315
0.932128,0.000532
0.024742,0.507796
0.476969,0.99862
0.000351,0.997691
0.000923,0.856432
0.010625,0.723669
0.941268,0.002238
0.003137,0.816657
0.005915,0.414901
0.850072,0.964298
5.1e-05,0.070443
0.007397,0.435078
0.985385,0.000268
2.6e-05,0.287341
0.000217,0.091729
4.5e-05,0.017701
0.014139,0.149242
0.043784,0.778523
0.120142,0.078453
0.051946,0.988404
0.099147,0.023711
0.001048,0.63399
0.012827,0.142765
0.005795,0.247549
9e-06,0.99723
3.4e-05,0.009535
0.0095,0.009773
0.243569,0.845368
0.995853,0.042368
0.883468,0.049517
8.7e-05,0.001752
0.001719,0.009434
0.046769,0.006074
0.099612,0.406136
0.014192,0.053553
1e-06,0.154153
0.0,0.000894
1.1e-05,0.895151
0.119265,0.99
0.000786,0.016459
0.000969,0.110708
0.023844,0.080102
0.031023,0.519737
7e-06,0.007802
0.384918,0.624652
0.042441,0.011798
0.0,0.000319
1e-06,0.004744
0.000373,0.009562
0.017439,0.030626
0.990745,0.998986
3e-06,0.009639
8.4e-05,0.115109
0.0,0.000108
0.903919,0.923115
0.0,0.982221
0.000281,0.99839
5.6e-05,0.058959
0.003862,0.077091
0.002764,0.014743
0.0017,0.130954
0.002729,0.001951
0.584404,0.790804
0.951149,0.978348
9.6e-05,0.225708
0.000685,0.82852
0.00126,0.025977
0.000112,2.2e-05
6.3e-05,0.953621
0.000464,0.530031
0.001862,0.36693
0.001235,0.979822
0.179263,0.109562
0.000136,0.209227
0.000164,0.995379
0.000586,0.45644
0.00019,0.006669
0.868817,0.000847
0.0,0.5573
9e-06,0.001251
0.170724,0.007053
0.134836,0.025512
0.23147,0.708583
0.003172,0.086487
0.002562,0.321945
0.024048,0.261239
0.000808,0.071487
0.009994,0.028793
0.692666,0.024773
0.001228,0.414115
0.001448,0.420055
0.000937,0.033071
7.2e-05,0.002685
0.000286,0.895329
0.006817,0.000838
0.002839,0.020029
1.1e-05,0.019689
2.4e-05,0.009028
0.16356,0.238049
0.861607,0.001949
9.7e-05,0.43122
0.0,0.174444
0.008695,0.110739
0.02545,0.04505
0.00098,0.828455
0.296218,0.998917
0.014755,0.934772
0.127642,0.580925
0.003168,0.015432
0.148874,0.206613
0.002939,0.367821
0.002404,0.048741
0.001778,0.24464
0.482982,0.093316
0.47096,0.015915
0.051555,0.149582
0.078996,0.974385
0.067507,0.017864
0.231719,0.000175
0.000276,0.005552
0.133985,0.084678
0.024031,0.020368
0.000405,0.129666
0.0,0.002508
0.234364,0.042205
0.003634,0.006923
0.849186,0.005315
0.951117,0.989543
0.11156,1.2e-05
0.003848,0.000205
0.057445,0.337381
0.058547,0.044444
0.015485,0.894803
0.37779,0.896291
0.963283,0.151869
7e-05,0.056988
0.000225,0.149707
0.865053,0.401193
0.130593,0.014045
0.077531,0.683834
0.283735,0.001318
1.4e-05,0.101345
1.4e-05,0.069303
0.963776,0.620955
1e-06,0.952766
0.0,0.001298
4.5e-05,0.99798
0.000645,0.836854
3.3e-05,0.015042
0.254172,0.632664
8e-06,0.002941
0.00049,0.039613
0.48501,0.001341
1.6e-05,0.012783
0.000183,0.004205
0.000119,0.005887
5e-06,0.946042
0.677909,0.460752
0.831333,0.674604
1e-05,0.033921
0.00715,0.000805
0.78521,0.960247
0.290254,0.000634
0.604236,0.248416
0.00927,0.001583
0.000395,0.220109
0.036204,0.01331
0.029391,0.253538
0.963773,0.001984
0.0,0.018586
0.000381,0.057305
0.115904,0.007001
0.979267,0.378192
1e-06,0.107319
0.084763,0.004691
0.000113,0.236317
0.054776,0.95661
0.008823,0.004187
0.002023,0.286137
0.000432,0.013072
5.1e-05,0.71438
0.04813,0.10121
0.000566,0.644855
8.5e-05,0.11318
0.059002,0.042405
0.000359,0.001974
0.055524,0.017058
0.044555,0.042276
0.000316,0.477392
0.151554,0.003867
0.0,0.003304
0.002832,0.608441
0.828745,0.263882
0.006602,0.028475
0.789414,0.003549
1.5e-05,0.99847
0.000902,0.15925
3e-06,0.050994
0.057399,0.823522
0.013818,0.544118
0.009575,0.025614
0.41507,0.205698
0.000339,0.129817
0.9807,0.001366
0.311562,0.953647
0.011411,0.557334
0.000446,0.009692
0.001401,0.001203
0.039204,0.553129
0.000278,0.858879
0.000209,0.000285
0.002919,0.52936
0.000508,0.047357
0.004604,0.118221
0.019227,0.275461
0.012557,0.020154
0.000469,0.779673
0.000515,0.305634
0.002741,0.245307
0.0,0.039722
5.1e-05,0.670053
0.675235,0.070849
5.9e-05,0.056625
0.147544,0.018229
0.005519,0.028023
0.000407,0.137213
0.000221,0.97498
0.000682,0.000636
2e-05,0.751745
0.000289,0.025083
0.016868,0.006732
0.994791,0.000402
0.000206,0.006051
0.85726,0.361504
3e-05,0.000986
0.000296,0.000161
0.992407,0.000168
0.000647,0.161759
0.442832,0.462239
0.027073,0.021628
4.2e-05,0.051103
0.00052,0.868439
0.05837,0.005606
0.824788,0.512438
0.901012,0.195822
0.975533,0.017631
1e-06,0.445554
0.950071,0.98695
0.000572,0.032853
0.998388,0.932744
0.058785,0.0701
0.001832,0.138061
3.5e-05,0.002809
0.0,0.000292
0.002513,7.9e-05
0.122635,0.21087
0.43909,0.979492
0.0,2e-06
0.022105,0.0322
0.095306,0.243235
0.663463,0.992707
0.620293,0.134494
0.627468,0.32973
0.884636,0.436208
0.566211,0.142243
0.018323,0.939279
0.355287,0.124394
0.004843,0.188157
0.128928,0.124943
0.000328,0.371532
9.2e-05,0.652656
0.8865,0.002104
0.006703,0.012459
0.001619,0.034144
0.000447,0.630304
0.000169,0.031102
0.001732,0.003784
0.003502,0.021543
0.000111,0.996386
0.024376,0.954686
0.048747,0.013864
0.000434,0.130764
2e-06,0.08162
0.599093,0.025529
0.005523,0.360049
1.1e-05,0.000686
0.000152,0.475627
0.062676,0.061401
0.000105,0.996941
0.007134,0.991698
4.7e-05,0.0538
0.119892,0.837928
0.00137,0.91145
0.001022,0.016295
0.003853,0.479618
0.00419,0.481343
0.055084,0.272957
0.80386,0.734959
0.044883,0.298882
0.000115,0.00146
0.005728,0.601761
0.047795,0.019037
0.436619,0.46909
0.0,0.000401
0.001849,0.235464
0.971705,0.058709
0.980713,0.718408
0.08328,0.943247
0.000584,0.106449
0.00132,0.963481
3e-06,0.000445
0.001621,0.395045
2e-06,0.089864
0.002805,0.083092
1e-06,0.007791
0.011023,0.262019
2e-05,0.002033
0.001718,0.057171
0.000435,0.770488
0.010826,0.696462
0.003516,0.033591
0.000909,0.911746
0.000569,0.023143
0.001091,0.257344
0.000624,0.021399
6.1e-05,0.182749
0.000191,0.015536
0.037533,0.212533
4e-06,0.883803
0.006452,0.488214
2.9e-05,0.002488
4e-06,0.02115
0.173138,0.73785
0.384878,0.998985
0.003159,0.85024
0.963417,0.060297
1e-06,0.438124
5e-06,0.579727
0.0,0.000511
0.991833,0.004293
0.026141,0.155879
0.030026,0.242663
0.001377,0.010237
0.000927,0.006736
0.165915,0.160117
2.5e-05,0.044043
0.008282,0.304412
0.465621,0.759176
0.115016,0.066622
0.014484,0.26611
0.000332,0.075236
0.101153,0.0313
0.645359,0.024391
0.016015,0.105359
0.999996,0.630287
0.000748,0.004203
0.000188,0.071831
0.017995,0.016406
3e-06,0.006333
0.048459,0.999754
0.0,0.114705
0.00023,0.997748
0.196276,0.999179
2e-06,0.031164
0.064841,0.616687
0.005134,0.989849
2.4e-05,0.004668
0.424271,0.176207
0.008193,0.014042
0.018661,0.0013
2e-06,0.059326
0.229741,0.041369
2.1e-05,0.191002
0.60863,0.000661
3e-06,0.036575
1.1e-05,0.000791
2e-06,0.001078
0.0,0.139401
1.6e-05,0.130515
0.000418,0.067521
1e-06,0.00509
0.011304,0.093483
0.000779,0.002961
0.0,9.5e-05
2.3e-05,0.063985
5.4e-05,0.827656
0.002605,0.138247
0.95369,1e-05
0.082154,0.987445
0.834616,0.456824
0.00073,1.4e-05
2.4e-05,0.363235
0.004121,0.010626
0.014301,0.195186
0.003054,0.000372
0.00048,0.000105
0.317026,0.028807
0.002672,0.239094
4.1e-05,0.754513
0.000103,0.075903
0.957508,0.944302
0.032832,0.317558
0.260314,0.468569
0.005449,0.494485
0.027633,0.6476
0.931613,0.973426
0.003424,0.355271
0.053174,0.60355
6e-06,0.028733
4e-06,0.925784
0.00018,0.004348
0.008955,0.027141
0.011949,0.030677
1e-06,2e-06
0.177388,0.1627
2.9e-05,0.136466
0.015201,0.231104
0.011402,0.18693
0.034131,0.169977
0.231745,0.064279
0.091946,0.000163
0.173272,0.768269
3e-06,0.04529
0.47551,0.138666
0.063042,0.010587
0.020673,0.001917
0.015714,0.059041
0.000618,0.0357
0.034691,0.111882
0.0,0.012534
0.0,0.001181
5.4e-05,0.005819
5.4e-05,0.1191
3.8e-05,0.008295
0.069143,0.381487
0.011581,0.002379
0.023474,0.142728
9.8e-05,0.071709
0.000509,0.002862
0.004866,0.031196
0.002205,0.058492
0.03362,0.06936
5.5e-05,0.005503
0.001999,0.018578
0.003003,0.120489
0.876295,1.0
0.00077,0.044022
0.0,0.000844
1.1e-05,0.019762
0.348112,0.670514
0.477076,0.003783
0.247627,0.999996
0.242948,0.933745
0.774262,0.000149
0.84562,0.99999
0.001493,0.406335
0.057869,0.96943
0.011469,0.242109
0.002625,0.015122
0.000155,0.061888
0.006735,0.097742
4e-06,0.002355
8.3e-05,0.166937
1.2e-05,0.04606
0.000576,0.048871
0.081306,0.880109
0.997143,0.057835
0.001527,0.003819
0.606178,0.635875
0.003635,0.00218
0.597742,0.046187
0.793073,0.551328
0.044482,0.194411
4.4e-05,0.993126
0.006764,2.8e-05
0.175088,0.085709
0.0,0.000545
1e-06,0.000199
0.368112,0.149952
9e-06,0.027649
0.000581,0.343798
0.000953,0.075165
0.907942,0.003649
0.884441,0.986655
0.000229,0.002692
0.01414,0.999684
1.8e-05,0.000456
0.015594,0.00531
0.94153,0.001429
0.127125,0.014442
1e-06,0.000862
0.0,0.002735
0.988034,0.987744
0.247567,0.261398
0.000113,0.010355
0.000133,0.074724
0.938187,0.000444
0.007058,0.010757
0.001481,0.063671
0.40711,0.00066
0.0,0.000759
0.458532,0.995274
0.000508,0.197114
0.666958,0.011607
0.00431,0.384118
0.611802,0.080029
0.000123,0.488947
4.8e-05,0.001517
0.001862,0.028423
0.006062,0.154843
0.328166,0.91343
0.001239,0.014909
2.9e-05,0.651095
1.9e-05,0.00045
0.001179,0.000395
0.417461,0.556804
1e-06,0.039651
0.000498,0.010931
0.0,0.001236
2.6e-05,0.014967
0.23409,0.618368
0.008154,0.250951
0.001926,0.001821
0.001831,0.003149
0.009042,0.999769
1.7e-05,0.791651
0.000853,0.593215
1e-05,0.005141
0.000304,0.974368
0.0,0.969978
0.003101,0.012697
0.001871,0.062079
0.0,0.057111
8.5e-05,0.062896
0.267413,0.99661
3.3e-05,0.265493
0.00093,0.615552
0.691688,0.655652
0.20696,0.521933
0.0,0.987226
0.028125,0.965182
0.0019,0.022538
0.158248,0.032799
0.000627,0.959599
0.200338,0.799438
9.1e-05,0.916061
0.001618,0.938813
0.061064,0.687049
0.989165,0.999344
0.00021,0.915161
0.784118,0.070245
0.476233,0.245225
0.779585,0.995839
0.000165,0.443535
0.620458,0.002163
0.003906,0.201628
4.5e-05,0.015544
0.005838,0.045501
0.105813,0.357272
0.002564,0.042511
0.16809,0.04977
0.07451,0.013488
0.00081,0.004708
0.001447,0.031508
0.450599,0.387055
0.57313,0.884932
0.072175,0.019652
0.432477,0.284856
0.011025,0.971262
0.333837,0.716166
1e-06,0.063752
0.01159,0.211166
0.001782,0.010434
6.9e-05,0.114416
0.421162,0.003317
0.010863,0.849078
4e-06,0.914481
0.024062,0.860875
0.001194,0.789085
0.09478,0.000563
0.996298,0.364367
0.017177,0.000199
0.030623,0.377296
0.997193,0.992181
0.001444,0.893926
0.01609,0.121522
0.858691,0.180983
0.100607,0.964021
0.732677,0.354489
0.000194,0.205812
0.327708,0.042389
2e-06,0.413481
0.001246,0.456283
0.025121,0.11002
0.514828,0.76905
0.315987,0.139298
0.000128,0.00163
2.9e-05,0.302645
0.984738,0.197464
0.837873,0.993115
0.428669,0.001137
0.000456,0.334514
2.2e-05,0.001993
0.393589,0.134915
0.000975,0.868956
0.004511,0.038952
0.000162,0.014839
7e-06,0.028399
0.000858,0.096256
0.000755,0.998249
0.002321,0.432711
9.9e-05,0.001166
0.983121,0.944597
0.012806,0.055125
0.000153,0.029568
6e-06,0.952182
0.997254,0.998607
8.5e-05,0.254751
0.997621,0.410115
0.045377,0.018761
0.078369,0.999634
0.948866,0.671555
0.007176,0.003001
0.961601,0.989734
0.535032,0.429316
0.054632,0.080096
0.005998,0.152944
0.0,0.919813
1e-06,0.988766
0.400483,0.949561
0.0,0.056664
0.403044,0.067251
0.711724,0.895699
0.249663,0.003854
0.021107,0.674534
0.00524,0.810886
0.033692,0.030927
0.063369,0.150881
0.00132,0.975451
0.000826,0.227837
4.1e-05,0.36135
0.089685,0.47533
2e-06,2.2e-05
0.002314,0.952817
1.8e-05,0.006445
0.001018,0.131266
0.000545,0.0
0.33327,0.214553
6.3e-05,8.9e-05
1.3e-05,0.173533
0.003126,0.695804
2e-06,0.005398
0.741525,0.970739
0.999958,0.191425
0.912295,0.004768
0.014314,0.769455
0.000398,0.76677
4.2e-05,0.056657
2.8e-05,0.805034
8.6e-05,0.36542
5.5e-05,0.50444
3.4e-05,0.106777
1.1e-05,0.067086
0.9997,0.135098
0.005186,3.7e-05
0.0,5.7e-05
0.00157,1.2e-05
0.997515,0.007254
0.16333,0.403889
0.000192,0.001231
0.0002,0.04658
9e-06,0.990228
0.005035,0.282984
1e-06,0.000153
0.611097,0.894287
0.046939,0.247328
0.000363,0.003273
0.000347,0.003209
0.036317,0.21395
0.001867,0.007087
0.537366,0.264693
0.037902,0.899411
0.002871,0.646666
0.062111,0.010019
0.079292,0.334924
0.156381,0.202942
0.00042,0.92494
0.000384,0.764553
0.000157,0.773573
0.000122,0.002264
0.003828,0.396741
0.437045,0.029785
0.097059,0.004957
0.029008,0.000337
0.001509,0.003933
0.024891,0.732647
0.493242,0.784719
0.771619,0.467324
0.04959,0.998283
0.123618,0.005964
0.002177,0.043058
0.000257,0.020103
0.009734,0.142851
1.5e-05,0.063743
0.029653,0.030268
0.0,0.022594
0.000275,0.081562
0.012296,0.017517
0.072602,0.820634
0.001892,0.013031
0.2022,0.812073
0.889549,0.413169
0.081436,0.252322
0.028032,0.126186
0.190206,0.628985
0.000105,0.763161
0.001933,0.598443
0.033027,0.978485
1.8e-05,0.8408
0.193138,0.754466
0.948497,0.997756
0.00064,0.583763
0.008223,0.558927
0.04158,0.85834
0.035739,0.996902
0.000704,0.794724
0.000701,0.832465
2.3e-05,0.81501
0.018331,0.001102
0.302199,0.788957
1.2e-05,0.021328
0.031466,0.488633
0.013255,0.430942
3.6e-05,0.821385
2.2e-05,0.019202
0.026619,0.353654
0.025605,0.000113
0.000186,0.310989
0.000109,0.009523
0.005599,0.915189
0.298222,0.006245
0.492186,0.024305
0.0,0.032269
0.002247,0.015648
4e-06,0.009172
2.3e-05,0.006928
0.000452,0.101519
0.189942,0.932089
0.000238,0.011732
0.375964,0.004695
0.026663,0.098414
0.001213,0.086024
0.065594,0.768698
0.0,0.067385
0.000349,0.211093
0.000362,0.999957
0.000563,0.000418
0.01017,0.18405
0.000326,0.017751
0.439935,0.024708
0.041454,0.911256
0.012983,0.003472
0.039064,0.882979
0.021061,0.013556
0.722661,0.967412
0.002991,0.104927
0.01813,0.749146
0.202168,0.924271
0.187853,0.585794
0.000126,0.019766
0.000308,0.051399
0.000676,0.00803
0.673843,0.077461
0.0001,0.009533
0.00172,0.030697
0.006933,0.044966
2e-06,0.259597
0.00141,0.952408
0.029281,0.49942
0.0,0.075497
0.933339,0.02838
0.000689,0.988367
1.1e-05,5.1e-05
0.240609,0.28288
5.6e-05,0.00811
7e-05,0.040196
0.217399,0.101536
0.026596,0.248819
0.002517,0.091939
0.645956,0.875185
0.015874,0.009748
5e-06,0.020848
0.015995,0.18079
0.009185,0.143564
0.073847,0.118299
0.000749,0.010206
0.251226,0.161347
0.000507,0.182373
0.035318,0.348184
0.963185,0.03382
0.258813,0.953131
1e-06,0.986571
2.7e-05,0.00634
3e-06,0.97535
0.001319,0.155913
0.00959,0.662122
0.002376,0.719195
0.039819,0.790058
0.226874,0.015715
8e-05,0.925466
0.03703,0.424097
0.020407,0.922507
0.999516,0.957667
5.8e-05,0.211414
0.374185,0.695931
0.0,0.003115
0.821847,0.72976
0.99961,0.904925
2e-05,0.865398
0.000118,0.045684
0.274601,0.508236
0.20989,0.468433
0.022517,0.871825
0.105693,0.066408
0.003148,0.99224
0.011446,0.258695
0.116696,0.004816
0.000559,0.073216
0.054743,0.28521
0.000303,0.131048
0.000131,0.478248
0.057202,0.053758
1.3e-05,0.041135
0.490781,0.299174
0.998661,0.001667
0.001895,0.682381
0.011235,0.023798
7.3e-05,0.234372
0.049062,0.008897
0.000464,0.003757
0.153337,0.87771
0.00011,0.66856
0.01092,0.509893
0.874042,0.253477
0.007741,0.319909
0.026683,0.233935
2.2e-05,0.260198
0.662214,0.964606
0.773245,0.115627
0.066606,0.008146
8.5e-05,0.029022
2.7e-05,0.00932
0.008557,0.271594
0.000114,0.184519
0.026249,0.788142
0.000554,0.302905
0.041231,0.050174
0.006157,0.375137
0.431544,0.056315
0.000438,0.959083
0.959549,0.000476
0.720953,0.002683
0.334894,0.007394
0.111487,0.004468
0.985669,0.000273
0.808288,0.026088
0.909808,0.293872
0.024669,0.061328
0.00055,0.022139
0.322932,0.241637
0.002381,0.123644
0.000788,0.131694
0.000751,0.004276
1e-06,0.869223
0.00013,0.001485
0.001249,0.498586
0.783972,0.000938
0.003676,0.962066
0.006528,0.739206
0.999517,0.000593
4.5e-05,0.022623
0.396195,0.955251
0.003626,0.164906
0.435889,0.008148
0.003468,0.394186
0.000434,0.883965
0.312094,0.315359
0.000238,0.035205
0.021383,0.005574
0.013057,0.683649
0.000171,0.341942
0.777926,0.980032
0.239927,0.533106
0.007919,0.563706
0.032787,0.009601
0.001927,0.015778
0.782469,0.92791
0.003359,0.029156
0.009286,0.011543
0.551154,0.999926
7.7e-05,0.064278
0.029495,0.104052
0.006067,0.022691
0.026263,0.009415
7e-05,0.956481
0.495181,0.99568
0.070944,0.921835
0.208966,0.071653
0.004213,0.999997
0.000167,0.030938
0.009335,0.965283
0.120246,0.858555
0.000108,0.985819
0.633401,0.999391
0.003146,0.643474
0.014812,0.126486
0.004719,0.874525
0.234263,0.355372
0.0,3.4e-05
0.963567,0.139762
2.2e-05,0.051419
0.00266,0.522806
0.0,0.006487
5.5e-05,0.000271
0.005786,0.44283
0.081322,0.992295
0.046173,0.008494
0.015575,0.472029
0.670051,0.01451
0.00223,0.140198
0.724027,0.489206
0.935977,0.298829
0.00743,0.000449
0.090669,0.984345
0.000344,0.331177
0.999809,0.999587
0.256744,0.00053
0.99276,0.981263
0.107446,0.154137
0.078125,0.545843
0.998168,0.988066
6e-06,0.928805
0.021447,0.555978
0.003816,0.297475
0.122234,0.926099
0.214755,0.917372
0.829651,0.022221
0.958125,0.998186
0.012101,0.161865
0.155535,0.075278
1e-06,0.138883
0.000463,0.015098
0.049384,0.0305
0.017267,0.324054
0.881669,0.1599
0.004963,0.010197
1e-06,0.001797
0.010042,0.471455
0.002629,0.496288
9e-06,0.002501
0.210316,0.201045
0.008989,0.851214
0.044251,0.016759
0.0,0.556565
2.1e-05,0.021666
7e-05,0.0009
0.017621,0.299835
1.6e-05,0.04908
0.028803,0.000136
0.000115,0.178786
3.7e-05,0.121627
0.006123,0.065286
0.039952,0.999623
0.0,2.3e-05
0.006499,0.174735
0.048453,0.995926
0.000767,0.96211
1.4e-05,0.001727
1.6e-05,0.002553
1e-06,7e-06
0.000122,5e-06
1.6e-05,0.002225
0.044947,0.145549
0.005976,0.061498
0.177202,0.625749
0.000516,0.004315
0.00855,0.688889
0.970215,0.116161
1.1e-05,0.042598
0.020647,0.181764
0.001716,0.003202
0.045658,0.877742
0.038002,0.963268
7.6e-05,0.007628
0.000353,0.031263
0.0001,0.032179
0.998989,0.005481
0.00879,0.003649
1.3e-05,0.0
0.002178,0.021187
0.897342,0.178193
0.848151,0.000118
0.970277,0.994874
0.003272,0.002358
0.000166,0.002874
2e-06,0.002453
0.991028,0.984312
0.028161,0.115711
6e-06,0.000925
0.083005,0.824145
0.91918,0.726205
0.016994,0.037311
0.003229,0.310475
0.0,0.000502
0.001431,0.594057
9e-06,8.2e-05
0.000705,0.00397
0.092741,0.840374
0.107613,0.003248
1e-06,0.002258
0.001571,0.000299
0.044589,0.170339
0.000245,0.423843
5e-05,0.003222
0.001425,0.12157
0.939132,0.909149
0.593964,0.864651
0.079505,0.033677
0.129923,0.120292
0.000592,0.001816
0.001322,0.003721
0.0,0.006979
1e-06,0.987506
0.182318,0.011149
1.8e-05,0.000541
0.941369,0.260067
0.028271,0.994103
0.070169,0.513848
0.004499,0.934461
9.6e-05,8.3e-05
0.996094,0.98336
0.0,0.001118
0.025838,0.030829
0.000409,0.519273
0.0532,0.8809
0.033951,0.00202
0.001601,0.021015
0.013516,0.866996
0.001783,0.013976
0.0,0.657377
2e-06,0.00046
0.00301,0.000297
5.9e-05,0.021214
0.000282,0.325615
0.000575,0.000117
0.942795,0.930943
0.142673,0.091567
0.114854,0.05363
0.117159,0.011883
0.103496,0.924308
0.032274,0.86906
7e-05,0.001273
0.692807,0.001901
0.153286,0.181101
0.013086,0.029167
0.857428,0.389688
0.03113,0.005823
2e-05,0.002512
0.01103,0.02057
0.000224,0.011085
0.033244,0.503308
0.988115,0.000277
0.745841,0.001365
0.000586,0.044717
4.6e-05,0.004039
0.682612,0.208395
0.014469,0.054259
0.006265,0.983186
0.0,0.411781
0.937683,0.777411
0.030417,0.666348
0.405756,0.70433
0.055345,0.168748
0.000318,0.021156
0.045297,0.932153
0.587662,0.400089
0.850073,0.999502
0.054147,0.3455
0.004111,0.035579
0.0,0.017977
0.000863,0.005673
3.4e-05,0.304581
2e-06,0.000425
0.01958,0.25035
0.00317,0.066114
2.5e-05,0.193077
0.00038,0.445373
0.000903,0.001137
0.933168,0.386135
0.010728,0.000699
0.012005,0.024188
0.001244,0.446947
2.6e-05,0.053871
0.118589,0.433181
0.982007,0.899095
0.884317,0.10714
5.2e-05,0.000153
0.0,0.023056
0.0,0.004356
1e-05,0.002739
0.005082,0.111908
0.000758,0.999321
0.019676,0.350661
0.003708,0.953089
0.477168,0.989852
0.000432,0.008647
0.076636,0.114189
0.196154,0.29167
0.856656,0.453487
2e-06,0.000724
0.166681,0.789647
1.9e-05,0.006378
0.00217,0.996337
1e-06,0.043014
0.0059,0.446027
0.863795,0.893351
2e-06,0.988874
0.981533,0.996716
0.197949,0.965108
3.2e-05,0.160479
0.000127,0.003425
1.4e-05,0.769097
0.017119,0.529149
0.002947,0.98786
0.083124,0.035537
0.001055,0.853628
5.5e-05,0.000333
1e-06,0.013306
8.8e-05,0.962149
0.694894,0.074669
5.1e-05,0.040916
0.39303,0.118058
2.3e-05,0.014817
0.215165,0.031273
0.2876,0.999911
0.047546,0.559101
0.912512,0.015956
0.000527,0.229262
0.995639,0.09676
0.003408,0.021438
0.001065,0.029363
0.010712,0.001274
0.664786,0.849037
0.000256,0.001767
0.621536,0.239291
0.978585,0.034528
0.006685,0.035388
2.5e-05,0.010135
0.049108,0.988771
0.003866,0.10894
0.000474,0.648973
0.798367,0.168365
0.076799,0.293326
0.979085,0.003328
0.092393,0.978744
0.046206,0.999783
0.0,0.000884
0.0,0.012243
0.918131,0.89472
2e-06,0.953097
0.003233,0.006295
3e-06,0.652686
0.017087,0.145807
0.673842,0.304886
0.193325,0.327283
0.651109,0.63677
0.008966,0.37225
0.05141,0.176309
2.6e-05,0.082733
0.197059,0.623818
0.680011,0.019202
0.396329,0.652473
0.000458,0.016214
0.000336,0.032285
0.008993,0.076978
0.978965,0.085045
0.000159,0.140516
0.00258,0.996737
0.001961,0.773393
0.938518,0.005356
2e-06,0.106983
0.014973,0.004415
0.24758,0.011749
0.0,9e-06
0.001107,0.000889
0.001843,0.20395
2e-06,0.763261
0.10082,0.354262
0.000135,0.023347
9e-06,0.002118
0.000831,0.018174
0.000134,0.003959
0.595484,0.03488
0.518654,0.042641
4.6e-05,0.001295
2e-06,0.018008
5e-06,0.006122
0.009332,0.000369
1.2e-05,0.688045
0.452654,0.95928
0.125646,0.892352
0.004177,0.894607
0.000723,0.236283
0.022626,0.965306
0.0056,0.979319
0.838942,0.988529
0.995849,0.973912
0.000735,0.427483
0.000869,0.523107
0.000134,0.819595
3.4e-05,0.026477
0.021415,0.984683
0.623927,0.23916
2.2e-05,0.052747
0.00123,0.486276
0.002299,0.050871
0.233347,0.046627
0.041615,0.030451
0.043306,0.035823
0.017217,0.64165
0.003136,0.648894
0.001989,0.998178
0.281035,0.032713
0.001009,0.02658
0.591265,0.485713
0.101922,0.001346
0.000483,0.040944
0.697633,0.039383
0.560678,0.029033
0.022152,0.025151
0.998959,0.999796
6.2e-05,0.773811
1.3e-05,0.012981
0.000371,0.784765
1.4e-05,0.011617
0.023631,0.421191
0.000463,0.00033
0.001291,0.300982
0.000817,0.615075
0.80291,0.917671
2e-06,0.00108
0.011104,0.104305
0.034341,0.383641
4.1e-05,0.038474
0.001796,0.026312
0.00126,0.88659
1.9e-05,0.089169
0.000104,0.43751
2e-06,0.001151
0.184843,0.952595
7e-06,0.999525
0.034202,0.983993
0.132314,0.645328
1e-06,0.022902
6e-05,0.005986
0.032265,0.888741
0.245494,0.622122
0.000159,0.001945
0.034855,0.073265
8.1e-05,0.045776
0.061765,0.105583
0.064982,0.277851
0.034394,0.103783
0.054022,0.059144
0.000598,0.128471
0.93885,0.971325
8e-06,0.057817
0.265132,0.003267
0.0,0.021853
0.996828,0.997516
0.000106,0.048879
9e-06,0.003871
0.91363,0.032661
0.000215,0.007541
0.74279,0.000447
0.075401,0.477854
0.148187,0.356258
0.000208,0.97348
0.004465,0.994982
0.001717,0.107187
0.000485,0.996105
0.075659,0.999062
0.001022,0.947163
0.005119,0.215485
0.166281,0.00694
7.9e-05,0.221068
1.5e-05,0.697085
0.973232,0.413923
0.000362,0.61935
0.320296,0.991013
0.845115,0.005184
0.035317,0.811233
0.003664,0.001864
0.004837,0.614299
0.012254,0.304492
0.00038,0.920565
5.3e-05,0.000159
3.7e-05,8e-06
1e-06,0.000421
0.791988,0.55111
0.001156,0.800182
5e-05,0.906348
0.000219,0.007581
2e-06,0.000549
1.3e-05,0.958421
3.7e-05,0.408676
0.005671,0.98678
0.065118,0.11641
0.000572,0.392917
0.682374,0.000758
0.017669,0.495064
0.000278,0.344329
0.001517,0.749101
0.000867,0.263316
0.002771,0.052429
0.294087,0.565278
0.009622,0.02036
0.001186,0.233455
0.042708,0.082151
0.002774,0.025879
0.050447,0.219123
0.008596,0.009049
2e-06,0.221475
4.7e-05,0.140764
0.000405,0.02457
0.00901,0.027655
0.01321,0.087646
0.002301,0.000787
1.1e-05,0.428618
0.009535,0.011795
9.7e-05,0.132739
0.000714,0.226043
0.505543,0.035545
0.01992,0.67779
0.013934,0.293088
0.001627,0.834893
0.928834,0.330616
0.948008,0.000581
0.001267,0.028156
0.000504,0.03718
3e-06,0.002578
0.000147,0.00464
0.0013,0.316353
0.065395,0.111029
0.001187,0.033079
1.6e-05,0.000161
0.996722,0.014669
0.009067,0.413744
0.000105,0.893045
0.03832,0.114169
0.00183,0.723851
0.986391,0.001308
3.6e-05,0.160769
0.795374,0.145006
0.500772,0.999197
0.089294,0.996099
0.680013,0.91755
0.63748,0.046788
0.70423,0.003797
0.000594,0.999968
0.980383,0.917426
4e-06,0.941432
1e-06,0.000157
9.9e-05,0.011474
0.005507,0.979533
0.004707,0.219707
0.000519,0.102724
0.00351,0.907473
0.015453,0.730613
0.89803,0.005467
0.137059,0.233325
0.003415,0.034078
0.021972,0.177711
0.879993,0.998778
0.00464,0.959742
1e-06,0.004971
4e-06,0.040687
0.806977,0.014633
0.007936,0.998929
0.016451,0.086099
0.03038,0.087042
0.0,0.001285
0.403814,0.542538
9.6e-05,0.062312
0.0002,0.978435
2.4e-05,0.001265
0.000137,0.125211
0.000464,0.102565
9e-06,0.96179
0.003674,0.48676
1e-06,0.995514
0.01919,0.001793
0.845653,0.214913
0.0,0.00026
2e-05,0.650731
0.997515,0.312105
0.012664,0.008569
0.001855,0.00939
0.001226,0.085886
0.01288,0.692177
0.0,0.00194
5e-06,0.006314
0.085063,0.774968
6e-06,0.007495
0.025233,0.04034
0.992051,0.995335
0.587838,0.152537
0.000136,0.000808
0.091727,0.018381
0.00026,0.894481
0.012104,0.000209
0.08223,0.18315
0.238729,0.1124
0.004209,0.729208
0.006756,0.012454
0.0,0.124071
2.8e-05,0.003857
0.004007,0.503141
1.2e-05,0.125338
0.004491,0.420618
0.267878,0.090271
0.172499,0.000225
6.4e-05,0.322894
0.000589,0.016813
0.001498,0.304443
5e-06,0.025145
3e-06,0.999801
0.456239,0.275141
0.03907,0.859006
0.005233,0.1178
0.003111,0.691876
0.44969,0.004763
0.528265,0.000858
0.025541,0.003887
0.003048,0.000131
0.636374,0.03596
0.0,0.000237
0.418507,0.004974
0.039771,0.000292
1e-06,0.000405
0.736562,0.995199
0.112556,0.002402
0.008521,0.873644
0.000216,0.000853
0.424833,0.000276
0.806636,0.406488
0.999285,0.084312
0.001397,0.019963
0.001397,0.839356
5.2e-05,0.267786
0.087017,0.0741
4e-06,0.048298
0.053202,0.023654
0.00044,0.026312
0.018097,0.381817
0.822219,0.635375
0.24722,0.036684
0.248061,0.286875
0.000126,0.005045
0.20528,0.956709
0.000609,0.099783
0.000254,0.072613
0.000201,0.001026
0.93724,0.443343
0.012523,0.193006
0.141195,0.511471
0.219091,0.183499
8.8e-05,0.770011
3e-06,0.975409
0.090284,0.710225
0.00274,0.153481
3.3e-05,0.111136
0.583561,0.384668
0.000211,0.416501
0.771051,0.904426
2.2e-05,0.787149
0.184802,0.443791
7.9e-05,0.846748
3.7e-05,0.104117
0.01042,0.385621
0.028112,0.999886
0.001021,0.029831
0.010776,3.7e-05
7e-06,0.016523
0.008803,1e-06
0.947583,0.000385
0.536162,0.000549
0.941247,0.94944
0.002816,0.010539
0.007029,0.363886
0.002467,0.973422
1.9e-05,0.008838
0.992077,0.973711
0.546329,0.000305
3.7e-05,0.003848
8.1e-05,0.66055
0.009413,0.042046
0.002212,0.784419
0.785185,0.336242
0.0,0.002439
0.935698,0.001119
0.90142,0.995825
0.000528,0.992078
2e-06,0.252054
3e-06,0.002807
1.3e-05,0.004501
0.001872,0.080363
0.063482,0.022554
4.3e-05,0.336302
0.93908,0.810939
5e-06,0.000705
0.005412,0.853682
0.004335,0.016664
1.5e-05,0.210526
0.049828,0.324208
0.169859,0.002194
0.910731,0.00079
0.008571,0.359449
3.9e-05,0.086444
3e-06,0.04832
0.536194,0.739617
0.00484,0.015321
1e-06,0.978935
0.039621,0.047348
0.008578,0.002949
0.133598,0.985784
0.001292,0.082268
0.503086,0.023365
0.961076,0.403247
0.588987,0.001122
2.6e-05,0.000711
0.73384,0.992937
0.041754,0.140888
2e-06,0.007035
0.0,0.014073
2.1e-05,0.000549
3.6e-05,0.009849
0.004143,0.055374
0.970661,0.001524
0.000536,0.090661
0.737244,0.159654
0.000871,0.728328
0.002386,0.094709
0.018301,0.174568
0.021682,0.993467
0.007515,1.8e-05
0.0,0.000258
0.935376,0.013516
3e-06,0.506642
1e-05,0.081535
0.450927,0.025087
0.000565,0.263459
0.001105,0.126648
0.017521,0.12579
0.000141,0.027845
0.997168,0.000666
0.093556,0.999932
0.00151,0.992406
0.047668,0.107169
0.000182,0.111892
0.005857,0.995857
0.482011,0.52663
0.000177,0.030366
0.0,0.006535
0.000102,9.5e-05
0.004377,0.096425
7.2e-05,0.013555
0.000157,0.546245
8e-06,0.323379
3e-06,0.045585
0.003906,0.293425
0.818328,0.869309
0.134113,0.496129
0.072769,0.958228
0.790501,0.838666
0.00211,0.004424
0.017362,0.186671
0.000476,0.017683
4.2e-05,0.002992
0.000366,5.2e-05
0.030397,0.406379
2.6e-05,0.999635
6e-06,0.08326
0.048978,0.621128
0.000203,0.005531
0.0,5.6e-05
0.095259,0.19769
0.003736,0.007859
0.023931,0.627076
0.002572,0.474518
0.00064,0.049164
0.008192,0.032043
0.016766,0.120658
0.007695,0.061078
0.007256,0.542864
0.990673,0.013678
0.310677,0.040278
0.000629,0.233485
4.3e-05,0.882012
2e-06,0.007448
0.000682,0.27315
0.0,0.009446
0.243485,0.894027
0.000487,0.679616
1e-06,0.100196
0.288538,0.043307
6.2e-05,0.00287
0.139788,0.231589
0.628645,0.177094
0.00903,0.016564
0.002277,0.018365
0.001787,0.086636
0.199115,0.657493
0.779656,0.771796
0.000139,0.220272
0.0047,0.809135
0.0,0.00213
0.034349,0.468254
0.006317,0.041564
0.012526,0.001211
0.040774,0.164187
0.013711,0.010958
0.005986,0.131923
0.999265,0.993471
0.004297,0.277305
3e-06,0.054234
0.929829,0.536292
0.000212,0.689915
4e-06,0.000356
0.324917,0.990688
0.00027,0.073056
0.003517,0.027186
0.284448,0.844827
0.001037,0.801046
0.00072,0.835643
1e-05,0.355676
0.001697,0.088753
0.62353,0.009085
0.032325,0.001145
1e-06,4.4e-05
9.4e-05,0.078625
0.706294,0.436369
0.038785,0.430913
0.085144,0.289287
0.16215,0.092127
0.064268,0.069067
0.001834,0.03879
0.000192,0.000227
0.992335,0.000492
0.031927,0.060894
0.001341,0.108024
0.59099,0.435162
0.862267,0.055615
0.868485,0.00193
0.051266,0.474286
0.376903,0.440118
0.833417,0.525843
0.680238,0.038708
0.893468,0.000284
0.959366,0.852429
0.000108,0.102989
0.000965,0.001153
0.902795,0.005903
0.005801,0.057757
0.000285,0.067896
0.018154,0.017135
0.047234,0.213893
0.00027,0.973323
0.375625,0.241583
0.011585,0.520857
0.0002,0.943859
0.385715,0.975519
0.002974,0.268484
0.535877,0.017199
0.007365,0.405492
0.121071,0.095155
0.095574,0.039204
5.5e-05,0.001179
0.006393,0.064506
4e-06,0.211157
1e-06,0.085443
0.997224,0.892078
0.022158,0.003828
0.99635,0.937432
0.991834,0.999497
0.01087,0.04072
1e-06,0.000152
0.0,6.9e-05
0.305979,0.996614
0.389649,0.604841
0.82277,0.028299
0.213154,0.999468
1.6e-05,0.559215
0.000301,0.020857
5e-05,0.035519
0.001131,0.023897
6.4e-05,0.85987
0.000975,0.925329
0.526179,0.966154
0.001292,0.868962
0.002671,0.11845
0.001475,0.866525
0.010601,0.742816
0.22835,0.976567
0.019306,0.080855
0.025949,0.167906
0.977042,0.265389
0.0,0.003318
9.2e-05,0.015018
0.007565,0.000296
8.6e-05,0.019479
0.002726,0.01783
6.5e-05,0.01453
0.000371,0.053052
0.001628,0.10067
0.006509,0.009823
0.00339,0.084337
1.1e-05,0.028045
0.023515,0.269952
0.000197,0.153173
0.806119,0.031246
0.164747,0.746181
4e-06,0.254237
0.001429,7e-05
0.002922,0.001784
0.000773,0.44467
0.001203,0.999884
2e-06,0.018224
0.150039,0.301097
0.002225,0.392624
0.990781,9.1e-05
0.154659,0.058996
0.001663,0.072225
0.993072,0.949873
0.023922,0.99672
1e-06,0.038983
0.592643,0.99869
0.00162,0.535433
6.1e-05,0.028821
1.3e-05,0.000195
0.000838,0.364729
0.015313,0.035792
0.026133,0.047562
0.000295,0.004124
0.000126,0.891313
0.929529,0.902843
0.004816,0.044781
1.9e-05,0.007065
0.498544,0.950274
0.861299,0.888919
0.001483,0.374551
0.0,0.001127
0.018339,0.756055
0.008665,0.138474
0.01074,0.053676
0.509336,0.175747
0.004835,0.071956
0.0,0.004581
0.000147,0.008611
0.021892,0.060292
0.000184,0.009548
4.7e-05,0.958336
0.002401,0.098821
0.000287,0.002048
0.223248,0.000593
0.0,0.507504
4e-06,0.73719
0.075808,0.427072
0.00035,0.024619
7e-05,0.293204
8.4e-05,0.035198
0.002798,0.970603
0.868191,0.272997
0.008753,0.203367
0.014437,0.95081
0.011443,0.036581
0.008133,0.109424
0.000181,0.999395
0.060943,0.370363
0.87541,0.001162
0.01099,0.076428
0.000457,0.298596
0.433333,0.630899
0.002323,0.033195
0.241218,0.990165
0.25417,0.738511
0.011489,0.192079
0.266588,0.117
0.917962,0.959813
0.230067,0.134167
0.096793,0.870131
0.002058,0.009637
0.000551,0.01871
0.012886,0.079722
0.216932,0.001332
0.531738,0.167822
0.00048,0.008662
0.886976,0.986875
0.001141,0.002876
0.005908,0.020407
0.994071,0.989444
0.014035,0.000528
0.009793,0.291129
0.997968,0.980386
0.933542,0.002996
0.062626,0.433397
0.789904,0.017826
0.007442,0.999342
9.4e-05,0.00462
0.001041,0.003788
0.004163,0.079316
0.001165,0.331396
0.718524,0.085676
0.0,0.176462
0.002405,0.032572
2.9e-05,0.042483
0.771212,0.998618
0.000984,0.007639
8.2e-05,0.075421
0.000478,0.183967
0.006955,0.999949
2e-06,0.00766
2.1e-05,0.905885
1e-06,0.002223
0.822894,0.001358
0.043366,0.556713
0.006039,0.501253
2.5e-05,0.003605
6e-06,0.001999
0.000997,0.506101
0.01304,0.031486
0.039648,0.397844
0.005221,0.050908
9e-06,0.018934
0.0,0.702674
1e-06,0.003889
0.03598,0.004369
0.000748,0.600892
0.045092,0.960158
0.010749,0.336981
0.084495,0.10816
0.031701,0.157718
0.991647,0.454627
0.985638,0.794909
0.0,0.143295
0.002005,0.391825
0.994155,3.7e-05
0.004317,0.072304
0.000142,0.049034
0.842262,0.077903
0.03166,0.500002
0.228503,0.834202
0.185389,0.691121
0.15004,0.000646
0.003638,0.275173
8.5e-05,0.341464
0.048909,0.07019
3.7e-05,0.001104
0.0,0.544524
0.999776,0.995888
1e-06,0.902512
0.015095,0.04442
0.035391,0.000943
0.06549,0.00686
0.016195,0.999188
0.001101,0.062326
0.000321,0.262201
0.749244,0.215006
0.0,0.567721
0.001859,0.150355
0.019558,0.000133
0.289699,0.154782
0.17153,0.905467
0.954626,0.000402
0.002073,0.011483
0.83251,0.940254
3.4e-05,0.026259
0.049993,0.003244
0.001588,0.680607
0.003823,0.081002
0.000107,0.739358
0.0,0.226616
0.000282,0.122539
0.000252,0.015097
0.262942,0.16327
0.999946,0.981702
0.00237,0.007471
0.309578,0.382194
0.058063,0.002695
0.001938,0.003689
0.001288,0.050936
2.5e-05,0.234185
0.000214,0.157052
5.8e-05,0.891072
0.000132,0.330982
0.044539,0.040826
0.086418,0.005245
0.380974,0.048209
0.251177,0.074596
0.006581,0.071199
0.02131,0.172587
0.0,0.764335
0.009058,0.014787
0.000691,0.042811
0.498461,0.275621
0.998192,0.670281
0.032362,0.992462
0.004521,0.095473
9.8e-05,0.018173
1e-06,0.011655
0.158894,0.359752
4.9e-05,0.279519
0.045168,0.001187
0.00092,0.053618
0.022646,0.060302
0.001927,0.144221
0.023406,0.332584
0.889451,0.176408
0.0,0.003848
0.017303,0.014529
4e-06,0.000601
0.000218,0.005134
0.00012,0.050515
0.005785,0.326101
0.006175,0.025243
0.401047,0.999161
0.771492,1.2e-05
0.6139,0.126773
0.498952,0.015503
0.000164,0.038501
0.777411,0.494619
1e-06,0.003947
0.000169,0.009905
0.20801,0.277598
0.725968,0.998877
0.897448,0.998842
1e-05,0.960891
0.469244,0.998443
0.116273,0.731623
0.000194,0.033558
0.052312,0.871179
0.007135,0.898616
0.00219,0.493524
0.02044,0.145612
0.034618,0.255093
0.003233,0.02416
1.6e-05,0.003287
1e-06,0.159738
0.155592,0.800451
0.73892,0.002259
0.778824,0.000383
0.219297,0.158928
0.994807,0.731983
1e-06,0.121158
1.2e-05,0.000588
0.091025,0.313771
0.999235,0.561372
1.4e-05,0.090129
0.000699,0.101529
0.000351,0.006356
0.000766,0.054787
0.003949,0.810695
4e-06,0.994176
0.413124,0.363845
0.00461,0.06642
2.1e-05,0.101872
0.853726,0.743451
0.004732,0.966935
1.9e-05,0.142459
0.000211,0.057601
0.006654,0.031368
0.000171,0.998436
0.000798,0.682616
0.057757,0.970857
0.000787,0.042318
0.407203,7.7e-05
0.005193,0.048287
0.01383,0.092991
0.000122,0.024965
2e-06,0.000254
9.5e-05,0.063976
0.011974,0.016825
0.003617,0.05194
0.01959,0.044527
0.000304,0.005896
0.008471,0.046739
0.004854,0.008011
0.232368,0.825679
7.4e-05,0.173398
0.0,0.010576
0.000115,0.038413
0.223386,0.989474
0.926823,0.026418
0.997208,0.474059
0.000804,0.001509
0.297714,0.991625
0.539649,0.174006
0.790037,0.390671
0.149542,0.982838
0.037053,0.099367
0.000374,0.026905
0.001629,0.634795
0.151136,0.927934
0.000526,0.032735
0.685029,0.972018
0.001592,0.045305
0.026315,0.386504
0.000617,0.024957
0.000233,0.001533
0.000328,3.7e-05
0.25902,0.997973
0.006163,0.050346
0.002985,0.021728
3e-06,0.000605
0.064021,0.202439
0.842932,0.34692
7.4e-05,0.039162
0.010587,0.003493
0.001467,0.00787
0.005407,0.057264
3.6e-05,0.072414
1e-06,0.988695
0.020429,0.178119
0.000106,0.681949
0.000536,0.085718
0.122705,0.899353
0.727127,0.29055
0.001308,0.142854
0.100164,0.018565
0.341119,2.7e-05
5.3e-05,4e-06
9.1e-05,0.003885
1e-06,0.014382
0.0,0.0
0.007139,0.000188
1e-05,1.8e-05
4e-06,0.569777
0.375079,0.985859
0.015386,0.122382
1.5e-05,0.002614
0.911771,0.04403
0.0,0.000102
2e-06,0.014165
5e-05,0.010623
0.005428,0.002801
0.000484,2.4e-05
0.001183,0.755281
0.035048,0.842976
0.001224,0.942705
0.03926,0.399871
5e-05,0.074884
0.03452,0.032765
0.020974,0.918053
0.666441,0.105448
1e-05,0.001431
0.0,0.976894
0.001835,0.081729
0.985939,0.891126
0.175547,0.205335
0.537367,0.432244
4.6e-05,0.940034
0.032391,0.104144
0.000177,0.044911
0.999376,0.654809
0.0,0.753317
0.000155,0.98356
6e-06,0.46593
1e-06,0.909058
0.0,0.81307
0.003527,0.027651
0.000245,0.675886
0.0,0.018105
1.5e-05,0.019963
0.0,0.003511
0.749731,0.267253
0.000575,0.570025
0.765882,0.885579
2e-06,0.043547
0.123251,0.083239
0.570247,0.971559
0.000876,0.995422
0.005516,0.680837
0.000114,0.009134
0.49694,0.000424
0.068082,0.0
0.984232,0.001317
0.207201,0.99841
0.052598,0.566669
0.990076,0.289651
0.800343,0.014404
0.980009,0.24825
0.000135,0.000114
0.99962,0.651881
0.001491,0.01474
0.018907,0.025672
0.66165,0.961151
0.653706,0.352386
0.405622,0.26113
0.001787,0.000468
0.274453,0.996403
0.144569,0.118561
2.3e-05,0.01917
2e-06,0.001383
0.039885,0.271921
0.0,0.00904
0.002434,0.680695
0.174776,0.104716
0.135717,0.051184
0.759695,0.002025
4.9e-05,0.006913
2.2e-05,0.013412
0.443527,0.115428
1.5e-05,1e-06
0.872611,1.3e-05
0.055628,0.32835
7.6e-05,0.027546
0.010298,0.871771
0.198718,0.002747
7.1e-05,0.041184
0.000713,6e-06
0.163725,0.000272
3.3e-05,0.026131
4e-06,0.048081
0.414592,0.520981
0.00033,0.071885
0.980412,0.37365
1e-06,0.728112
2e-06,0.621442
0.000991,0.088827
0.000274,0.284132
4.9e-05,0.073893
0.0,0.000705
0.000322,0.079159
0.036174,0.112677
0.00135,0.331978
3e-06,0.004522
0.01073,0.019469
0.559135,0.588075
0.330492,0.050043
0.868177,0.548522
2e-05,0.000349
0.001222,0.942529
0.001036,0.589223
0.0,0.617794
0.000399,0.204943
2.1e-05,0.177447
1.4e-05,0.286179
1e-06,0.008763
0.041515,0.023763
0.000231,0.017755
0.000559,0.214363
8.3e-05,0.021468
6e-06,0.016341
0.010507,0.002948
0.011748,0.081325
0.460951,0.000357
0.006406,0.023799
0.83223,0.559344
9e-06,0.027441
0.00038,0.023845
0.094867,0.997626
0.618441,0.239352
0.001712,0.171501
1.6e-05,0.187822
0.004543,0.002822
0.025222,0.523307
7.7e-05,0.000688
0.001125,0.168896
0.000372,0.137237
1e-06,0.001426
0.000298,5.3e-05
1.9e-05,0.04407
0.002683,0.998122
0.384986,0.024763
0.026816,0.016349
1e-06,0.997381
1e-06,0.0097
0.108738,0.288053
0.446173,0.645243
0.744026,0.941312
1.2e-05,0.500021
0.006709,0.167119
0.004353,0.085121
0.000759,0.02415
