score_lr,score_diff_of_means
0.010550,0.360707
0.017075,0.379007
0.017810,0.364575
0.019451,0.378069
0.014910,0.370802
0.013595,0.368217
0.045009,0.404736
0.030591,0.392775
0.041038,0.400175
0.025991,0.392776
0.018565,0.376515
0.004728,0.356797
0.013004,0.370245
0.033216,0.390868
0.007026,0.361160
0.041151,0.396333
0.018438,0.370633
0.037990,0.396983
0.027025,0.387102
0.030377,0.397775
0.024824,0.375963
0.022775,0.383364
0.018201,0.387646
0.015370,0.371332
0.012066,0.367505
0.032698,0.393079
0.005380,0.343401
0.026712,0.386928
0.019797,0.381131
0.014330,0.371985
0.039424,0.391480
0.018621,0.386616
0.008313,0.359862
0.024282,0.380724
0.037233,0.394070
0.011497,0.371446
0.003321,0.340745
0.052755,0.404884
0.018438,0.381658
0.042626,0.399894
0.017760,0.373566
0.073520,0.415114
0.019275,0.377873
0.025301,0.386574
0.059070,0.412518
0.025128,0.380767
0.009685,0.356126
0.033479,0.394000
0.023399,0.380274
0.022994,0.388784
0.010602,0.369675
0.011541,0.361796
0.036294,0.391987
0.026156,0.392340
0.027867,0.388786
0.010307,0.363907
0.023035,0.386310
0.014224,0.378416
0.002006,0.332624
0.017722,0.389767
0.038355,0.390540
0.045017,0.399750
0.020305,0.377616
0.038585,0.407328
0.066940,0.419102
0.020473,0.379295
0.009022,0.367220
0.013243,0.370450
0.018634,0.382256
0.033786,0.388911
0.009495,0.375942
0.027832,0.389574
0.021374,0.384832
0.038595,0.405246
0.007704,0.363205
0.014291,0.374595
0.003661,0.348341
0.046086,0.401546
0.014260,0.376493
0.020474,0.380515
0.030513,0.395392
0.007091,0.377383
0.061462,0.408472
0.025994,0.385782
0.026451,0.386043
0.024677,0.386462
0.012439,0.365329
0.036702,0.395433
0.022025,0.380993
0.029935,0.394387
0.029729,0.389905
0.007990,0.361730
0.029673,0.392224
0.044385,0.401118
0.007634,0.357452
0.013398,0.373991
0.019227,0.376865
0.019801,0.383167
0.003596,0.349227
0.009669,0.359143
0.038367,0.397932
0.014841,0.374027
0.009708,0.363730
0.033791,0.400377
0.033629,0.392709
0.014077,0.372256
0.011471,0.372148
0.006261,0.357019
0.012633,0.373230
0.016101,0.378114
0.027935,0.391573
0.008517,0.361750
0.036046,0.401499
0.017437,0.382242
0.009203,0.377199
0.025091,0.384135
0.051887,0.407714
0.016735,0.386977
0.028839,0.396680
0.002002,0.330318
0.008726,0.366375
0.035659,0.395421
0.033861,0.389893
0.019545,0.385544
0.013959,0.372042
0.012295,0.369809
0.020116,0.381623
0.013267,0.377367
0.091733,0.422285
0.025966,0.393549
0.045280,0.401212
0.014466,0.375956
0.015109,0.380725
0.024488,0.387831
0.010999,0.372217
0.043654,0.400231
0.018197,0.377095
0.044126,0.413156
0.007237,0.364789
0.017721,0.377803
0.029233,0.391514
0.041876,0.401669
0.010471,0.377415
0.007465,0.347010
0.066880,0.412638
0.017333,0.378560
0.027198,0.387928
0.023742,0.384878
0.023858,0.386148
0.014556,0.375030
0.035126,0.392218
0.048038,0.402342
0.032320,0.391764
0.042618,0.400309
0.028149,0.389488
0.039774,0.397397
0.026730,0.385702
0.041676,0.398233
0.023902,0.385149
0.024238,0.382048
0.020837,0.378282
0.007774,0.362754
0.037839,0.396433
0.026504,0.388089
0.022945,0.384720
0.037371,0.396558
0.032831,0.392690
0.009331,0.366756
0.028151,0.390069
0.004876,0.353338
0.025595,0.386177
0.044901,0.400704
0.087739,0.422214
0.003153,0.342868
0.014754,0.377192
0.050606,0.404525
0.015891,0.377066
0.016089,0.370192
0.009493,0.354993
0.041742,0.399918
0.006293,0.353645
0.072487,0.413659
0.005112,0.353589
0.019644,0.378604
0.043153,0.401068
0.015445,0.375512
0.028770,0.393045
0.032264,0.392486
0.003582,0.347092
0.020653,0.395698
0.006303,0.352721
0.070505,0.415175
0.028013,0.391227
0.018595,0.383433
0.027516,0.379978
0.043002,0.413409
0.008506,0.362983
0.018831,0.377873
0.009298,0.365118
0.021167,0.381013
0.034205,0.391793
0.048717,0.398258
0.013461,0.364910
0.006916,0.363638
0.014733,0.373835
0.065137,0.406775
0.015573,0.367083
0.044655,0.406970
0.014130,0.372794
0.023642,0.387281
0.035964,0.401001
0.045550,0.402235
0.019101,0.375842
0.060188,0.412399
0.050199,0.409411
0.020390,0.380807
0.006911,0.367826
0.011500,0.369095
0.043831,0.402077
0.013096,0.368643
0.012447,0.363543
0.043755,0.401717
0.014265,0.370106
0.003981,0.346077
0.012054,0.374659
0.016571,0.377201
0.051718,0.407903
0.016766,0.371817
0.071739,0.413047
0.027392,0.383383
0.024148,0.390302
0.011600,0.369439
0.029696,0.398554
0.038411,0.397956
0.008520,0.353861
0.008443,0.354155
0.036448,0.395724
0.036137,0.393809
0.034087,0.391048
0.014755,0.373382
0.001918,0.335393
0.004346,0.350673
0.017503,0.377785
0.002030,0.329622
0.006377,0.359566
0.007318,0.352982
0.035775,0.393596
0.011568,0.357784
0.011871,0.360800
0.016978,0.386485
0.019841,0.377313
0.011133,0.367655
0.023298,0.379794
0.042356,0.397876
0.042273,0.399156
0.023035,0.386943
0.040808,0.395942
0.043993,0.405527
0.042390,0.395217
0.032835,0.392161
0.018430,0.373352
0.021716,0.377340
0.068632,0.411147
0.021158,0.370983
0.023328,0.378398
0.015729,0.370251
0.014262,0.375692
0.021920,0.376203
0.008675,0.362540
0.021918,0.384174
0.029282,0.388213
0.011702,0.365243
0.027828,0.386118
0.011091,0.360572
0.015664,0.370703
0.035266,0.391510
0.014981,0.375667
0.015561,0.377681
0.012426,0.376633
0.002724,0.340854
0.021756,0.395153
0.049632,0.405572
0.011302,0.366052
0.034176,0.384706
0.018971,0.383721
0.003988,0.350744
0.018334,0.383067
0.055245,0.407389
0.014154,0.375593
0.010075,0.365636
0.014033,0.374860
0.010536,0.364993
0.021640,0.388029
0.078788,0.417785
0.014967,0.374737
0.029420,0.389252
0.006483,0.362010
0.063035,0.409221
0.026651,0.385621
0.030361,0.396692
0.028368,0.388720
0.037158,0.396492
0.038505,0.397984
0.012589,0.371744
0.014376,0.363756
0.060729,0.410053
0.009866,0.363466
0.027145,0.390031
0.027313,0.387585
0.027999,0.386975
0.061173,0.408265
0.026334,0.374065
0.041909,0.396800
0.014634,0.366049
0.032446,0.390088
0.008353,0.362689
0.012794,0.365220
0.024877,0.373008
0.014401,0.371551
0.018868,0.376421
0.015240,0.374301
0.039922,0.394412
0.035502,0.393427
0.064553,0.408484
0.018354,0.383298
0.026333,0.387191
0.041730,0.396212
0.009344,0.368915
0.026408,0.380262
0.024849,0.389865
0.074358,0.418426
0.018665,0.377165
0.017844,0.394012
0.071863,0.415892
0.108104,0.427968
0.018056,0.374217
0.047197,0.399365
0.055048,0.403472
0.034314,0.391365
0.027291,0.376977
0.024070,0.386819
0.025824,0.388894
0.036030,0.393514
0.015882,0.371612
0.027754,0.383469
0.018012,0.377442
0.022143,0.384482
0.367576,0.473641
0.037876,0.396328
0.027566,0.378242
0.004332,0.354772
0.067921,0.410319
0.055712,0.409916
0.011190,0.363210
0.009231,0.370809
0.025589,0.388823
0.041070,0.395844
0.018083,0.384878
0.061441,0.413267
0.020760,0.380920
0.027589,0.395232
0.016914,0.381074
0.020428,0.382654
0.073006,0.421341
0.034831,0.395705
0.032302,0.391739
0.009944,0.365578
0.014079,0.378523
0.007292,0.372695
0.034599,0.388499
0.023204,0.385276
0.020692,0.392144
0.011327,0.365450
0.018372,0.378927
0.014995,0.372321
0.026354,0.385623
0.002037,0.330197
0.013385,0.356059
0.031646,0.389747
0.032657,0.396825
0.032314,0.394636
0.019582,0.375752
0.040998,0.397822
0.022532,0.383748
0.014575,0.368771
0.044226,0.401245
0.014681,0.367060
0.029530,0.388621
0.027963,0.388956
0.016243,0.370628
0.021728,0.385969
0.027331,0.389840
0.007150,0.351026
0.029954,0.389321
0.018192,0.379836
0.011817,0.368008
0.011478,0.366932
0.002244,0.341506
0.009861,0.369759
0.019626,0.379879
0.033456,0.383782
0.016481,0.375207
0.009925,0.369829
0.015973,0.382468
0.015453,0.370619
0.030835,0.390050
0.014920,0.378476
0.028330,0.393450
0.012084,0.369337
0.032748,0.393991
0.056597,0.415668
0.031401,0.391169
0.018506,0.380830
0.010403,0.361473
0.005882,0.355561
0.494915,0.497701
0.041370,0.400862
0.027016,0.384410
0.016378,0.377833
0.020196,0.377819
0.029041,0.383052
0.015276,0.371014
0.020350,0.367470
0.021050,0.374110
0.027581,0.391187
0.011657,0.366449
0.019156,0.380301
0.017131,0.373214
0.015122,0.377297
0.032195,0.396556
0.012863,0.378388
0.006594,0.363389
0.008921,0.366612
0.014010,0.374010
0.058913,0.423563
0.026204,0.389106
0.032227,0.391539
0.019112,0.379247
0.024198,0.385162
0.012743,0.363003
0.067898,0.412510
0.087148,0.422177
0.027246,0.386589
0.015215,0.378096
0.062880,0.419563
0.028994,0.388577
0.026833,0.386118
0.034593,0.392255
0.040402,0.397516
0.030347,0.381862
0.024533,0.383009
0.025164,0.386175
0.033870,0.398174
0.068178,0.415114
0.056915,0.405953
0.039262,0.395922
0.019064,0.381010
0.020214,0.379247
0.015139,0.371056
0.029534,0.391451
0.010007,0.360163
0.145664,0.432902
0.039506,0.400321
0.026046,0.390395
0.017950,0.375908
0.034283,0.399786
0.050339,0.403433
0.051061,0.402746
0.017503,0.375030
0.031778,0.394979
0.017423,0.374817
0.032113,0.390730
0.025250,0.384867
0.032158,0.392311
0.006420,0.359928
0.012570,0.379243
0.017034,0.379844
0.026823,0.388484
0.019831,0.376664
0.021641,0.384877
0.010950,0.368649
0.023986,0.383151
0.046060,0.401170
0.026266,0.385106
0.045132,0.401188
0.026849,0.388866
0.036820,0.403719
0.016954,0.378389
0.005250,0.353063
0.017724,0.372879
0.006891,0.370459
0.029602,0.390099
0.026450,0.390459
0.007796,0.352368
0.010226,0.367665
0.008395,0.365560
0.009119,0.365750
0.004266,0.351457
0.017435,0.381675
0.015543,0.373040
0.019274,0.384922
0.008683,0.363893
0.014733,0.373091
0.012854,0.379107
0.011818,0.367289
0.014739,0.370395
0.035219,0.395191
0.036820,0.400731
0.036269,0.392713
0.027079,0.376350
0.037986,0.398685
0.042083,0.397773
0.013897,0.376298
0.048252,0.402592
0.017853,0.376015
0.007829,0.369799
0.029072,0.379424
0.037603,0.392676
0.012660,0.359477
0.017643,0.389066
0.027606,0.394341
0.018419,0.381527
0.017446,0.385036
0.055191,0.405397
0.012310,0.371798
0.010476,0.366048
0.061529,0.413621
0.006531,0.347025
0.029469,0.390609
0.035368,0.394114
0.021729,0.380902
0.010713,0.374521
0.029854,0.390789
0.032784,0.396499
0.012706,0.374567
0.018728,0.377100
0.010398,0.365377
0.032651,0.394148
0.007751,0.359601
0.178647,0.457352
0.054736,0.405925
0.039376,0.396939
0.002326,0.337330
0.010913,0.366034
0.033423,0.396202
0.018713,0.382657
0.017279,0.377374
0.017000,0.374969
0.022528,0.383581
0.005570,0.359965
0.008483,0.359073
0.004229,0.349846
0.045579,0.401409
0.006116,0.345971
0.036951,0.396033
0.028513,0.388727
0.020044,0.378364
0.039439,0.398318
0.013246,0.382795
0.026762,0.387740
0.029953,0.392255
0.009150,0.368662
0.049899,0.410993
0.017661,0.375953
0.020640,0.380373
0.031183,0.390092
0.320595,0.461633
0.021545,0.380022
0.027011,0.387102
0.031130,0.391742
0.038433,0.397992
0.015720,0.373329
0.014067,0.369094
0.025102,0.385264
0.035120,0.401457
0.003868,0.342142
0.007040,0.353188
0.020665,0.380404
0.010011,0.365077
0.021746,0.387744
0.011012,0.373561
0.010843,0.365695
0.027943,0.390717
0.049586,0.406989
0.076036,0.422282
0.145375,0.445673
0.016675,0.382299
0.037918,0.404711
0.030321,0.391975
0.021497,0.384023
0.011383,0.357705
0.045468,0.401823
0.025659,0.384434
0.029662,0.392641
0.026928,0.383190
0.022388,0.379680
0.021230,0.387550
0.016664,0.373198
0.041881,0.400015
0.013779,0.376685
0.085414,0.422368
0.021137,0.376736
0.016847,0.370890
0.003110,0.338472
0.022495,0.383339
0.012594,0.378489
0.004771,0.349662
0.020631,0.383914
0.005919,0.353071
0.035171,0.397014
0.024061,0.384729
0.025060,0.388110
0.014015,0.377162
0.009935,0.364632
0.017455,0.377781
0.042028,0.402211
0.031581,0.391544
0.014938,0.375325
0.025218,0.381440
0.011712,0.374630
0.024648,0.388366
0.017694,0.375786
0.014300,0.372923
0.020581,0.378823
0.037753,0.407921
0.050970,0.404969
0.012589,0.370004
0.022836,0.383582
0.021890,0.376017
0.025073,0.388890
0.014591,0.379365
0.023107,0.386370
0.022907,0.382665
0.050034,0.407486
0.004504,0.340065
0.017180,0.373710
0.048162,0.406922
0.004817,0.362917
0.031410,0.389769
0.011378,0.369428
0.039004,0.396488
0.009411,0.368546
0.032299,0.394136
0.006933,0.345377
0.058588,0.408779
0.011281,0.369705
0.031408,0.390153
0.008053,0.362958
0.074862,0.412861
0.050401,0.411703
0.021780,0.380803
0.025804,0.393495
0.017729,0.377295
0.021604,0.382553
0.032836,0.393727
0.041245,0.398423
0.022259,0.380888
0.015738,0.373434
0.010811,0.367712
0.020753,0.381668
0.040825,0.397080
0.026265,0.386401
0.017214,0.375055
0.037593,0.395393
0.022983,0.383937
0.026731,0.385547
0.015706,0.372045
0.034097,0.393354
0.026121,0.387788
0.025767,0.384629
0.111303,0.432518
0.033778,0.392065
0.023878,0.391292
0.019743,0.383202
0.014932,0.375809
0.030088,0.385193
0.011597,0.366953
0.011453,0.368352
0.021551,0.380484
0.013130,0.370905
0.027794,0.387134
0.038785,0.396168
0.052697,0.403146
0.026318,0.390992
0.025476,0.388662
0.028886,0.390365
0.023807,0.396221
0.029944,0.390315
0.015525,0.375219
0.006318,0.356293
0.029808,0.389750
0.021122,0.382570
0.003607,0.334085
0.012604,0.368782
0.036401,0.392812
0.009767,0.362687
0.019268,0.380152
0.019063,0.380644
0.017607,0.377445
0.002098,0.337836
0.013488,0.372441
0.022392,0.380359
0.095255,0.426644
0.034647,0.394583
0.016187,0.376297
0.042639,0.403115
0.011989,0.367823
0.036376,0.393972
0.013235,0.365925
0.028668,0.390517
0.015989,0.373596
0.036345,0.396854
0.017682,0.369639
0.022344,0.382353
0.011493,0.363111
0.040202,0.399741
0.022354,0.385902
0.022711,0.382386
0.029257,0.387561
0.031600,0.392611
0.072027,0.410935
0.010778,0.363967
0.027328,0.393045
0.017848,0.382216
0.047679,0.421893
0.020865,0.383935
0.006362,0.354041
0.036627,0.396630
0.029744,0.391705
0.014945,0.372846
0.010340,0.368507
0.015082,0.378359
0.027684,0.387979
0.006710,0.357192
0.019702,0.382367
0.078380,0.418593
0.020596,0.372451
0.012765,0.369831
0.032191,0.394605
0.020495,0.380071
0.004492,0.348050
0.107761,0.440197
0.029217,0.388880
0.022214,0.382089
0.015239,0.373313
0.037712,0.401778
0.018565,0.379855
0.047770,0.403101
0.038435,0.400085
0.029140,0.389246
0.010567,0.367963
0.035624,0.392489
0.021253,0.378280
0.013842,0.381678
0.028348,0.379340
0.016382,0.374908
0.018599,0.367305
0.013317,0.370054
0.005579,0.351416
0.013220,0.371050
0.035778,0.397941
0.041521,0.399681
0.016624,0.376301
0.062691,0.409293
0.012681,0.369069
0.043819,0.400067
0.028931,0.390348
0.018550,0.372456
0.019579,0.388616
0.045961,0.410821
0.009567,0.378883
0.008775,0.364481
0.032080,0.393737
0.046367,0.403274
0.024697,0.379988
0.021351,0.385036
0.043519,0.400784
0.015580,0.378941
0.010525,0.378663
0.101985,0.429956
0.007846,0.355633
0.031285,0.392946
0.031435,0.393366
0.051464,0.403932
0.023465,0.381545
0.024970,0.382834
0.039103,0.397942
0.082783,0.414060
0.020067,0.384312
0.071665,0.412207
0.052689,0.419984
0.031270,0.398960
0.018586,0.393133
0.017989,0.380787
0.018643,0.377107
0.049795,0.405166
0.022850,0.377680
0.011075,0.372447
0.015895,0.370922
0.027055,0.389128
0.043853,0.400636
0.013986,0.369516
0.035770,0.390652
0.039396,0.400804
0.025565,0.387058
0.011301,0.365843
0.036249,0.394043
0.034986,0.396297
0.022680,0.381515
0.036870,0.391201
0.057005,0.409352
0.020697,0.394373
0.010876,0.356581
0.029412,0.392344
0.018905,0.381958
0.013521,0.370950
0.016776,0.370894
0.035847,0.397209
0.034057,0.394285
0.010596,0.359798
0.040067,0.394556
0.021247,0.380974
0.028098,0.388207
0.018469,0.374745
0.046307,0.403274
0.037110,0.395082
0.023847,0.387469
0.009402,0.362325
0.065712,0.411087
0.046407,0.402328
0.021310,0.384668
0.034489,0.395053
0.033760,0.396252
0.018347,0.377351
0.035256,0.395503
0.034146,0.396093
0.045806,0.403876
0.017537,0.380666
0.031124,0.389121
0.035383,0.393967
0.054350,0.407840
0.013566,0.366445
0.039436,0.398058
0.015417,0.379964
0.028718,0.390795
0.027854,0.391835
0.018134,0.378684
0.037165,0.395388
0.033838,0.393032
0.045663,0.402305
0.012856,0.369758
0.040014,0.399030
0.021607,0.376675
0.023527,0.386843
0.042812,0.396349
0.035593,0.394917
0.052646,0.411895
0.026503,0.388888
0.011906,0.365615
0.032197,0.394819
0.016449,0.374355
0.025056,0.382724
0.030314,0.388696
0.040993,0.401749
0.012066,0.364618
0.017885,0.379830
0.009506,0.353230
0.038904,0.398371
0.010603,0.362389
0.002319,0.346526
0.013102,0.355138
0.044561,0.401013
0.042020,0.398240
0.031424,0.393310
0.007770,0.355610
0.018468,0.378180
0.009612,0.364902
0.028538,0.393984
0.030338,0.392341
0.011261,0.367785
0.011235,0.370040
0.020576,0.378759
0.007356,0.361116
0.015129,0.372030
0.016899,0.375591
0.002437,0.338415
0.023057,0.383496
0.033493,0.396146
0.050594,0.405807
0.029706,0.389466
0.119780,0.438637
0.023786,0.392718
0.047323,0.405226
0.024221,0.387174
0.009315,0.356397
0.044468,0.405982
0.029409,0.382488
0.015100,0.366025
0.019805,0.383831
0.008798,0.364734
0.040392,0.397786
0.031493,0.394754
0.006701,0.355614
0.038246,0.396128
0.014345,0.374317
0.022437,0.393027
0.005756,0.354374
0.014639,0.375686
0.091202,0.438856
0.015253,0.384405
0.062341,0.409482
0.013485,0.373251
0.012100,0.368815
0.010461,0.366367
0.006574,0.360360
0.011022,0.369649
0.030995,0.388590
0.002961,0.343422
0.011478,0.367924
0.014073,0.365462
0.016158,0.373284
0.015178,0.373983
0.012764,0.371551
0.053504,0.406452
0.069785,0.409987
0.006871,0.357328
0.037959,0.397035
0.026958,0.387053
0.017892,0.378882
0.007494,0.354186
0.056736,0.409863
0.004989,0.351207
0.027605,0.392748
0.017854,0.381821
0.044185,0.399421
0.026694,0.395866
0.021030,0.377604
0.026474,0.387425
0.009851,0.364840
0.027457,0.388705
0.018436,0.378550
0.029908,0.393383
0.023587,0.383071
0.013763,0.376314
0.020172,0.395993
0.041790,0.395857
0.018295,0.380590
0.020231,0.378015
0.021530,0.379928
0.021611,0.386242
0.035923,0.394907
0.020188,0.375150
0.011169,0.361599
0.034064,0.395000
0.047344,0.403102
0.029797,0.392680
0.030968,0.388765
0.023158,0.380688
0.035216,0.394765
0.028847,0.390231
0.060245,0.410040
0.020618,0.376840
0.036260,0.391093
0.025328,0.386168
0.032073,0.395768
0.029421,0.389693
0.014492,0.373961
0.031602,0.387717
0.035954,0.392773
0.020221,0.375194
0.021496,0.382732
0.031857,0.391529
0.010894,0.367112
0.028192,0.389696
0.020563,0.386987
0.036240,0.397915
0.034525,0.392734
0.019566,0.375358
0.015332,0.371369
0.054622,0.406388
0.024154,0.380692
0.048788,0.407637
0.029921,0.384945
0.026380,0.382893
0.006538,0.355144
0.040032,0.394319
0.007024,0.363377
0.015417,0.369667
0.015629,0.373818
0.017848,0.374014
0.018688,0.384078
0.005187,0.356576
0.027296,0.385487
0.008663,0.358519
0.012617,0.371970
0.038587,0.401165
0.026952,0.389259
0.039103,0.398977
0.029692,0.388573
0.020163,0.379209
0.019706,0.378670
0.034130,0.392398
0.027884,0.387346
0.017511,0.376017
0.021254,0.382736
0.018241,0.375629
0.026062,0.390273
0.003291,0.346798
0.005536,0.353016
0.006913,0.361805
0.111280,0.435173
0.032583,0.408502
0.010028,0.370677
0.009105,0.363010
0.030201,0.389687
0.008282,0.363597
0.017186,0.375288
0.040546,0.399072
0.043031,0.398546
0.019251,0.379548
0.022850,0.380351
0.018061,0.379743
0.021931,0.379340
0.038366,0.395125
0.012431,0.372531
0.028085,0.391825
0.022928,0.382252
0.013397,0.372629
0.024428,0.380761
0.038641,0.401574
0.010073,0.373330
0.040399,0.399910
0.048428,0.405393
0.018102,0.378937
0.427495,0.481719
0.006735,0.361482
0.043751,0.409899
0.014001,0.376423
0.018708,0.390633
0.018046,0.386122
0.053576,0.408971
0.056042,0.408945
0.015530,0.378683
0.027711,0.390765
0.050070,0.411537
0.014690,0.373758
0.014975,0.371351
0.033387,0.390344
0.014761,0.380648
0.015024,0.377122
0.007610,0.353805
0.006317,0.349202
0.026045,0.385016
0.018782,0.382304
0.004665,0.342052
0.020331,0.373160
0.024624,0.384001
0.015888,0.373196
0.009051,0.366458
0.050060,0.405428
0.016716,0.372114
0.049530,0.402219
0.011816,0.367666
0.010933,0.368015
0.031683,0.392848
0.010378,0.371215
0.012954,0.374448
0.013035,0.375276
0.023295,0.384743
0.247622,0.454699
0.033896,0.399454
0.044072,0.399488
0.052652,0.411420
0.026242,0.385521
0.082422,0.422646
0.011836,0.375453
0.008356,0.359301
0.029615,0.392431
0.048668,0.410472
0.020924,0.384394
0.020911,0.372432
0.037818,0.395764
0.017682,0.378151
0.011963,0.373339
0.007740,0.357440
0.051968,0.402115
0.030928,0.389274
0.003364,0.341499
0.023264,0.383163
0.038332,0.401896
0.016831,0.381040
0.032964,0.395976
0.023806,0.376464
0.050455,0.404968
0.035868,0.394063
0.041467,0.397011
0.025099,0.380650
0.014043,0.375892
0.022374,0.381382
0.011329,0.369553
0.015778,0.371953
0.026179,0.390206
0.020013,0.380107
0.015994,0.379568
0.039961,0.398207
0.016506,0.375067
0.027314,0.385020
0.241719,0.456995
0.015754,0.374809
0.017731,0.383342
0.022158,0.397206
0.023721,0.391984
0.021267,0.384432
0.018094,0.377608
0.021498,0.380239
0.039816,0.398323
0.014085,0.369567
0.032064,0.388896
0.016183,0.370681
0.044002,0.403530
0.005580,0.344797
0.042504,0.402585
0.023069,0.385285
0.085676,0.421961
0.032010,0.391990
0.018363,0.370094
0.018091,0.377418
0.048840,0.415349
0.049076,0.403784
0.007724,0.360224
0.021642,0.382037
0.017466,0.374913
0.005947,0.367659
0.018322,0.376311
0.029077,0.387234
0.003282,0.349252
0.008585,0.361746
0.028106,0.388117
0.020097,0.381421
0.026449,0.388494
0.009621,0.365256
0.026469,0.388534
0.009130,0.357326
0.007983,0.361283
0.010855,0.365127
0.024416,0.386736
0.023330,0.379028
0.014638,0.369761
0.022813,0.395427
0.033177,0.386341
0.009883,0.368747
0.027360,0.387857
0.018695,0.379294
0.010929,0.369794
0.117613,0.441664
0.016000,0.378990
0.007377,0.353673
0.036927,0.396154
0.024712,0.384317
0.028419,0.402631
0.059496,0.413656
0.282527,0.462193
0.014408,0.376642
0.020259,0.384225
0.033595,0.397018
0.018185,0.386084
0.074091,0.423498
0.034873,0.396914
0.019318,0.385547
0.026463,0.385653
0.022464,0.384093
0.009647,0.368823
0.035821,0.395865
0.053030,0.405926
0.017525,0.374572
0.027948,0.388377
0.046999,0.399638
0.025171,0.385871
0.019000,0.374482
0.023185,0.379209
0.069444,0.408398
0.014489,0.374328
0.024345,0.381681
0.010068,0.359184
0.049607,0.411222
0.054091,0.414530
0.004105,0.338662
0.029794,0.403652
0.030793,0.392355
0.008606,0.366821
0.053650,0.405504
0.055053,0.405971
0.010527,0.367900
0.015814,0.373273
0.014831,0.377171
0.258983,0.471144
0.060212,0.410017
0.048226,0.408822
0.030041,0.386327
0.007151,0.355949
0.031342,0.393440
0.021737,0.382759
0.019483,0.382840
0.012576,0.385264
0.033455,0.387388
0.041022,0.410588
0.010066,0.360423
0.019392,0.365689
0.018600,0.391626
0.050157,0.410534
0.014356,0.374230
0.021717,0.388358
0.018972,0.372447
0.019862,0.384477
0.020147,0.381536
0.015079,0.373833
0.012898,0.371465
0.116274,0.428889
0.062881,0.413983
0.013727,0.381855
0.012697,0.369394
0.033754,0.395863
0.044679,0.400554
0.024361,0.385847
0.017087,0.367170
0.010189,0.367710
0.014621,0.370733
0.005355,0.355126
0.021450,0.384567
0.036484,0.397226
0.021087,0.382371
0.058728,0.406845
0.053356,0.404354
0.024570,0.388237
0.010002,0.374607
0.016674,0.375013
0.039387,0.393964
0.038495,0.398036
0.042895,0.406184
0.028261,0.383062
0.010902,0.363803
0.017093,0.374329
0.006737,0.355925
0.366236,0.467304
0.026546,0.388496
0.013602,0.374053
0.020148,0.379004
0.028057,0.391784
0.013584,0.374942
0.006815,0.345892
0.023311,0.383498
0.017315,0.377854
0.017573,0.373886
0.017950,0.382026
0.019079,0.381369
0.015642,0.373823
0.042511,0.405465
0.008713,0.358535
0.023221,0.387984
0.015940,0.373487
0.025917,0.386776
0.049936,0.407063
0.025076,0.381048
0.024090,0.387423
0.022523,0.383283
0.026371,0.374492
0.025015,0.384521
0.002530,0.325120
0.030062,0.388785
0.027004,0.388602
0.024462,0.381685
0.012045,0.367846
0.030883,0.391301
0.025767,0.385235
0.037306,0.398001
0.061725,0.413599
0.017166,0.371117
0.016337,0.377732
0.016645,0.378755
0.011497,0.380446
0.007443,0.345081
0.032112,0.386598
0.014344,0.383622
0.024852,0.381438
0.026919,0.387064
0.063639,0.409545
0.008050,0.365004
0.007254,0.374196
0.003192,0.346947
0.140209,0.453372
0.019001,0.382051
0.020012,0.378354
0.006933,0.360325
0.026414,0.395446
0.040216,0.412845
0.013668,0.370291
0.017543,0.377496
0.018051,0.376147
0.006713,0.347002
0.066105,0.410825
0.022183,0.375792
0.012790,0.371481
0.118214,0.445780
0.009770,0.359650
0.049128,0.404259
0.092372,0.422972
0.007594,0.349575
0.016186,0.374502
0.008606,0.365191
0.005576,0.361265
0.040900,0.411006
0.019069,0.385831
0.011951,0.368931
0.016115,0.376976
0.019202,0.378369
0.022456,0.384971
0.028701,0.390462
0.067826,0.412407
0.025309,0.385719
0.051896,0.408010
0.021069,0.376876
0.001725,0.330762
0.007958,0.353252
0.028658,0.390043
0.014042,0.365121
0.015183,0.372761
0.031735,0.392128
0.011606,0.367005
0.023770,0.379894
0.024536,0.379669
0.023294,0.381166
0.015331,0.373673
0.036442,0.394234
0.004963,0.351466
0.024988,0.391541
0.015644,0.377781
0.027122,0.392359
0.075455,0.420202
0.023746,0.393617
0.021407,0.384805
0.006464,0.356593
0.020018,0.383540
0.011117,0.370123
0.203998,0.451150
0.004395,0.356755
0.140485,0.432144
0.047116,0.401125
0.016910,0.376207
0.024853,0.377916
0.012073,0.366389
0.036931,0.392577
0.017732,0.373760
0.018736,0.372672
0.036886,0.393130
0.004869,0.341899
0.023253,0.381808
0.031060,0.389866
0.053883,0.412782
0.033521,0.396396
0.023594,0.385480
0.024313,0.382948
0.031556,0.390551
0.032222,0.391653
0.024313,0.387960
0.022510,0.381634
0.020600,0.378796
0.017875,0.376917
0.034926,0.394066
0.033100,0.391252
0.009058,0.361869
0.023422,0.383749
0.017012,0.373177
0.035256,0.394334
0.033638,0.397288
0.021245,0.379996
0.013005,0.372310
0.045671,0.400809
0.023904,0.389453
0.010099,0.359040
0.015078,0.369295
0.019167,0.379891
0.018126,0.380086
0.009830,0.364393
0.012503,0.371769
0.046962,0.399726
0.026813,0.399782
0.028100,0.387925
0.026525,0.387555
0.021424,0.385940
0.002119,0.338232
0.017354,0.380831
0.006390,0.354934
0.014458,0.369629
0.017884,0.375458
0.017723,0.381538
0.023657,0.387519
0.012260,0.373020
0.025249,0.387536
0.030095,0.384712
0.019894,0.383254
0.037314,0.403946
0.129420,0.443428
0.299953,0.464973
0.026770,0.388371
0.021630,0.381262
0.033023,0.392563
0.048609,0.411603
0.018072,0.380729
0.038148,0.397209
0.037327,0.396670
0.024342,0.384445
0.020412,0.381133
0.038286,0.412066
0.068005,0.422496
0.016870,0.378333
0.014264,0.372635
0.046257,0.408160
0.036847,0.392155
0.021057,0.373214
0.012330,0.376398
0.009477,0.360065
0.040290,0.398158
0.007061,0.365772
0.021415,0.375166
0.008713,0.357019
0.024084,0.381007
0.033415,0.397250
0.016992,0.375904
0.024490,0.388214
0.017636,0.391674
0.037554,0.407516
0.035145,0.395649
0.019774,0.381126
0.054441,0.407026
0.023256,0.383605
0.022044,0.385155
0.020701,0.384889
0.021958,0.384472
0.020130,0.379776
0.015633,0.380008
0.015218,0.369716
0.012856,0.365819
0.023950,0.395893
0.011327,0.362375
0.043763,0.403915
0.026741,0.382022
0.012701,0.370938
0.016880,0.377180
0.008547,0.357888
0.007307,0.363996
0.019265,0.380941
0.072926,0.415929
0.095094,0.415367
0.012723,0.368258
0.007567,0.368473
0.031486,0.389974
0.063835,0.407891
0.035952,0.394242
0.015510,0.371278
0.013577,0.366105
0.122699,0.444636
0.033476,0.391899
0.035528,0.390930
0.026217,0.385197
0.044564,0.403456
0.017301,0.378500
0.037724,0.398882
0.028679,0.378755
0.014325,0.372635
0.058663,0.407453
0.039623,0.398407
0.029812,0.389762
0.027955,0.391004
0.017267,0.369921
0.014579,0.374087
0.015573,0.370155
0.017601,0.370320
0.012364,0.368854
0.019690,0.381016
0.013599,0.372286
0.030829,0.386849
0.010104,0.366347
0.011053,0.357955
0.011482,0.356149
0.101063,0.421949
0.018459,0.378008
0.058599,0.406145
0.022702,0.384950
0.014147,0.374468
0.023716,0.384098
0.033454,0.394218
0.023002,0.385296
0.047509,0.402289
0.022978,0.383291
0.015449,0.372379
0.018478,0.375992
0.021985,0.382077
0.049844,0.403839
0.010012,0.359285
0.044713,0.402393
0.011241,0.375130
0.064806,0.409000
0.039298,0.397227
0.019281,0.380223
0.020469,0.376745
0.063142,0.411469
0.032672,0.391161
0.023760,0.390996
0.046027,0.401805
0.015294,0.370763
0.026388,0.385146
0.007768,0.356104
0.058034,0.406675
0.021427,0.381826
0.041284,0.397957
0.091277,0.421754
0.007923,0.357962
0.008794,0.365486
0.034331,0.387102
0.163722,0.447354
0.013869,0.368820
0.136871,0.434826
0.013645,0.367223
0.052157,0.403826
0.059703,0.409196
0.110633,0.425760
0.027496,0.386456
0.020776,0.383884
0.044986,0.404729
0.005292,0.350101
0.016654,0.375475
0.046110,0.400662
0.002621,0.329053
0.016346,0.373329
0.039017,0.398763
0.026146,0.390589
0.039400,0.400936
0.029791,0.387860
0.032504,0.390972
0.057130,0.405741
0.009873,0.356205
0.017312,0.379755
0.035874,0.395758
0.007797,0.362970
0.034242,0.395851
0.034968,0.397385
0.014884,0.372102
0.044319,0.403133
0.023703,0.384544
0.017592,0.379075
0.011696,0.371739
0.021792,0.380079
0.059195,0.416417
0.033496,0.390747
0.052592,0.404950
0.037000,0.393510
0.003990,0.333150
0.039873,0.400979
0.044378,0.406584
0.013746,0.372706
0.034793,0.396782
0.003633,0.343395
0.011406,0.371306
0.022505,0.384158
0.011001,0.357876
0.018730,0.380728
0.017560,0.378260
0.023011,0.381451
0.017203,0.370886
0.019794,0.381062
0.010794,0.365654
0.025838,0.385026
0.018253,0.378147
0.011138,0.365707
0.035130,0.393915
0.014688,0.371998
0.018868,0.378681
0.026543,0.388660
0.021614,0.383499
0.006096,0.360432
0.039662,0.398760
0.011159,0.364813
0.000685,0.309480
0.023619,0.387940
0.015892,0.372152
0.023806,0.385659
0.039822,0.404404
0.007317,0.353841
0.011617,0.370326
0.053576,0.412841
0.049310,0.394683
0.019954,0.387508
0.013741,0.377966
0.010485,0.370213
0.031461,0.392742
0.043203,0.397647
0.022396,0.383838
0.033643,0.396058
0.031969,0.388415
0.066942,0.414599
0.034423,0.390823
0.010398,0.362217
0.026120,0.387911
0.002670,0.337255
0.023096,0.381754
0.024736,0.386235
0.031338,0.396447
0.024996,0.386840
0.016263,0.373680
0.049236,0.403432
0.038376,0.395860
0.015351,0.371680
0.015213,0.372727
0.007860,0.357080
0.045480,0.400008
0.018208,0.376430
0.027386,0.390066
0.019557,0.379493
0.028060,0.390281
0.053099,0.406144
0.011568,0.368041
0.043570,0.407080
0.043731,0.403374
0.009595,0.372621
0.003583,0.344857
0.022715,0.384909
0.052774,0.408857
0.054864,0.405002
0.046633,0.402783
0.039768,0.395480
0.019180,0.379496
0.007350,0.360403
0.007732,0.362458
0.029392,0.389874
0.032878,0.391685
0.061807,0.409704
0.028191,0.390396
0.035253,0.391682
0.013739,0.370096
0.002994,0.330989
0.013054,0.370880
0.013980,0.373964
0.033432,0.390442
0.016682,0.376672
0.065745,0.412463
0.024690,0.386968
0.044569,0.400922
0.024268,0.377855
0.045793,0.399826
0.017953,0.380236
0.022850,0.380808
0.014646,0.367266
0.017306,0.374026
0.094116,0.425532
0.034477,0.393319
0.029652,0.392106
0.005746,0.345124
0.029546,0.390806
0.019531,0.374384
0.021159,0.379866
0.022411,0.379643
0.041560,0.398544
0.003002,0.331439
0.019581,0.387636
0.021589,0.380859
0.080328,0.416915
0.032257,0.391401
0.029331,0.387304
0.023838,0.381861
0.057129,0.409839
0.026342,0.385414
0.026391,0.386167
0.043271,0.399467
0.013101,0.362198
0.020587,0.380393
0.021387,0.379415
0.016072,0.374338
0.052427,0.403858
0.056035,0.406899
0.016341,0.373815
0.010296,0.367659
0.017754,0.373078
0.029714,0.390505
0.028764,0.390981
0.022045,0.381369
0.041476,0.402141
0.032998,0.394339
0.006811,0.356349
0.014119,0.377858
0.044359,0.408690
0.025143,0.387674
0.012954,0.371216
0.050518,0.409856
0.012476,0.374487
0.015953,0.366467
0.033059,0.393442
0.030377,0.380954
0.014815,0.368174
0.019180,0.380923
0.144890,0.437580
0.007535,0.353804
0.018016,0.374509
0.039028,0.388583
0.006864,0.355173
0.025099,0.387040
0.032767,0.386241
0.019911,0.380287
0.023256,0.382423
0.035257,0.396365
0.019757,0.377753
0.011287,0.366188
0.037613,0.387837
0.002856,0.335598
0.019102,0.377000
0.026179,0.386607
0.011687,0.368689
0.051455,0.402686
0.011831,0.360713
0.012615,0.353022
0.026683,0.391959
0.015954,0.373263
0.019678,0.383214
0.023460,0.378784
0.020240,0.387862
0.042442,0.399550
0.012545,0.366310
0.046981,0.399145
0.199321,0.445675
0.017511,0.378009
0.033207,0.390605
0.034763,0.395997
0.015660,0.373535
0.012594,0.371839
0.023880,0.386853
0.025361,0.381001
0.043881,0.400391
0.032853,0.403448
0.005718,0.345681
0.084254,0.423597
0.036530,0.397204
0.038154,0.394330
0.012866,0.368188
0.033675,0.392007
0.016814,0.380437
0.076725,0.419873
0.033670,0.388847
0.032458,0.393629
0.021811,0.386466
0.011170,0.364764
0.035737,0.394489
0.050194,0.406707
0.019735,0.381218
0.022483,0.380780
0.013494,0.371166
0.025872,0.384831
0.011988,0.366595
0.023253,0.386144
0.023332,0.384576
0.011948,0.359152
0.017113,0.376411
0.041764,0.399432
0.033567,0.384142
0.010921,0.361494
0.032573,0.386614
0.015788,0.376504
0.028496,0.386855
0.009077,0.367451
0.031084,0.390926
0.009810,0.359604
0.017172,0.368812
0.055634,0.403792
0.025315,0.390676
0.015330,0.376256
0.018666,0.382076
0.010799,0.373719
0.628308,0.520975
0.035135,0.393136
0.009039,0.360636
0.027300,0.387325
0.039675,0.406816
0.038275,0.403637
0.044966,0.399636
0.015239,0.373040
0.019041,0.384265
0.027063,0.386512
0.038714,0.397048
0.025965,0.400393
0.032575,0.393677
0.073015,0.413022
0.021198,0.376216
0.021730,0.380359
0.018493,0.378269
0.005436,0.348446
0.019610,0.374963
0.012901,0.371384
0.072362,0.413334
0.012692,0.374069
0.016143,0.376816
0.022981,0.386598
0.005779,0.359629
0.110396,0.432281
0.023656,0.385609
0.020716,0.380016
0.022381,0.384154
0.013112,0.371820
0.013788,0.370555
0.082510,0.423765
0.006231,0.352044
0.010247,0.358422
0.017315,0.372119
0.017524,0.374753
0.011395,0.369554
0.028278,0.389478
0.013349,0.372749
0.033228,0.391296
0.025095,0.383517
0.010691,0.374320
0.034127,0.392422
0.014649,0.377095
0.007665,0.347851
0.011428,0.362417
0.013063,0.368188
0.019441,0.374605
0.024432,0.387314
0.007675,0.357275
0.027184,0.389311
0.037315,0.396714
0.061650,0.413307
0.005987,0.348477
0.054151,0.403814
0.035994,0.393368
0.015729,0.367306
0.025103,0.386865
0.015424,0.379504
0.024877,0.379279
0.026566,0.390030
0.004885,0.356311
0.009788,0.366135
0.028831,0.390180
0.031256,0.392388
0.007143,0.350011
0.017861,0.383158
0.008035,0.356691
0.011587,0.361585
0.033617,0.391375
0.006652,0.358818
0.003659,0.354457
0.044530,0.400198
0.035045,0.396058
0.027569,0.392903
0.014853,0.373752
0.023374,0.384401
0.036085,0.386177
0.048299,0.403527
0.038285,0.402690
0.027240,0.388696
0.147961,0.444615
0.012050,0.368037
0.017352,0.372610
0.056111,0.409750
0.002885,0.329018
0.002399,0.328310
0.054463,0.409469
0.042924,0.397000
0.029267,0.387530
0.033982,0.395433
0.017024,0.375166
0.028941,0.389360
0.023529,0.382500
0.015155,0.374557
0.024253,0.383408
0.042301,0.398497
0.035040,0.395076
0.031222,0.395719
0.009542,0.363818
0.029890,0.396007
0.033827,0.396397
0.044045,0.401253
0.011241,0.369190
0.005973,0.357275
0.010443,0.349951
0.013275,0.364206
0.017726,0.370895
0.007528,0.357965
0.039409,0.395647
0.005852,0.345028
0.034533,0.392235
0.017405,0.372063
0.011100,0.373136
0.023206,0.387481
0.015823,0.374869
0.021466,0.387388
0.019323,0.377453
0.035891,0.405620
0.017620,0.382358
0.044226,0.400168
0.022703,0.380518
0.024060,0.387371
0.013681,0.370236
0.016415,0.373435
0.012120,0.367980
0.007119,0.358584
0.045163,0.401686
0.012028,0.367253
0.031935,0.393614
0.016654,0.372134
0.027100,0.381312
0.005681,0.353991
0.036660,0.393510
0.022112,0.378314
0.043629,0.401453
0.016035,0.368715
0.017920,0.375789
0.019204,0.380428
0.002017,0.322502
0.009038,0.362770
0.016899,0.379014
0.038816,0.396271
0.050558,0.405092
0.045077,0.398263
0.050594,0.401898
0.010805,0.367936
0.128059,0.436078
0.003184,0.338209
0.022924,0.385568
0.017350,0.378007
0.012832,0.371133
0.037604,0.397090
0.021060,0.381039
0.025344,0.388190
0.048890,0.404993
0.034902,0.397403
0.051625,0.407951
0.013819,0.370552
0.011420,0.367531
0.026765,0.387503
0.049328,0.402285
0.044317,0.401551
0.032836,0.394539
0.030616,0.390002
0.026533,0.390004
0.043145,0.402494
0.032933,0.395773
0.027702,0.388124
0.042705,0.400595
0.032020,0.392791
0.009197,0.363392
0.051137,0.405750
0.029184,0.388417
0.016310,0.372700
0.054545,0.408118
0.014402,0.371682
0.020691,0.380270
0.058880,0.411557
0.002130,0.335704
0.009806,0.373458
0.016518,0.381398
0.005895,0.351763
0.023685,0.381362
0.027475,0.389585
0.034650,0.396608
0.006356,0.355089
0.028589,0.389846
0.038552,0.399681
0.062586,0.411463
0.043659,0.400670
0.039527,0.402266
0.030840,0.393617
0.015138,0.377682
0.075545,0.423817
0.011403,0.375823
0.009924,0.364271
0.174050,0.445825
0.055564,0.412040
0.006115,0.363086
0.011775,0.362133
0.018946,0.380226
0.018726,0.378213
0.006448,0.350489
0.056219,0.403666
0.035503,0.398311
0.022160,0.383527
0.041478,0.398161
0.013412,0.380312
0.024827,0.390432
0.012182,0.361252
0.005277,0.359919
0.017010,0.373643
0.027000,0.395157
0.035607,0.395938
0.102357,0.427152
0.031194,0.390323
0.040440,0.399947
0.033477,0.391388
0.018720,0.379726
0.017793,0.371650
0.044742,0.400676
0.024203,0.383615
0.039068,0.393349
0.018118,0.377487
0.016476,0.373966
0.026919,0.385904
0.015480,0.371145
0.002700,0.337251
0.016843,0.371123
0.013854,0.367997
0.045044,0.403966
0.034530,0.392650
0.007843,0.349683
0.036460,0.392480
0.024133,0.382348
0.023158,0.381453
0.032681,0.391844
0.024997,0.386393
0.010551,0.368903
0.028330,0.386157
0.023316,0.386231
0.046639,0.401103
0.012736,0.368594
0.055872,0.407739
0.028090,0.396647
0.043286,0.401170
0.020290,0.379234
0.032703,0.405407
0.025314,0.386162
0.017242,0.378546
0.019397,0.377931
0.050843,0.406260
0.045979,0.402609
0.038222,0.400990
0.039243,0.396969
0.029598,0.387684
0.049421,0.403285
0.021882,0.383401
0.025596,0.385644
0.053407,0.402616
0.025877,0.387964
0.016602,0.375176
0.032946,0.392149
0.019793,0.379997
0.116879,0.434375
0.004179,0.347451
0.027443,0.385489
0.015573,0.375892
0.066238,0.410694
0.021586,0.382125
0.026112,0.384607
0.044193,0.401699
0.030986,0.393335
0.040798,0.402793
0.025648,0.389502
0.007305,0.352554
0.024721,0.385770
0.017212,0.373969
0.011252,0.358952
0.006353,0.361240
0.026385,0.387808
0.009728,0.356871
0.008782,0.342871
0.023698,0.374760
0.010149,0.356932
0.028869,0.390820
0.017052,0.376670
0.011504,0.367843
0.005219,0.372533
0.049606,0.405713
0.016598,0.373765
0.029934,0.389436
0.062525,0.407064
0.056875,0.405511
0.035394,0.393657
0.023698,0.395584
0.014718,0.377018
0.013928,0.371324
0.007913,0.360463
0.005545,0.354547
0.056989,0.408380
0.011787,0.366618
0.034932,0.395684
0.027411,0.390953
0.040126,0.399146
0.074214,0.414833
0.052127,0.400558
0.071535,0.413044
0.022463,0.381912
0.042891,0.398019
0.039874,0.397702
0.025942,0.388896
0.027628,0.386929
0.031455,0.391146
0.009463,0.367483
0.007257,0.356737
0.016555,0.379615
0.093253,0.424578
0.043685,0.402459
0.023317,0.386300
0.012575,0.373011
0.014546,0.372388
0.421031,0.486834
0.007905,0.368450
0.008959,0.359776
0.008336,0.368435
0.073490,0.417572
0.031244,0.389084
0.022276,0.385426
0.008841,0.362640
0.010483,0.363288
0.007598,0.343538
0.023130,0.390583
0.027528,0.389150
0.033391,0.395490
0.007500,0.353022
0.016811,0.376657
0.017718,0.376621
0.009088,0.361799
0.031732,0.396409
0.041808,0.399671
0.054970,0.408183
0.012111,0.369177
0.011926,0.372121
0.036466,0.395875
0.033628,0.395357
0.014265,0.371649
0.011271,0.369510
0.015370,0.375522
0.043226,0.405575
0.018899,0.379962
0.020058,0.384782
0.006588,0.359064
0.013269,0.371807
0.062102,0.412746
0.017147,0.364984
0.037220,0.393853
0.011033,0.373097
0.010394,0.367809
0.021572,0.396355
0.051192,0.405581
0.030565,0.387201
0.010417,0.358637
0.019176,0.379080
0.025328,0.384613
0.020602,0.381799
0.017281,0.383676
0.010884,0.359987
0.005670,0.345992
0.017256,0.369350
0.022935,0.377891
0.007167,0.341446
0.016710,0.378548
0.007414,0.348816
0.012250,0.364171
0.019914,0.382125
0.092869,0.420131
0.034354,0.394130
0.110466,0.432980
0.019327,0.380234
0.026581,0.390698
0.049021,0.405017
0.014796,0.377349
0.028631,0.390507
0.034837,0.394114
0.055600,0.408128
0.030047,0.392983
0.046253,0.403455
0.024255,0.387134
0.020984,0.382048
0.019603,0.382592
0.053444,0.412077
0.063390,0.407471
0.030644,0.393861
0.028116,0.390813
0.029763,0.390326
0.025643,0.389348
0.031727,0.388757
0.015671,0.372510
0.027040,0.389483
0.037926,0.396981
0.030606,0.392581
0.136192,0.441616
0.035974,0.394896
0.004935,0.353043
0.020134,0.386482
0.050642,0.403399
0.010549,0.368880
0.015245,0.378999
0.026002,0.392933
0.027352,0.388314
0.012554,0.371744
0.095950,0.427556
0.078067,0.418870
0.023725,0.398585
0.013148,0.362645
0.046709,0.402066
0.012321,0.362251
0.008527,0.363649
0.015545,0.378832
0.024881,0.381236
0.033661,0.397668
0.017935,0.385023
0.004717,0.347084
0.023733,0.378834
0.035026,0.392616
0.009252,0.362542
0.030878,0.396650
0.017741,0.383371
0.015194,0.377240
0.033593,0.394492
0.019523,0.379871
0.015259,0.368563
0.042176,0.395917
0.023932,0.377374
0.029786,0.391231
0.013339,0.373503
0.022715,0.380972
0.019438,0.371945
0.036105,0.397182
0.025208,0.388582
0.011795,0.366881
0.017897,0.373189
0.154190,0.434890
0.017466,0.374259
0.005801,0.355807
0.009600,0.354843
0.037039,0.400823
0.023526,0.384830
0.028027,0.388545
0.012677,0.383626
0.010122,0.366756
0.031307,0.393791
0.014217,0.366602
0.007708,0.361749
0.023049,0.384165
0.028876,0.400648
0.010232,0.362439
0.012829,0.363405
0.009021,0.350153
0.052374,0.405504
0.024373,0.386540
0.002616,0.343659
0.014150,0.382101
0.061114,0.402580
0.009075,0.361616
0.020472,0.379196
0.034559,0.393792
0.014242,0.358984
0.005303,0.343633
0.012999,0.365537
0.040652,0.399128
0.045955,0.398210
0.016686,0.377306
0.029032,0.394632
0.070066,0.411864
0.046186,0.401931
0.030805,0.390782
0.014916,0.375167
0.030706,0.384999
0.012049,0.369810
0.032718,0.387792
0.174484,0.446521
0.040374,0.399720
0.063544,0.419638
0.023346,0.382428
0.059639,0.410079
0.033574,0.398178
0.015322,0.367711
0.026155,0.389971
0.030674,0.391877
0.027832,0.391585
0.045596,0.395017
0.040999,0.397260
0.020206,0.372133
0.009007,0.360946
0.022440,0.385179
0.012087,0.370506
0.023485,0.382646
0.024154,0.382914
0.011862,0.363412
0.056559,0.408897
0.010902,0.364589
0.013401,0.362408
0.032144,0.390876
0.018940,0.378168
0.020405,0.382012
0.014471,0.368285
0.007954,0.351862
0.017938,0.380346
0.022145,0.380843
0.005170,0.349368
0.098806,0.423563
0.024209,0.386051
0.013964,0.375535
0.010336,0.364310
0.015893,0.376872
0.053593,0.408256
0.018770,0.386903
0.069168,0.413689
0.028787,0.391759
0.010992,0.361931
0.023158,0.382037
0.009106,0.355656
0.021101,0.380598
0.012062,0.373548
0.024448,0.387792
0.040871,0.400672
0.017808,0.377472
0.024262,0.380489
0.009809,0.371675
0.015525,0.379421
0.011207,0.379103
0.017972,0.383392
0.093864,0.429015
0.038283,0.396829
0.004407,0.350423
0.041427,0.403767
0.053139,0.406101
0.017459,0.377083
0.012979,0.378139
0.029890,0.395031
0.056369,0.413993
0.027476,0.393013
0.005736,0.345729
0.008155,0.361579
0.014013,0.372480
0.009287,0.366179
0.056689,0.418989
0.008089,0.364446
0.030872,0.391914
0.044303,0.401258
0.017378,0.378841
0.008657,0.369679
0.021505,0.380169
0.068646,0.417321
0.021541,0.383210
0.017817,0.373618
0.009360,0.368572
0.015428,0.375943
0.032891,0.393131
0.021378,0.378838
0.024153,0.382517
0.034153,0.391282
0.015237,0.371609
0.026355,0.385868
0.022268,0.375779
0.016750,0.363653
0.021409,0.383019
0.066007,0.410129
0.010518,0.366664
0.030121,0.389796
0.029338,0.380544
0.061839,0.412508
0.031212,0.391574
0.015844,0.384093
0.025859,0.387321
0.025319,0.385159
0.009661,0.355889
0.018785,0.382966
0.014285,0.371007
0.019921,0.393898
0.052184,0.402923
0.012144,0.372385
0.024217,0.384315
0.017458,0.377751
0.041109,0.397371
0.008495,0.360343
0.002426,0.332435
0.015629,0.375036
0.035996,0.392275
0.010479,0.367910
0.077199,0.423593
0.032179,0.390285
0.014787,0.361723
0.018209,0.379744
0.031076,0.387934
0.025559,0.386584
0.040486,0.398071
0.038768,0.395649
0.035732,0.394800
0.053133,0.406081
0.063913,0.413736
0.039420,0.397878
0.025297,0.385726
0.034294,0.394323
0.051540,0.405605
0.064197,0.407802
0.043933,0.399005
0.030175,0.389494
0.029239,0.389436
0.030226,0.391042
0.017965,0.377008
0.018905,0.382185
0.017812,0.367193
0.020999,0.382101
0.018711,0.365403
0.015758,0.370742
0.007747,0.357408
0.024967,0.385716
0.015350,0.376765
0.056083,0.404197
0.043823,0.398471
0.029323,0.390558
0.023387,0.385989
0.026187,0.385301
0.041070,0.399907
0.018964,0.385142
0.041638,0.403324
0.020978,0.378979
0.020205,0.380745
0.043884,0.399546
0.034918,0.393662
0.066077,0.409648
0.004505,0.349219
0.028739,0.389606
0.025780,0.399709
0.005126,0.354709
0.037995,0.396437
0.025544,0.388129
0.014661,0.381956
0.008648,0.364182
0.020903,0.379386
0.007605,0.360208
0.017072,0.374048
0.033839,0.393041
0.022635,0.377855
0.020385,0.383108
0.032414,0.393872
0.040260,0.400198
0.013794,0.368828
0.012467,0.360057
0.012697,0.370863
0.020018,0.378706
0.032522,0.392608
0.021679,0.381940
0.024861,0.385823
0.023440,0.387375
0.029110,0.400018
0.020423,0.380481
0.065240,0.411184
0.029365,0.390618
0.040972,0.395013
0.077042,0.413703
0.011574,0.375202
0.024730,0.386002
0.025558,0.383721
0.014633,0.366638
0.025358,0.379331
0.031531,0.405692
0.033267,0.394822
0.022611,0.384092
0.016758,0.376398
0.023446,0.385886
0.087707,0.419363
0.010222,0.356731
0.012564,0.365597
0.020085,0.380147
0.013531,0.373853
0.017183,0.379686
0.034122,0.395168
0.017464,0.378040
0.008359,0.373118
0.009934,0.362361
0.012844,0.362813
0.006091,0.353951
0.038809,0.397798
0.018057,0.379178
0.002458,0.341431
0.028521,0.387319
0.009000,0.364228
0.007549,0.358725
0.014933,0.371853
0.017214,0.379207
0.027761,0.388761
0.016874,0.376623
0.014400,0.373013
0.030645,0.387926
0.024203,0.382484
0.008343,0.356239
0.033536,0.393573
0.043354,0.397737
0.083633,0.418466
0.022081,0.382310
0.024697,0.390209
0.042753,0.402280
0.031672,0.391876
0.051955,0.405607
0.021403,0.380719
0.031229,0.387799
0.031909,0.404197
0.036253,0.395486
0.019445,0.382802
0.018375,0.380185
0.003331,0.356525
0.017215,0.374266
0.017256,0.369496
0.002067,0.333467
0.021148,0.384126
0.039318,0.399348
0.018057,0.378501
0.053140,0.404955
0.032523,0.400642
0.041812,0.397310
0.024055,0.385170
0.016867,0.382402
0.003483,0.346778
0.022103,0.387452
0.014236,0.367418
0.013569,0.363035
0.083826,0.432905
0.029897,0.387017
0.014891,0.370561
0.015117,0.374596
0.019547,0.379172
0.074084,0.414797
0.016441,0.378046
0.003293,0.344094
0.019937,0.379659
0.021556,0.381509
0.009100,0.361065
0.016728,0.384986
0.017973,0.380989
0.034726,0.395317
0.012650,0.371705
0.019350,0.380427
0.016676,0.375949
0.034936,0.394233
0.014226,0.378731
0.052272,0.413963
0.019106,0.383700
0.092317,0.429041
0.019525,0.382042
0.015220,0.378228
0.010287,0.366449
0.008869,0.361452
0.045015,0.403335
0.024256,0.385810
0.063286,0.409622
0.024514,0.384509
0.014456,0.374384
0.008984,0.353767
0.031269,0.386348
0.016876,0.376489
0.039914,0.400370
0.027861,0.389358
0.022073,0.382392
0.021164,0.383310
0.023991,0.389039
0.041244,0.398738
0.053370,0.406019
0.027729,0.385530
0.028216,0.388858
0.026372,0.385582
0.036508,0.395040
0.055409,0.406290
0.017713,0.382726
0.188163,0.438724
0.008587,0.363495
0.019099,0.377610
0.011060,0.369159
0.020726,0.383153
0.043665,0.410932
0.024660,0.393876
0.031349,0.394091
0.060839,0.407081
0.011181,0.358842
0.006623,0.354210
0.019437,0.381570
0.072291,0.418398
0.025152,0.388134
0.033446,0.394371
0.014587,0.374864
0.039600,0.391546
0.030055,0.399001
0.005989,0.348314
0.004545,0.350056
0.015823,0.376099
0.056652,0.410609
0.027147,0.393057
0.032625,0.393682
0.036473,0.395566
0.009331,0.363872
0.006112,0.354763
0.010146,0.373932
0.002980,0.334799
0.026689,0.387750
0.009276,0.366528
0.053104,0.405748
0.038277,0.389273
0.044145,0.404670
0.019118,0.378215
0.044100,0.401880
0.058217,0.407919
0.032386,0.391679
0.049994,0.403829
0.047742,0.404995
0.033551,0.391794
0.055762,0.406310
0.028844,0.389637
0.013853,0.378342
0.039317,0.396809
0.099419,0.422191
0.019856,0.379737
0.003824,0.346007
0.012734,0.379166
0.060514,0.407895
0.014343,0.378023
0.008963,0.359800
0.014839,0.388934
0.011920,0.369771
0.016599,0.374835
0.029340,0.386575
0.029248,0.391678
0.011418,0.367251
0.047516,0.395656
0.013415,0.373909
0.039110,0.400685
0.027970,0.390324
0.016544,0.370134
0.016588,0.365646
0.007460,0.350419
0.017285,0.390680
0.022841,0.383221
0.022811,0.379959
0.034841,0.396116
0.029789,0.377836
0.004461,0.357909
0.019557,0.380773
0.005767,0.375605
0.015270,0.372656
0.024890,0.377049
0.012263,0.364378
0.026507,0.386618
0.011876,0.366252
0.005151,0.348068
0.018314,0.384410
0.189705,0.445969
0.020866,0.381243
0.034577,0.394694
0.160354,0.435768
0.013098,0.367839
0.039873,0.398277
0.027889,0.389631
0.034785,0.390932
0.010877,0.373227
0.019194,0.386814
0.007582,0.361408
0.022810,0.379726
0.015283,0.379023
0.003121,0.346985
0.013743,0.371342
0.040401,0.399848
0.012001,0.369785
0.013086,0.367977
0.016368,0.374824
0.008130,0.351032
0.037096,0.401848
0.016391,0.381583
0.039560,0.408703
0.083283,0.428847
0.027526,0.405174
0.033819,0.410211
0.034626,0.406514
0.010988,0.369111
0.019929,0.379796
0.012750,0.364359
0.018059,0.370696
0.003568,0.346338
0.036077,0.395046
0.026780,0.390012
0.047304,0.400541
0.038956,0.397591
0.081098,0.425085
0.009437,0.352431
0.028468,0.391373
0.004450,0.343311
0.013742,0.369087
0.029416,0.386370
0.026692,0.386926
0.029191,0.386726
0.010263,0.360197
0.020560,0.379105
0.048817,0.400757
0.024265,0.387578
0.156191,0.450253
0.032089,0.389014
0.003822,0.346335
0.009385,0.358466
0.007911,0.353020
0.017261,0.380141
0.031136,0.393577
0.009183,0.356191
0.026579,0.385539
0.023162,0.381328
0.012946,0.372550
0.054993,0.412583
0.024563,0.389270
0.024635,0.396078
0.016011,0.371887
0.015817,0.377144
0.023143,0.382945
0.045393,0.393338
0.049582,0.411856
0.014551,0.367963
0.010003,0.366510
0.009580,0.364296
0.019711,0.376400
0.080683,0.411657
0.017543,0.368976
0.015907,0.373606
0.014782,0.368964
0.010848,0.361812
0.017572,0.378389
0.016030,0.395615
0.014618,0.372481
0.060429,0.411769
0.059852,0.425889
0.014226,0.376513
0.152510,0.427436
0.027906,0.397691
0.008292,0.365588
0.003673,0.339722
0.008522,0.353427
0.019228,0.381889
0.009987,0.364080
0.052624,0.405655
0.015272,0.375602
0.014714,0.367519
0.010834,0.362237
0.009237,0.372803
0.019605,0.384561
0.019691,0.379900
0.020947,0.383029
0.032312,0.390647
0.009840,0.363236
0.010474,0.363449
0.020049,0.379063
0.011914,0.363423
0.012419,0.374797
0.029761,0.394622
0.045332,0.409181
0.005540,0.352484
0.008061,0.360291
0.010693,0.369117
0.008973,0.361650
0.009515,0.379313
0.038975,0.392767
0.025600,0.385455
0.018977,0.370616
0.008818,0.364579
0.028985,0.411429
0.014411,0.362874
0.034663,0.397360
0.004145,0.340707
0.010314,0.353095
0.008414,0.368141
0.014824,0.361409
0.029188,0.390069
0.005334,0.345249
0.068621,0.411736
0.002735,0.338064
0.014330,0.371835
0.049097,0.395880
0.025135,0.386819
0.019319,0.379008
0.017420,0.369909
0.023792,0.382828
0.021129,0.381008
0.008466,0.360327
0.026970,0.387788
0.015040,0.378581
0.018139,0.376215
0.040650,0.396426
0.026721,0.388334
0.008622,0.354122
0.020304,0.377416
0.031795,0.393018
0.036267,0.397142
0.052881,0.407456
0.029556,0.392631
0.028972,0.389608
0.006103,0.352072
0.011177,0.370361
0.013357,0.384817
0.002683,0.336919
0.013505,0.381350
0.023772,0.384069
0.022836,0.383520
0.030396,0.394757
0.089362,0.421617
0.034748,0.395596
0.023478,0.386514
0.010808,0.359668
0.038892,0.398687
0.031775,0.396548
0.042825,0.409707
0.024403,0.388109
0.029271,0.389510
0.021603,0.385704
0.020744,0.381603
0.017398,0.377802
0.018679,0.377579
0.029405,0.391824
0.016642,0.378593
0.006310,0.353257
0.005771,0.348977
0.024231,0.383376
0.012925,0.368394
0.002906,0.350231
0.021157,0.383367
0.022759,0.382917
0.014169,0.369970
0.019682,0.381410
0.113472,0.430533
0.015811,0.369564
0.008853,0.354660
0.005679,0.355867
0.034251,0.390991
0.015207,0.379615
0.008956,0.369207
0.007957,0.364520
0.033254,0.396154
0.035962,0.394215
0.028825,0.389131
0.033443,0.403202
0.010264,0.364869
0.031050,0.392431
0.023686,0.386152
0.015817,0.378857
0.075438,0.416553
0.016479,0.374737
0.008317,0.362571
0.061147,0.410221
0.029582,0.400148
0.005958,0.347377
0.012476,0.373028
0.030593,0.390197
0.051969,0.403929
0.019704,0.380074
0.050992,0.407290
0.040425,0.398961
0.008921,0.367206
0.017653,0.382273
0.026800,0.386624
0.032566,0.395005
0.017401,0.382406
0.045466,0.404602
0.032163,0.388676
0.042326,0.401571
0.024309,0.386412
0.052479,0.403918
0.009226,0.360195
0.022316,0.384418
0.023614,0.385348
0.009000,0.357651
0.016448,0.379475
0.042834,0.399071
0.022498,0.383120
0.079195,0.421581
0.073624,0.414926
0.033896,0.392508
0.043853,0.406925
0.029801,0.392395
0.017166,0.376875
0.026146,0.385047
0.034025,0.393330
0.007715,0.359403
0.025854,0.384675
0.003860,0.347090
0.104732,0.431331
0.026127,0.392164
0.015811,0.377933
0.004709,0.348647
0.011434,0.365627
0.036635,0.396827
0.014070,0.362842
0.053436,0.407116
0.100309,0.437828
0.050279,0.403367
0.122267,0.429421
0.059273,0.409364
0.004753,0.329870
0.019341,0.380325
0.047012,0.400965
0.026443,0.386322
0.040282,0.396937
0.022078,0.377806
0.042939,0.403062
0.015493,0.369705
0.027770,0.385178
0.021036,0.380277
0.022101,0.381776
0.023557,0.383459
0.022592,0.386733
0.014164,0.373785
0.011180,0.377663
0.004284,0.334882
0.009329,0.372057
0.059907,0.412694
0.041865,0.396165
0.010898,0.369455
0.022785,0.388224
0.023919,0.386605
0.075588,0.423428
0.042718,0.405460
0.013470,0.368386
0.019800,0.378363
0.010193,0.375576
0.008341,0.369392
0.028129,0.388377
0.020059,0.386852
0.004138,0.347776
0.032582,0.384691
0.014835,0.376039
0.008381,0.360439
0.072923,0.413506
0.024801,0.385552
0.110461,0.430242
0.006812,0.364512
0.028960,0.394106
0.008806,0.353709
0.020593,0.378688
0.020595,0.377229
0.036200,0.402804
0.039460,0.406609
0.017980,0.381346
0.008110,0.359960
0.024257,0.382155
0.003876,0.346770
0.012426,0.370765
0.013946,0.372504
0.017728,0.371120
0.033524,0.395209
0.015233,0.368744
0.005934,0.354684
0.044486,0.401680
0.042466,0.400646
0.042685,0.401901
0.015179,0.368330
0.024232,0.387170
0.032081,0.393821
0.015855,0.373925
0.040655,0.395927
0.048945,0.403014
0.022839,0.385651
0.019282,0.374492
0.025604,0.381815
0.058684,0.415335
0.004416,0.355866
0.034575,0.393334
0.019893,0.378644
0.025042,0.388352
0.044062,0.402628
0.023159,0.383870
0.019039,0.377331
0.031657,0.390297
0.015854,0.378456
0.018332,0.387251
0.032783,0.392569
0.034466,0.396486
0.023973,0.378000
0.032510,0.393325
0.048047,0.399315
0.034268,0.391279
0.023522,0.385981
0.022213,0.382608
0.032173,0.390813
0.013108,0.372416
0.079234,0.415508
0.028602,0.390281
0.020428,0.386371
0.016446,0.373444
0.297738,0.469154
0.026759,0.390640
0.031680,0.389465
0.004910,0.352408
0.024166,0.391148
0.040038,0.391000
0.014447,0.372992
0.044369,0.399401
0.008248,0.352837
0.049438,0.407283
0.004576,0.341753
0.007092,0.350876
0.040641,0.401555
0.015654,0.376541
0.026632,0.388576
0.022049,0.372941
0.028946,0.388083
0.062674,0.418198
0.019203,0.379049
0.029674,0.393928
0.051952,0.406732
0.012395,0.368749
0.008733,0.356340
0.020366,0.380658
0.031683,0.390012
0.006983,0.356460
0.055645,0.413718
0.007740,0.360117
0.029808,0.384113
0.016023,0.379369
0.020667,0.381464
0.005009,0.355706
0.006406,0.362172
0.018365,0.375952
0.030421,0.391560
0.067782,0.413496
0.014082,0.374668
0.035943,0.394738
0.013629,0.359541
0.017574,0.377655
0.024094,0.380078
0.038038,0.398673
0.077619,0.415719
0.018966,0.380431
0.012279,0.371002
0.008896,0.358733
0.035462,0.398128
0.004638,0.356304
0.019036,0.383708
0.016337,0.370820
0.020437,0.387326
0.019247,0.387467
0.007809,0.362953
0.016133,0.376256
0.052823,0.405567
0.039416,0.408217
0.038259,0.391784
0.005317,0.348546
0.034927,0.394641
0.126191,0.430288
0.005801,0.357576
0.021898,0.384560
0.017310,0.378331
0.021650,0.384186
0.016534,0.376645
0.042935,0.399387
0.034907,0.403528
0.046422,0.401883
0.026712,0.389069
0.021044,0.380095
0.014384,0.377255
0.012062,0.370059
0.016828,0.377465
0.056771,0.406674
0.018551,0.380160
0.019472,0.381478
0.050522,0.402506
0.007640,0.354225
0.048748,0.403662
0.013207,0.372094
0.046922,0.400568
0.033017,0.386399
0.039360,0.393953
0.013963,0.372608
0.020503,0.378538
0.040503,0.400888
0.021430,0.381542
0.038904,0.395861
0.019512,0.376113
0.030067,0.390915
0.026620,0.383602
0.022254,0.377929
0.037097,0.394822
0.040075,0.397392
0.023859,0.386780
0.039855,0.395315
0.111320,0.424329
0.044357,0.401299
0.025998,0.388904
0.016569,0.375121
0.030418,0.398813
0.017246,0.370367
0.032394,0.403513
0.015782,0.367927
0.042958,0.398363
0.013247,0.358511
0.035048,0.398242
0.037184,0.401070
0.014149,0.373893
0.032452,0.389623
0.014749,0.375085
0.049816,0.401737
0.012474,0.367336
0.030995,0.395177
0.014247,0.373014
0.019586,0.383476
0.020217,0.381601
0.015261,0.371723
0.013181,0.372146
0.046866,0.402521
0.039638,0.402698
0.003893,0.354853
0.011071,0.369244
0.016910,0.379009
0.011264,0.373710
0.006091,0.358169
0.008670,0.364457
0.015694,0.366784
0.019518,0.381090
0.039790,0.398879
0.014529,0.369802
0.023791,0.381604
0.022444,0.387801
0.083676,0.426393
0.034778,0.393818
0.067158,0.412119
0.023820,0.385265
0.037086,0.392213
0.049214,0.403892
0.011560,0.365466
0.012377,0.373181
0.016485,0.375757
0.012720,0.367207
0.013184,0.361336
0.011591,0.369153
0.042090,0.398436
0.022631,0.383041
0.014339,0.371640
0.042118,0.400917
0.003689,0.353690
0.005817,0.351825
0.022412,0.400339
0.008397,0.361624
0.011045,0.369879
0.035650,0.391528
0.053496,0.405669
0.039126,0.396461
0.003382,0.347278
0.010810,0.366692
0.115777,0.436426
0.043230,0.403908
0.017632,0.376448
0.010954,0.362662
0.018205,0.379581
0.002572,0.337655
0.081646,0.412368
0.031613,0.391084
0.007730,0.357328
0.020640,0.386627
0.119791,0.421424
0.009815,0.357915
0.045139,0.401965
0.061577,0.409420
0.019018,0.378319
0.013224,0.372188
0.052641,0.408148
0.015939,0.379018
0.037049,0.387761
0.011068,0.368200
0.030963,0.392148
0.031020,0.391197
0.004275,0.339622
0.022157,0.385041
0.016697,0.378550
0.057615,0.407890
0.014177,0.371431
0.024068,0.385975
0.025811,0.388803
0.018419,0.383235
0.014472,0.376141
0.016098,0.375113
0.019707,0.383607
0.011876,0.373236
0.011000,0.368680
0.013000,0.373191
0.038965,0.397001
0.016508,0.379720
0.012069,0.377648
0.021616,0.380505
0.014508,0.368028
0.022020,0.385331
0.029889,0.390251
0.019085,0.382627
0.064833,0.411608
0.047951,0.398430
0.009324,0.368298
0.024180,0.383781
0.046329,0.401404
0.013337,0.359522
0.024035,0.383948
0.012227,0.366679
0.017501,0.377804
0.049343,0.404290
0.038755,0.393630
0.013414,0.362017
0.006031,0.348149
0.031442,0.383779
0.052948,0.400586
0.016645,0.366841
0.011065,0.366820
0.049423,0.402581
0.015567,0.371352
0.022976,0.389755
0.013541,0.384033
0.008196,0.362289
0.013590,0.375728
0.010440,0.361426
0.066057,0.410812
0.009964,0.363895
0.038368,0.399909
0.058899,0.405721
0.021464,0.380795
0.014924,0.371232
0.024977,0.388261
0.030645,0.392940
0.037112,0.395947
0.050566,0.407095
0.013293,0.367637
0.067908,0.412952
0.073426,0.417940
0.012536,0.371509
0.018668,0.373976
0.034791,0.393006
0.055588,0.413477
0.010635,0.360556
0.012775,0.368009
0.052740,0.403813
0.024528,0.386876
0.015135,0.368591
0.001584,0.325491
0.017342,0.371336
0.018683,0.384457
0.028904,0.390428
0.002304,0.331686
0.041188,0.401263
0.005468,0.347427
0.060768,0.411444
0.022905,0.381041
0.019147,0.377087
0.050121,0.400977
0.016241,0.372790
0.014003,0.374527
0.208969,0.456404
0.014515,0.371782
0.020716,0.382406
0.010790,0.367237
0.025360,0.388372
0.020202,0.380355
0.042061,0.398023
0.027785,0.385981
0.052310,0.413173
0.027309,0.388401
0.014385,0.373788
0.022777,0.390568
0.009435,0.355587
0.044723,0.393216
0.013016,0.363552
0.030494,0.389976
0.026075,0.385614
0.027759,0.385655
0.018205,0.382735
0.024469,0.384634
0.043951,0.403214
0.015218,0.368047
0.031744,0.388294
0.024886,0.381559
0.028399,0.383759
0.010144,0.362741
0.042858,0.398003
0.022376,0.382998
0.035668,0.394918
0.074547,0.417203
0.027407,0.392019
0.030448,0.390766
0.020305,0.380485
0.012430,0.375462
0.028599,0.398057
0.009087,0.367571
0.027209,0.396643
0.022753,0.394614
0.033156,0.395694
0.015321,0.376917
0.016109,0.376486
0.062450,0.408680
0.017505,0.374667
0.036647,0.393888
0.030182,0.391473
0.031510,0.390223
0.120042,0.445929
0.109637,0.418781
0.051680,0.404749
0.009683,0.361388
0.107565,0.427824
0.049959,0.404457
0.038999,0.403196
0.015589,0.370125
0.053959,0.398456
0.039022,0.396968
0.011803,0.370598
0.027172,0.388128
0.012808,0.368010
0.033672,0.391378
0.002908,0.340810
0.027565,0.389585
0.029358,0.394264
0.023860,0.375060
0.003822,0.351566
0.023736,0.376430
0.030803,0.393374
0.022200,0.384385
0.012972,0.373140
0.025299,0.384924
0.015520,0.375096
0.013696,0.371467
0.016651,0.378569
0.004099,0.347183
0.042839,0.393210
0.034283,0.394888
0.013528,0.370219
0.016890,0.374217
0.053800,0.404273
0.018656,0.380042
0.019222,0.378790
0.026181,0.389596
0.022825,0.384561
0.037240,0.398813
0.055092,0.407232
0.027944,0.387016
0.018459,0.376667
0.024453,0.386863
0.031571,0.389392
0.044140,0.398864
0.035634,0.403548
0.018507,0.376831
0.011795,0.367421
0.030680,0.392101
0.019070,0.376252
0.016691,0.375988
0.012853,0.365121
0.009870,0.365216
0.049245,0.407739
0.038094,0.395437
0.028567,0.391575
0.029109,0.392338
0.006522,0.352444
0.014034,0.374421
0.021614,0.384136
0.014356,0.373065
0.038724,0.399630
0.006440,0.354790
0.040559,0.397844
0.015627,0.368673
0.014892,0.373550
0.003382,0.344585
0.029258,0.388868
0.037224,0.396833
0.017928,0.379452
0.008820,0.351405
0.029730,0.388490
0.025214,0.384562
0.009648,0.366443
0.022836,0.383192
0.001375,0.325128
0.016659,0.370548
0.023384,0.392130
0.004871,0.333534
0.006961,0.364627
0.015290,0.376033
0.014600,0.373126
0.010757,0.371127
0.032853,0.389962
0.085762,0.422485
0.010147,0.355266
0.052727,0.404939
0.041135,0.398641
0.067950,0.411391
0.027726,0.387210
0.036102,0.395002
0.028562,0.389217
0.050886,0.402435
0.016655,0.372863
0.016990,0.379853
0.031387,0.389976
0.064337,0.408542
0.036872,0.399005
0.021615,0.380492
0.013589,0.374216
0.022414,0.377321
0.025353,0.387348
0.045909,0.400837
0.040478,0.410112
0.037960,0.396241
0.019667,0.389275
0.016502,0.375218
0.010846,0.364161
0.010897,0.370615
0.277635,0.460675
0.015154,0.371884
0.017802,0.374843
0.018277,0.381081
0.007947,0.362678
0.138765,0.444121
0.033490,0.387597
0.035726,0.402578
0.022271,0.379939
0.009542,0.362822
0.013431,0.372464
0.024351,0.388003
0.009016,0.357742
0.014936,0.377632
0.003171,0.333693
0.018005,0.374241
0.008338,0.357135
0.035938,0.391841
0.009769,0.362004
0.029543,0.392420
0.054879,0.407652
0.016794,0.375267
0.052262,0.401969
0.018905,0.381187
0.031747,0.399450
0.043156,0.400490
0.034229,0.396655
0.009987,0.363701
0.014349,0.367607
0.049911,0.405241
0.014699,0.377736
0.022535,0.384063
0.015113,0.365907
0.021559,0.384365
0.011684,0.366164
0.013232,0.372087
0.209037,0.450259
0.029835,0.389631
0.005878,0.356250
0.065545,0.410156
0.153538,0.434745
0.002126,0.341765
0.033907,0.394167
0.013426,0.372839
0.007980,0.357415
0.017554,0.373979
0.069875,0.417002
0.038127,0.396544
0.042383,0.401756
0.025872,0.388199
0.005879,0.351058
0.056054,0.406627
0.005902,0.345569
0.004711,0.348920
0.061272,0.408820
0.019624,0.380675
0.026768,0.383314
0.012366,0.371069
0.012766,0.369075
0.004489,0.345193
0.009505,0.367196
0.011973,0.368712
0.032296,0.392076
0.026065,0.389303
0.015698,0.375345
0.034810,0.393360
0.031505,0.391188
0.022793,0.379096
0.031192,0.394141
0.015905,0.378731
0.032634,0.390712
0.048871,0.404848
0.049174,0.402661
0.027805,0.386231
0.028035,0.387986
0.019885,0.372736
0.037254,0.396942
0.050246,0.404718
0.009939,0.357685
0.025194,0.385294
0.032404,0.393319
0.005592,0.347549
0.041011,0.398127
0.021243,0.379675
0.029202,0.385287
0.043783,0.402297
0.018199,0.376098
0.020137,0.381301
0.025207,0.385312
0.033247,0.387801
0.028272,0.383123
0.033038,0.393298
0.010281,0.359783
0.017617,0.375663
0.025185,0.371786
0.085626,0.414720
0.011572,0.369775
0.019308,0.377528
0.052718,0.413535
0.040861,0.399150
0.018166,0.388590
0.012986,0.375810
0.031123,0.393642
0.011198,0.368824
0.030006,0.399824
0.014217,0.377340
0.023771,0.394913
0.091216,0.431670
0.005578,0.352448
0.013525,0.370688
0.006853,0.353876
0.020987,0.384963
0.008018,0.359720
0.022098,0.385282
0.014950,0.372003
0.028160,0.386286
0.022057,0.382133
0.016919,0.373056
0.036262,0.401813
0.042355,0.401336
0.010814,0.374894
0.037871,0.399060
0.053245,0.410644
0.003923,0.348728
0.026325,0.390256
0.034109,0.394631
0.014095,0.377851
0.017972,0.377471
0.015537,0.371585
0.051629,0.407613
0.022705,0.383858
0.046241,0.402389
0.008383,0.363520
0.046745,0.404846
0.047732,0.406718
0.039124,0.397853
0.045507,0.405188
0.031702,0.392092
0.012048,0.367350
0.011475,0.361889
0.018708,0.378256
0.012343,0.369098
0.015090,0.374512
0.044676,0.403067
0.030912,0.389801
0.036571,0.393110
0.011302,0.365807
0.030178,0.390526
0.026277,0.393638
0.004280,0.357247
0.091918,0.417004
0.007143,0.359845
0.024092,0.380875
0.031002,0.393389
0.010833,0.360977
0.014256,0.372323
0.036232,0.395471
0.060176,0.408675
0.016213,0.374819
0.008345,0.354382
0.027641,0.383513
0.023643,0.388917
0.027794,0.386638
0.002684,0.329622
0.052489,0.408519
0.003972,0.342003
0.016536,0.380379
0.043713,0.402650
0.058460,0.403660
0.010915,0.368705
0.091071,0.425519
0.004137,0.344173
0.031454,0.391909
0.047046,0.403571
0.012134,0.369913
0.012158,0.367261
0.030243,0.391610
0.017588,0.385916
0.062317,0.405274
0.029048,0.392180
0.044076,0.401331
0.063220,0.409623
0.012960,0.368796
0.062551,0.406359
0.022549,0.382305
0.031380,0.392463
0.016664,0.378904
0.010372,0.363447
0.017787,0.371071
0.003764,0.341208
0.043319,0.404778
0.014515,0.362010
0.018277,0.375227
0.015049,0.379128
0.037202,0.396576
0.038688,0.396197
0.021732,0.382604
0.041484,0.397702
0.042048,0.398117
0.011887,0.372006
0.009647,0.359408
0.032267,0.391107
0.034353,0.396719
0.022428,0.370110
0.035081,0.392864
0.052692,0.410333
0.023054,0.386208
0.045834,0.401913
0.027110,0.386827
0.031239,0.393045
0.017975,0.380777
0.032403,0.390280
0.010697,0.361740
0.007897,0.357895
0.033481,0.394460
0.044371,0.401249
0.026045,0.386719
0.019164,0.377159
0.022115,0.379791
0.029143,0.388645
0.013458,0.379028
0.022602,0.387841
0.174867,0.448832
0.090070,0.422147
0.026306,0.381055
0.070125,0.415388
0.020944,0.384486
0.033684,0.392989
0.039055,0.400371
0.019402,0.382883
0.032579,0.398803
0.005008,0.349100
0.017331,0.363252
0.022802,0.375321
0.019206,0.376157
0.018669,0.380357
0.032763,0.390948
0.041444,0.396157
0.045459,0.398974
0.026611,0.390885
0.009703,0.365372
0.001778,0.341583
0.012251,0.375320
0.010955,0.371643
0.024532,0.389950
0.011698,0.370652
0.026713,0.384793
0.029760,0.389613
0.007481,0.352413
0.023878,0.375071
0.021291,0.382850
0.032131,0.394051
0.032994,0.395021
0.022886,0.382243
0.026423,0.384044
0.030806,0.392186
0.033354,0.392781
0.026896,0.386088
0.013489,0.377842
0.028687,0.389905
0.023557,0.375345
0.026682,0.385596
0.015389,0.373982
0.031616,0.392929
0.021516,0.377867
0.025177,0.389556
0.004808,0.349333
0.016759,0.377342
0.094742,0.423654
0.017268,0.373786
0.074517,0.414170
0.010946,0.361119
0.011869,0.372497
0.032405,0.405197
0.013827,0.370014
0.026815,0.387969
0.034142,0.396027
0.016120,0.363807
0.022142,0.388446
0.019309,0.379486
0.027193,0.391874
0.013167,0.369052
0.063930,0.417778
0.012366,0.357827
0.015966,0.379633
0.019165,0.378525
0.011324,0.368181
0.008565,0.362255
0.032244,0.391377
0.008090,0.362091
0.012948,0.370773
0.009743,0.364366
0.017081,0.375861
0.003670,0.337044
0.023064,0.388763
0.021839,0.383205
0.013973,0.373390
0.021660,0.376077
0.047549,0.407369
0.012704,0.368844
0.008823,0.363640
0.033511,0.393338
0.023751,0.386487
0.033746,0.394127
0.014613,0.383593
0.008305,0.362297
0.042253,0.401797
0.022725,0.382218
0.007340,0.374630
0.017790,0.375147
0.045227,0.404469
0.004480,0.345848
0.030244,0.391073
0.071391,0.423939
0.018726,0.377061
0.244096,0.448505
0.005147,0.343227
0.015379,0.379615
0.026086,0.389114
0.021908,0.386558
0.011653,0.362470
0.016199,0.382584
0.048593,0.404156
0.033228,0.392915
0.033542,0.394412
0.177987,0.440447
0.096778,0.429404
0.038724,0.398794
0.051465,0.410762
0.029229,0.393198
0.048005,0.407565
0.009580,0.366153
0.023711,0.382401
0.013792,0.387884
0.033178,0.399007
0.029139,0.396461
0.038296,0.397710
0.029282,0.398619
0.057606,0.416032
0.025610,0.389547
0.022521,0.375425
0.126160,0.441910
0.119617,0.432922
0.025625,0.383382
0.013050,0.369203
0.026974,0.387118
0.003723,0.335087
0.028850,0.387088
0.007106,0.353072
0.009435,0.363862
0.984781,0.609468
0.026314,0.382130
0.049697,0.402513
0.005324,0.347549
0.017873,0.376085
0.010701,0.361569
0.313878,0.462774
0.020779,0.379632
0.018655,0.378755
0.012300,0.367306
0.029818,0.383577
0.012657,0.365925
0.019294,0.381279
0.032315,0.394523
0.023848,0.376781
0.027403,0.387497
0.019602,0.374256
0.076829,0.416168
0.021846,0.380050
0.084093,0.419123
0.031145,0.395018
0.025979,0.385734
0.019301,0.384275
0.030254,0.392569
0.105779,0.425887
0.015522,0.374987
0.011576,0.366790
0.006565,0.354051
0.016334,0.374023
0.017248,0.379809
0.022157,0.387176
0.052983,0.410864
0.020717,0.387237
0.029468,0.393556
0.014162,0.378776
0.028228,0.399053
0.018611,0.389936
0.014845,0.374303
0.024728,0.385868
0.035838,0.399115
0.025518,0.384942
0.070548,0.422036
0.046680,0.398006
0.008683,0.356378
0.080747,0.416671
0.010575,0.359399
0.013836,0.373481
0.013580,0.368699
0.025565,0.385823
0.015794,0.368611
0.013152,0.369456
0.023424,0.383870
0.027387,0.388966
0.040377,0.398722
0.014086,0.371645
0.040187,0.399935
0.001731,0.328669
0.022534,0.377047
0.045410,0.408219
0.020530,0.386396
0.034402,0.401541
0.030788,0.393827
0.018593,0.379023
0.040891,0.399745
0.011830,0.372589
0.021553,0.384104
0.018894,0.377390
0.022688,0.383864
0.048125,0.414860
0.027489,0.389589
0.201288,0.446879
0.150185,0.443229
0.025002,0.385407
0.021002,0.379792
0.067511,0.413144
0.029859,0.394608
0.015069,0.372224
0.010150,0.365187
0.020607,0.380354
0.029597,0.387485
0.035602,0.392822
0.017732,0.376671
0.023127,0.383174
0.038254,0.397423
0.026859,0.388951
0.034373,0.391431
0.100276,0.431278
0.024022,0.384426
0.019014,0.380832
0.020567,0.383902
0.029040,0.392855
0.011900,0.377372
0.105209,0.427041
0.013783,0.369725
0.018840,0.384010
0.038031,0.395347
0.042422,0.404414
0.015095,0.368299
0.021555,0.385533
0.049506,0.402691
0.024152,0.384361
0.020895,0.381131
0.024657,0.380801
0.019661,0.384202
0.023119,0.383406
0.008317,0.359042
0.016963,0.378841
0.034943,0.392668
0.044379,0.400820
0.010676,0.369409
0.021918,0.395375
0.021102,0.383034
0.013681,0.369115
0.029807,0.396387
0.029668,0.388684
0.058758,0.404528
0.216814,0.465991
0.024839,0.387090
0.013724,0.374779
0.013900,0.369571
0.095198,0.421411
0.010339,0.362042
0.011492,0.364753
0.013054,0.367392
0.034452,0.384167
0.005110,0.351990
0.019952,0.381764
0.006786,0.354305
0.022056,0.385273
0.013296,0.363908
0.008364,0.360319
0.034895,0.391333
0.005598,0.356606
0.013120,0.371851
0.006222,0.356794
0.010735,0.365378
0.005844,0.360664
0.051353,0.406415
0.020543,0.384679
0.020407,0.385316
0.032479,0.392309
0.032348,0.395658
0.027614,0.391130
0.112948,0.432600
0.019981,0.376503
0.024353,0.387584
0.023746,0.385679
0.009817,0.357314
0.021578,0.382550
0.024900,0.386409
0.011250,0.361327
0.042508,0.400625
0.003716,0.348463
0.009096,0.369230
0.026719,0.382968
0.021100,0.383378
0.013884,0.383462
0.015042,0.373702
0.006328,0.356675
0.007336,0.348324
0.054019,0.406133
0.061416,0.410552
0.073120,0.410060
0.003153,0.332771
0.015209,0.380039
0.040559,0.396800
0.028895,0.386623
0.003097,0.347610
0.032777,0.410917
0.016057,0.382354
0.049577,0.403967
0.048143,0.402047
0.034478,0.392413
0.043931,0.398180
0.031669,0.385600
0.014032,0.374186
0.025748,0.388406
0.020939,0.382498
0.005873,0.349280
0.021311,0.372298
0.029697,0.389641
0.020958,0.376996
0.105061,0.428519
0.010853,0.359103
0.023258,0.383498
0.019714,0.378589
0.030212,0.389965
0.023688,0.385172
0.018863,0.377659
0.048075,0.404631
0.030597,0.390763
0.025584,0.388121
0.044593,0.419889
0.008434,0.371467
0.034745,0.389089
0.016762,0.373727
0.026843,0.397616
0.024080,0.385628
0.020958,0.383187
0.256160,0.461902
0.038081,0.399357
0.008895,0.360745
0.018565,0.379418
0.065865,0.407489
0.054106,0.407186
0.023083,0.383485
0.010795,0.369131
0.050348,0.402924
0.007931,0.354867
0.026172,0.392911
0.011584,0.373367
0.011178,0.379476
0.017016,0.386164
0.069978,0.418365
0.004864,0.346529
0.037405,0.397728
0.477331,0.484211
0.017559,0.374661
0.028633,0.390207
0.013684,0.370383
0.016651,0.369201
0.025045,0.383598
0.025871,0.388495
0.019992,0.379313
0.015462,0.377187
0.032053,0.393534
0.046349,0.402106
0.019703,0.382636
0.015562,0.378956
0.027476,0.391669
0.033413,0.392891
0.023432,0.381619
0.020818,0.382237
0.061098,0.407140
0.018681,0.379077
0.032835,0.390333
0.051115,0.401682
0.022513,0.378162
0.045286,0.399624
0.026111,0.387743
0.020644,0.379969
0.047073,0.399963
0.021353,0.381731
0.006714,0.356984
0.016158,0.364039
0.052598,0.404049
0.023144,0.384193
0.009451,0.356647
0.028151,0.388263
0.045493,0.401870
0.070004,0.413369
0.019639,0.378800
0.010183,0.349671
0.010164,0.362628
0.033691,0.395483
0.013368,0.369264
0.019915,0.378023
0.117482,0.425683
0.039462,0.396117
0.021016,0.383434
0.032379,0.392355
0.005746,0.344980
0.024816,0.384102
0.016487,0.375774
0.025758,0.385536
0.056411,0.406188
0.077030,0.412739
0.022687,0.385070
0.023199,0.385558
0.021055,0.382321
0.027179,0.389713
0.013506,0.374164
0.020100,0.381224
0.031793,0.393657
0.031152,0.387091
0.042369,0.400070
0.014362,0.373319
0.004966,0.330347
0.032403,0.395931
0.018271,0.377418
0.029822,0.394778
0.027045,0.398915
0.008843,0.361904
0.063398,0.410952
0.005397,0.350326
0.019212,0.381586
0.015355,0.374301
0.012669,0.370571
0.025648,0.393073
0.053886,0.405360
0.035092,0.397809
0.032462,0.387040
0.026500,0.389143
0.014192,0.373892
0.030524,0.392413
0.026415,0.386207
0.018870,0.377732
0.015682,0.373371
0.030805,0.390611
0.071142,0.418569
0.034333,0.396487
0.009054,0.368809
0.035998,0.387357
0.079223,0.420062
0.014974,0.366158
0.031848,0.392055
0.025057,0.390581
0.007695,0.355175
0.027006,0.402953
0.037745,0.403515
0.071449,0.419465
0.011705,0.374966
0.012910,0.362169
0.013891,0.375738
0.006917,0.352554
0.024648,0.384771
0.049352,0.413070
0.022789,0.384403
0.048005,0.403608
0.018203,0.377477
0.028624,0.387745
0.081708,0.411883
0.018897,0.377685
0.014155,0.372625
0.006673,0.358802
0.011558,0.375200
0.026612,0.386191
0.009481,0.358988
0.038015,0.404250
0.006298,0.352795
0.007284,0.356578
0.032333,0.403141
0.008786,0.365720
0.026338,0.393172
0.004783,0.347421
0.013879,0.376217
0.012792,0.370905
0.015708,0.368128
0.035217,0.394981
0.021823,0.382866
0.012217,0.364708
0.030376,0.386011
0.010906,0.350505
0.014492,0.367053
0.029793,0.388413
0.029225,0.397020
0.033951,0.396042
0.064778,0.411431
0.014961,0.384052
0.012109,0.361952
0.010019,0.360508
0.023835,0.383886
0.025858,0.385509
0.031095,0.392131
0.027415,0.389058
0.025187,0.383655
0.010216,0.358216
0.021673,0.381047
0.019324,0.379621
0.020868,0.377769
0.016557,0.367717
0.024580,0.383660
0.015618,0.372400
0.041641,0.397793
0.010504,0.362995
0.011668,0.368644
0.007048,0.355031
0.006188,0.350039
0.019600,0.378503
0.022155,0.385570
0.096102,0.421802
0.012507,0.367425
0.044114,0.401350
0.015637,0.371325
0.023545,0.382668
0.015609,0.368523
0.019609,0.375267
0.029530,0.390568
0.037642,0.397568
0.013852,0.364074
0.009580,0.356800
0.014192,0.372312
0.041383,0.401857
0.025362,0.389716
0.010673,0.361488
0.002484,0.338295
0.013920,0.376714
0.012323,0.370342
0.044519,0.397493
0.028902,0.393107
0.017749,0.378292
0.022785,0.382016
0.016721,0.373638
0.009150,0.363813
0.031153,0.389969
0.011403,0.367046
0.058944,0.407143
0.039641,0.398020
0.027537,0.387139
0.014428,0.374401
0.016068,0.372441
0.055727,0.407435
0.018945,0.373726
0.031649,0.390744
0.035677,0.401419
0.035243,0.394302
0.006808,0.355804
0.025823,0.384537
0.032327,0.395013
0.011564,0.357195
0.032736,0.392217
0.019549,0.376471
0.053193,0.404534
0.018504,0.376137
0.031276,0.393954
0.003537,0.350285
0.017800,0.377098
0.024044,0.384083
0.018784,0.379572
0.017836,0.373293
0.014709,0.378852
0.213986,0.454752
0.027273,0.381787
0.018261,0.373643
0.040892,0.401018
0.009344,0.361772
0.119412,0.438090
0.006726,0.361439
0.006862,0.361194
0.037179,0.392696
0.037840,0.406725
0.019958,0.372008
0.020958,0.380047
0.054613,0.405699
0.022072,0.384058
0.023057,0.386565
0.023851,0.382856
0.030069,0.392444
0.046805,0.402087
0.027296,0.395569
0.015348,0.373481
0.012351,0.371179
0.019056,0.371773
0.011638,0.361907
0.028147,0.390467
0.040337,0.401394
0.012810,0.369083
0.012386,0.365076
0.017102,0.380194
0.027513,0.389388
0.007918,0.355234
0.018590,0.378097
0.008442,0.352443
0.023262,0.389274
0.014977,0.368976
0.016543,0.375948
0.004805,0.348073
0.034222,0.391556
0.023889,0.381576
0.030995,0.394531
0.061417,0.408532
0.031724,0.390538
0.029328,0.393915
0.026430,0.391067
0.009895,0.367309
0.029521,0.393898
0.026639,0.387243
0.005791,0.356659
0.026308,0.386741
0.033569,0.395389
0.016879,0.374899
0.014401,0.375243
0.020520,0.381368
0.036966,0.397108
0.024429,0.386868
0.054672,0.405350
0.026426,0.389484
0.017991,0.372171
0.015638,0.374017
0.043966,0.404602
0.018409,0.379835
0.008614,0.360701
0.008863,0.359188
0.018698,0.380998
0.011012,0.359874
0.003555,0.344272
0.023422,0.387817
0.092534,0.422248
0.012991,0.370928
0.021286,0.378288
0.082440,0.427425
0.025765,0.385540
0.004862,0.351375
0.048726,0.412753
0.025981,0.386779
0.014533,0.372939
0.031264,0.397087
0.028633,0.392485
0.081530,0.420151
0.014681,0.364157
0.014546,0.372825
0.004726,0.343020
0.011689,0.362016
0.024543,0.379015
0.021783,0.379247
0.003437,0.336714
0.008264,0.345950
0.107650,0.431892
0.011449,0.370901
0.028396,0.394657
0.019314,0.377332
0.023507,0.382670
0.012539,0.364039
0.306111,0.464363
0.026076,0.387571
0.011243,0.373410
0.021107,0.387490
0.020660,0.379222
0.035056,0.396317
0.030741,0.390504
0.016387,0.378055
0.063878,0.417715
0.045575,0.400715
0.083596,0.412267
0.126486,0.432983
0.018068,0.379451
0.071034,0.411891
0.008645,0.368096
0.010907,0.356675
0.012465,0.373846
0.028155,0.386121
0.076733,0.418282
0.018602,0.376946
0.021175,0.377113
0.018400,0.376659
0.071796,0.411371
0.024285,0.384306
0.017801,0.378459
0.023229,0.375739
0.019501,0.379666
0.020221,0.380222
0.029718,0.391114
0.012201,0.368097
0.013347,0.370710
0.030995,0.392741
0.014147,0.373235
0.006349,0.355717
0.022150,0.378967
0.021780,0.388740
0.022494,0.380755
0.016549,0.376082
0.028313,0.390089
0.047804,0.401021
0.013924,0.377230
0.013387,0.362755
0.012905,0.375336
0.015536,0.376288
0.013497,0.370947
0.016636,0.372519
0.023204,0.380356
0.016716,0.380151
0.020756,0.379341
0.040558,0.398127
0.005663,0.343068
0.011326,0.365965
0.013278,0.369335
0.028662,0.389480
0.027066,0.394941
0.032082,0.393699
0.048128,0.400124
0.052163,0.405620
0.019585,0.380713
0.008604,0.370607
0.005120,0.347881
0.014964,0.378079
0.014835,0.371413
0.016479,0.374395
0.020363,0.371788
0.069026,0.413569
0.017759,0.380736
0.013085,0.365644
0.007366,0.358674
0.014806,0.366681
0.013702,0.370219
0.042886,0.399120
0.023545,0.383563
0.019421,0.380235
0.018209,0.378137
0.021049,0.385897
0.042726,0.413466
0.006602,0.359283
0.034435,0.397016
0.020916,0.376932
0.012909,0.366327
0.023006,0.391794
0.032925,0.391751
0.034161,0.397134
0.028411,0.389377
0.131937,0.440908
0.010708,0.359217
0.023798,0.382660
0.015319,0.377543
0.031527,0.390087
0.012141,0.371563
0.033636,0.395268
0.030003,0.386508
0.013255,0.371008
0.013670,0.372611
0.018565,0.377015
0.049485,0.403284
0.011973,0.370493
0.035049,0.394651
0.075831,0.412855
0.011444,0.368655
0.038446,0.396703
0.035723,0.394809
0.025228,0.365443
0.092877,0.417891
0.021050,0.381957
0.013611,0.374291
0.031368,0.395269
0.007442,0.355046
0.005409,0.346859
0.062327,0.418157
0.012862,0.363699
0.013554,0.371744
0.005366,0.357472
0.036764,0.389436
0.025526,0.389387
0.069366,0.411430
0.007241,0.356869
0.023694,0.386046
0.020412,0.396132
0.029727,0.392268
0.007781,0.362573
0.022448,0.381059
0.024727,0.381531
0.016807,0.378208
0.021433,0.380377
0.031251,0.394823
0.033141,0.391421
0.029017,0.389318
0.060512,0.412190
0.021099,0.381761
0.018520,0.380451
0.027093,0.382114
0.049125,0.405649
0.020348,0.383408
0.020431,0.382196
0.018519,0.391384
0.031948,0.392602
0.016200,0.374430
0.047288,0.405227
0.011882,0.363521
0.043328,0.400454
0.015558,0.370770
0.061911,0.411088
0.047178,0.401849
0.020963,0.378937
0.015651,0.376746
0.017647,0.378242
0.016479,0.371985
0.020185,0.378115
0.029405,0.385107
0.015925,0.376470
0.015454,0.366123
0.017149,0.376014
0.040625,0.399016
0.011597,0.368245
0.005062,0.354665
0.036300,0.392779
0.008809,0.353830
0.012424,0.355637
0.032494,0.392195
0.009660,0.367362
0.078137,0.417789
0.024960,0.384727
0.037655,0.390503
0.023225,0.382798
0.015581,0.375883
0.019085,0.378186
0.048256,0.402431
0.070107,0.411144
0.003844,0.344439
0.035329,0.394376
0.041201,0.400966
0.013157,0.368162
0.021746,0.384323
0.052760,0.403994
0.053988,0.404934
0.022253,0.383006
0.022058,0.378557
0.017739,0.377526
0.024961,0.381170
0.036570,0.391366
0.013340,0.372167
0.034996,0.395795
0.017906,0.377206
0.048941,0.402769
0.021127,0.381386
0.011148,0.364130
0.027984,0.383493
0.033533,0.393436
0.045702,0.400337
0.028938,0.390681
0.030950,0.392930
0.021091,0.379617
0.015491,0.372229
0.030460,0.386340
0.026193,0.383780
0.021316,0.386567
0.029721,0.380915
0.026760,0.386195
0.019166,0.382664
0.002252,0.330373
0.010501,0.367989
0.020315,0.371589
0.016348,0.382320
0.018911,0.370366
0.039352,0.398422
0.053353,0.407997
0.045850,0.402555
0.034978,0.397932
0.029338,0.390714
0.028998,0.392779
0.091108,0.426734
0.001993,0.331330
0.039257,0.396746
0.040596,0.402855
0.025930,0.384440
0.008054,0.359191
0.038475,0.395633
0.019660,0.384505
0.016683,0.382857
0.011765,0.369421
0.011614,0.370868
0.035758,0.397406
0.043077,0.400804
0.027852,0.387979
0.030477,0.387769
0.043202,0.402609
0.007914,0.365230
0.093255,0.423447
0.018332,0.370071
0.006639,0.349405
0.016527,0.374400
0.022971,0.381826
0.017590,0.373773
0.010888,0.371716
0.034873,0.394904
0.016236,0.378016
0.020743,0.376830
0.046996,0.402952
0.032629,0.392268
0.021795,0.382192
0.024590,0.383763
0.013327,0.375099
0.007649,0.365882
0.056334,0.419377
0.022288,0.375886
0.009958,0.356054
0.002374,0.330003
0.017087,0.378121
0.007079,0.345342
0.034479,0.393582
0.023286,0.384792
0.024808,0.386183
0.030458,0.387855
0.026800,0.387004
0.011522,0.360655
0.027380,0.390748
0.048261,0.404748
0.012981,0.369167
0.038218,0.397076
0.022507,0.385601
0.003435,0.335298
0.006302,0.349962
0.031959,0.391467
0.012133,0.364740
0.063734,0.414448
0.029381,0.389383
0.037258,0.394276
0.018363,0.376526
0.027766,0.388229
0.153962,0.450566
0.033903,0.394229
0.015953,0.373171
0.028063,0.388499
0.027368,0.386742
0.018292,0.374735
0.023703,0.385879
0.069939,0.413321
0.015368,0.374037
0.020592,0.388891
0.029536,0.390983
0.032934,0.391225
0.034368,0.393395
0.025766,0.391405
0.012496,0.365870
0.028681,0.391506
0.024069,0.385518
0.036771,0.396792
0.011827,0.363057
0.060331,0.410157
0.014615,0.366001
0.029354,0.392641
0.038189,0.396529
0.031933,0.392767
0.029244,0.386763
0.023456,0.385817
0.039269,0.394106
0.025983,0.376080
0.013214,0.369564
0.017760,0.380050
0.032586,0.389191
0.021557,0.379387
0.022621,0.382260
0.016913,0.377333
0.036401,0.398780
0.086825,0.424716
0.022991,0.381067
0.029147,0.389893
0.009145,0.362858
0.029889,0.386323
0.041575,0.378292
0.032925,0.392727
0.039967,0.396697
0.007406,0.354261
0.020119,0.376691
0.025732,0.385136
0.025130,0.385042
0.002848,0.336407
0.034407,0.391968
0.019101,0.377188
0.039285,0.398178
0.023056,0.382310
0.024824,0.386143
0.007318,0.355104
0.010820,0.373288
0.026566,0.387319
0.258724,0.454038
0.014254,0.372542
0.048173,0.404957
0.018477,0.375780
0.019087,0.376061
0.011012,0.359093
0.023884,0.386065
0.019614,0.385386
0.032878,0.393438
0.013968,0.368719
0.024555,0.384439
0.007217,0.354533
0.031865,0.392012
0.041621,0.400759
0.042851,0.406964
0.012295,0.380313
0.030233,0.391448
0.015509,0.376558
0.037836,0.398833
0.026769,0.388331
0.075705,0.414779
0.014737,0.374925
0.018854,0.377483
0.052659,0.405063
0.026064,0.390107
0.034455,0.396259
0.012115,0.366182
0.020381,0.381041
0.026003,0.385406
0.018646,0.384043
0.042600,0.405128
0.034421,0.396287
0.061714,0.418072
0.003305,0.345393
0.020302,0.381691
0.010917,0.365373
0.018698,0.379253
0.014644,0.371805
0.007735,0.367180
0.016530,0.374073
0.075013,0.413395
0.010985,0.360833
0.023014,0.383630
0.010911,0.377455
0.038449,0.400765
0.010522,0.368411
0.014132,0.366930
0.017126,0.379995
0.005911,0.358778
0.066297,0.411486
0.065440,0.421112
0.021306,0.374336
0.060052,0.410547
0.003861,0.331077
0.012844,0.365376
0.019441,0.383511
0.037783,0.396729
0.030510,0.392675
0.009975,0.363262
0.016298,0.380056
0.013071,0.368570
0.030057,0.392719
0.009961,0.364041
0.036596,0.394264
0.039598,0.396466
0.007166,0.356272
0.004817,0.349427
0.021641,0.384883
0.018559,0.380368
0.014521,0.372904
0.032112,0.396680
0.030602,0.391131
0.033726,0.393545
0.026834,0.385195
0.025616,0.387359
0.025899,0.387662
0.033925,0.394233
0.021966,0.381040
0.025067,0.384963
0.033283,0.392827
0.028354,0.386912
0.004262,0.342702
0.031003,0.390735
0.034068,0.392944
0.033966,0.393596
0.019985,0.377633
0.006605,0.360545
0.010259,0.366818
0.013514,0.368679
0.029618,0.385531
0.018222,0.377921
0.053525,0.404262
0.054134,0.405739
0.022949,0.391045
0.041443,0.401151
0.030043,0.383477
0.008502,0.359901
0.034387,0.397156
0.014916,0.369348
0.015959,0.379733
0.054424,0.405708
0.092855,0.431828
0.030639,0.398867
0.029209,0.393933
0.007340,0.362279
0.017101,0.374102
0.049099,0.411170
0.004506,0.342716
0.018014,0.380411
0.011081,0.366821
0.014716,0.369490
0.011156,0.370900
0.016771,0.379168
0.017557,0.379398
0.014651,0.377867
0.020418,0.377890
0.013198,0.369151
0.028368,0.387667
0.020067,0.380735
0.024422,0.387573
0.022761,0.387096
0.018458,0.372778
0.009421,0.361157
0.013202,0.374375
0.027750,0.386197
0.023355,0.388512
0.019598,0.370581
0.089685,0.425914
0.018241,0.372793
0.011313,0.362793
0.023954,0.386669
0.034549,0.396717
0.012118,0.370096
0.005623,0.356981
0.022463,0.385007
0.007542,0.354468
0.016843,0.377802
0.007221,0.354737
0.022725,0.380631
0.026676,0.390141
0.013305,0.363082
0.004087,0.332588
0.015599,0.374648
0.016344,0.373381
0.020228,0.379966
0.008834,0.366878
0.020695,0.382597
0.006534,0.356077
0.028855,0.390446
0.036429,0.399480
0.028627,0.389400
0.033517,0.391946
0.059722,0.407935
0.009227,0.356925
0.021008,0.383260
0.042668,0.402442
0.015651,0.370287
0.012920,0.377619
0.014227,0.373698
0.019141,0.374814
0.037813,0.397000
0.021637,0.383996
0.014829,0.373552
0.013908,0.374664
0.071458,0.414668
0.006314,0.350219
0.046779,0.399639
0.009876,0.366325
0.023412,0.380993
0.061290,0.409312
0.015358,0.374902
0.031935,0.387002
0.018534,0.377339
0.073808,0.415336
0.018005,0.373492
0.012362,0.369821
0.014428,0.370449
0.029235,0.393819
0.034478,0.395240
0.031463,0.403934
0.023316,0.378831
0.028250,0.393529
0.051699,0.412705
0.013259,0.372865
0.038122,0.396022
0.013468,0.378228
0.026215,0.390487
0.020408,0.380334
0.044646,0.399865
0.068690,0.421693
0.004394,0.355767
0.028398,0.387303
0.007274,0.357879
0.024152,0.386385
0.023969,0.384145
0.004969,0.351004
0.005088,0.346313
0.028333,0.390171
0.005493,0.350611
0.191359,0.453849
0.021934,0.389063
0.012340,0.369191
0.018829,0.376646
0.035394,0.393901
0.018229,0.373885
0.009592,0.364137
0.020013,0.371212
0.016476,0.373994
0.024931,0.381996
0.023670,0.385012
0.042740,0.399630
0.031934,0.390865
0.015054,0.377791
0.011864,0.364344
0.024886,0.389784
0.028526,0.391954
0.026380,0.393626
0.016740,0.370314
0.020810,0.375856
0.020119,0.387722
0.018657,0.380199
0.011001,0.364293
0.019148,0.380179
0.026808,0.388265
0.012880,0.376587
0.024627,0.383500
0.042475,0.398530
0.055781,0.405635
0.049179,0.405900
0.035059,0.393500
0.029166,0.384855
0.025228,0.384409
0.061072,0.405741
0.010685,0.360050
0.029496,0.393009
0.023317,0.383420
0.046161,0.403017
0.021908,0.374831
0.004810,0.355649
0.019894,0.376787
0.026769,0.387536
0.019355,0.384997
0.077608,0.414723
0.032728,0.394645
0.029249,0.390190
0.015523,0.370676
0.010705,0.362080
0.172633,0.443308
0.024760,0.381408
0.041157,0.400256
0.005037,0.365100
0.015677,0.383358
0.031740,0.392813
0.029722,0.390107
0.024847,0.386848
0.008995,0.363836
0.039150,0.394516
0.022539,0.377598
0.011534,0.367263
0.032359,0.391126
0.032023,0.387790
0.019479,0.378386
0.016117,0.373517
0.015687,0.373508
0.023119,0.384336
0.025732,0.390783
0.009473,0.364060
0.020553,0.374723
0.023653,0.393159
0.016357,0.367998
0.045225,0.401100
0.018490,0.379983
0.021761,0.379686
0.002735,0.329259
0.158521,0.435604
0.020408,0.379889
0.012468,0.366369
0.011050,0.366720
0.020786,0.384383
0.022289,0.380475
0.021968,0.390022
0.010127,0.371497
0.027956,0.405154
0.045533,0.399930
0.001799,0.315115
0.022878,0.384435
0.017204,0.375403
0.010441,0.368261
0.030078,0.388986
0.021775,0.381674
0.023547,0.369987
0.013032,0.368096
0.014973,0.376299
0.015255,0.375895
0.022103,0.381566
0.062453,0.408269
0.030527,0.391795
0.052428,0.403443
0.021653,0.377072
0.015262,0.366995
0.028367,0.389133
0.007205,0.355362
0.026184,0.390509
0.026576,0.386536
0.021345,0.383645
0.057312,0.410032
0.013362,0.374661
0.036773,0.397560
0.022826,0.393365
0.010605,0.373495
0.045963,0.405241
0.006600,0.360927
0.013670,0.369135
0.037775,0.395363
0.025580,0.384380
0.023837,0.376308
0.035173,0.394216
0.016377,0.370719
0.032797,0.394625
0.034039,0.393066
0.036573,0.397229
0.032796,0.394719
0.031707,0.398789
0.012652,0.382215
0.040019,0.402210
0.011897,0.372647
0.254832,0.456400
0.024612,0.386598
0.018529,0.370466
0.031962,0.391582
0.050701,0.404382
0.010959,0.369994
0.009439,0.366002
0.006134,0.353458
0.017852,0.379191
0.027140,0.387142
0.062387,0.409416
0.034155,0.391952
0.030625,0.389982
0.017415,0.376643
0.030610,0.390931
0.029775,0.391524
0.021432,0.381018
0.013449,0.375424
0.017505,0.375304
0.019372,0.376256
0.018865,0.375484
0.055943,0.410925
0.028442,0.386384
0.019331,0.381130
0.042569,0.405155
0.009196,0.355981
0.028850,0.388263
0.008619,0.354659
0.026116,0.386997
0.019103,0.379446
0.008306,0.360449
0.012555,0.371764
0.009806,0.364400
0.013160,0.375801
0.030430,0.386801
0.021120,0.382345
0.026637,0.381970
0.012615,0.363765
0.050069,0.403383
0.034301,0.396331
0.023373,0.380709
0.021847,0.384021
0.035255,0.397513
0.016134,0.368339
0.042643,0.396968
0.012373,0.363803
0.002800,0.347383
0.023718,0.383434
0.049776,0.422079
0.094931,0.431216
0.022324,0.389846
0.009099,0.366990
0.063931,0.416429
0.016611,0.371642
0.012239,0.381593
0.043986,0.404357
0.034641,0.392374
0.030117,0.392019
0.039186,0.398912
0.036066,0.394568
0.024280,0.391520
0.013849,0.377520
0.003061,0.348295
0.017549,0.391283
0.005663,0.370480
0.029652,0.401429
0.011235,0.366272
0.006778,0.352717
0.032356,0.393949
0.029389,0.392288
0.001788,0.338233
0.014754,0.371391
0.054439,0.410561
0.033850,0.394034
0.015761,0.378173
0.006099,0.360683
0.015712,0.376393
0.019645,0.381398
0.018083,0.379290
0.094545,0.434586
0.024442,0.388385
0.029101,0.389726
0.016565,0.374282
0.022673,0.382080
0.009270,0.357768
0.006029,0.337765
0.028327,0.393902
0.025327,0.386015
0.125269,0.429753
0.028923,0.393740
0.036097,0.395046
0.057844,0.407981
0.053705,0.406510
0.018333,0.377394
0.033409,0.399757
0.042525,0.400480
0.004992,0.347821
0.034764,0.392632
0.062250,0.413055
0.026231,0.386119
0.021987,0.380555
0.003018,0.334814
0.163143,0.445567
0.020836,0.379374
0.010457,0.363723
0.044826,0.402556
0.023024,0.382510
0.047645,0.399572
0.025222,0.383770
0.022833,0.378319
0.034134,0.401400
0.003452,0.339226
0.023150,0.382520
0.010599,0.366977
0.013121,0.367727
0.024792,0.385995
0.026810,0.387388
0.024260,0.386743
0.018181,0.373793
0.020714,0.381635
0.016271,0.377223
0.026098,0.389197
0.053468,0.415365
0.019465,0.376324
0.028428,0.388203
0.011915,0.364710
0.063245,0.408923
0.021844,0.378719
0.039043,0.393648
0.138396,0.433705
0.132903,0.436275
0.034421,0.399063
0.013355,0.383226
0.036422,0.395190
0.028769,0.386888
0.065708,0.411841
0.032728,0.398749
0.030709,0.394912
0.026763,0.389446
0.052132,0.423832
0.013341,0.372331
0.023806,0.388364
0.013899,0.365060
0.034398,0.398300
0.017468,0.376786
0.029844,0.393250
0.018154,0.379401
0.024966,0.384435
0.017336,0.369792
0.004401,0.343268
0.030355,0.394578
0.016475,0.370091
0.027182,0.393082
0.009312,0.359968
0.005373,0.353229
0.011535,0.364960
0.007563,0.361688
0.010840,0.368753
0.013144,0.373075
0.021341,0.397333
0.040821,0.398401
0.024204,0.391078
0.008951,0.373199
0.070719,0.419512
0.012804,0.367757
0.064028,0.413327
0.006075,0.349693
0.018568,0.381192
0.022565,0.386075
0.077982,0.423713
0.025228,0.388213
0.017339,0.376885
0.042991,0.396298
0.019232,0.377729
0.013077,0.368169
0.006730,0.361412
0.003823,0.338543
0.017146,0.380595
0.010497,0.359882
0.017573,0.375625
0.009551,0.367046
0.039603,0.398997
0.028526,0.388832
0.041232,0.397701
0.027883,0.385903
0.008886,0.365407
0.021324,0.386551
0.010131,0.365814
0.013670,0.374143
0.019670,0.381536
0.068376,0.425627
0.012935,0.370045
0.009105,0.356246
0.042552,0.401604
0.055008,0.406585
0.025018,0.387802
0.018002,0.371952
0.037284,0.397285
0.025020,0.395758
0.018735,0.380067
0.007658,0.361787
0.034737,0.391044
0.021870,0.384492
0.024702,0.397561
0.017588,0.375774
0.017211,0.378559
0.026025,0.389307
0.037157,0.395768
0.013746,0.369397
0.027883,0.389374
0.042243,0.399261
0.048978,0.400838
0.013168,0.370486
0.013282,0.375221
0.043302,0.400151
0.020463,0.380147
0.011230,0.360917
0.012559,0.356849
0.026352,0.386301
0.016845,0.377089
0.011137,0.368828
0.003824,0.346594
0.002024,0.336803
0.027485,0.364536
0.032285,0.390928
0.021125,0.382857
0.002881,0.345185
0.012906,0.368214
0.029123,0.389586
0.026812,0.389705
0.019630,0.381894
0.007293,0.353524
0.023719,0.383426
0.016174,0.370955
0.026656,0.387185
0.099270,0.432404
0.015596,0.379004
0.007356,0.353827
0.019720,0.382985
0.015464,0.379977
0.012321,0.367021
0.034357,0.388954
0.019117,0.380424
0.004550,0.350637
0.031437,0.390651
0.015726,0.383139
0.010497,0.359030
0.019270,0.377065
0.017625,0.372113
0.097809,0.418296
0.020806,0.379696
0.036233,0.395526
0.057478,0.409261
0.014727,0.379570
0.045681,0.402403
0.026721,0.387317
0.013719,0.377861
0.021217,0.382535
0.041134,0.402380
0.102048,0.430357
0.040784,0.395675
0.036445,0.401260
0.021060,0.382045
0.035446,0.395769
0.017207,0.375893
0.009235,0.359883
0.048857,0.403386
0.031636,0.391801
0.008302,0.363396
0.038077,0.411753
0.014665,0.375244
0.021482,0.387748
0.018268,0.381604
0.039520,0.405557
0.043425,0.402270
0.059626,0.411891
0.030338,0.392566
0.016229,0.377769
0.024849,0.388428
0.010417,0.367019
0.020613,0.376418
0.021738,0.381131
0.016223,0.364396
0.031267,0.397434
0.026000,0.387623
0.018895,0.378489
0.040236,0.398084
0.007485,0.353156
0.027462,0.382790
0.079710,0.414002
0.087824,0.421360
0.027217,0.391337
0.024265,0.384926
0.019491,0.378980
0.034556,0.393576
0.041676,0.400833
0.027839,0.390243
0.021891,0.380940
0.050423,0.402960
0.023132,0.382299
0.023313,0.383866
0.030754,0.391026
0.108029,0.428867
0.020848,0.380931
0.034296,0.394359
0.036769,0.397369
0.022894,0.383075
0.011471,0.364098
0.029195,0.390016
0.045681,0.402489
0.047280,0.401598
0.025618,0.385513
0.025310,0.383210
0.015205,0.364972
0.022383,0.381930
0.027984,0.388777
0.024122,0.382002
0.016982,0.374222
0.020872,0.380807
0.014745,0.373999
0.002219,0.332264
0.042672,0.396261
0.050815,0.410698
0.028409,0.388458
0.031369,0.391532
0.036517,0.395059
0.037806,0.397737
0.021661,0.381473
0.018075,0.376647
0.035051,0.390518
0.010146,0.365963
0.022097,0.381922
0.019044,0.384114
0.014513,0.374919
0.015676,0.371415
0.017042,0.376581
0.012028,0.369859
0.013955,0.373842
0.016761,0.373608
0.004534,0.353004
0.014538,0.373133
0.029512,0.391781
0.014717,0.379283
0.070744,0.413398
0.029073,0.387923
0.077966,0.417756
0.028870,0.386182
0.006003,0.358128
0.005915,0.346756
0.034554,0.394714
0.029687,0.396194
0.023196,0.389587
0.039482,0.405205
0.014159,0.368408
0.079554,0.414006
0.021161,0.379856
0.015146,0.363815
0.016338,0.372170
0.020050,0.373172
0.014450,0.372915
0.008983,0.358589
0.027812,0.390295
0.031934,0.389497
0.026815,0.383152
0.014882,0.372067
0.034351,0.392202
0.014543,0.372483
0.017627,0.377875
0.025855,0.382586
0.001942,0.329750
0.013607,0.370058
0.013271,0.367255
0.006887,0.366128
0.024907,0.391108
0.014882,0.376056
0.023268,0.387193
0.031068,0.393105
0.012060,0.379568
0.003839,0.351641
0.024523,0.393396
0.009001,0.358243
0.033761,0.391231
0.016822,0.376319
0.061606,0.407370
0.025609,0.389350
0.026083,0.396994
0.026579,0.386154
0.050115,0.403785
0.006143,0.350833
0.032919,0.393636
0.023835,0.384272
0.017538,0.377696
0.027465,0.391830
0.030513,0.388826
0.023611,0.386821
0.002943,0.336914
0.018787,0.379634
0.044684,0.397381
0.012811,0.360726
0.048740,0.401746
0.011741,0.371913
0.047635,0.408480
0.020419,0.379475
0.055156,0.407881
0.032011,0.391164
0.037351,0.396531
0.020520,0.378705
0.021343,0.381996
0.015094,0.369891
0.032325,0.391863
0.010851,0.366821
0.041736,0.398667
0.121601,0.435341
0.045511,0.403143
0.061046,0.411772
0.042976,0.401868
0.319969,0.466652
0.029339,0.394924
0.012304,0.369827
0.057561,0.407511
0.029684,0.393010
0.052608,0.407406
0.022736,0.379364
0.016655,0.377065
0.007301,0.358242
0.010143,0.367426
0.005469,0.355405
0.010277,0.366761
0.023676,0.388184
0.055583,0.413248
0.020720,0.376367
0.030206,0.390340
0.008696,0.364970
0.022152,0.384030
0.039963,0.400051
0.024500,0.377911
0.008298,0.355645
0.031847,0.392725
0.017209,0.379618
0.005872,0.357227
0.003490,0.348842
0.079228,0.414069
0.031922,0.394595
0.015277,0.380909
0.017380,0.385973
0.025332,0.389542
0.017209,0.384195
0.002991,0.338893
0.022670,0.394068
0.015715,0.372406
0.008914,0.362481
0.033272,0.394975
0.009219,0.364850
0.012886,0.372423
0.127509,0.441027
0.020036,0.385774
0.029540,0.385567
0.011288,0.366531
0.012950,0.369595
0.024655,0.383565
0.045841,0.404795
0.054079,0.403149
0.015225,0.377653
0.011031,0.374480
0.025109,0.386185
0.035527,0.397502
0.059780,0.409025
0.044300,0.398650
0.026262,0.386124
0.045888,0.402687
0.014654,0.370719
0.033173,0.394154
0.021896,0.381068
0.021463,0.378894
0.007323,0.360070
0.013906,0.370787
0.025939,0.382578
0.006579,0.347273
0.021976,0.383273
0.044168,0.397759
0.026003,0.389797
0.056937,0.415176
0.006053,0.352510
0.025571,0.375323
0.008100,0.361273
0.003383,0.349988
0.068503,0.411094
0.018115,0.389618
0.005236,0.341221
0.047495,0.412605
0.015396,0.380440
0.032486,0.385556
0.024930,0.386159
0.014529,0.375538
0.019644,0.380820
0.001688,0.334530
0.025769,0.387789
0.023107,0.378692
0.018128,0.380606
0.022997,0.385754
0.006129,0.346037
0.026704,0.387623
0.019602,0.383286
0.038345,0.395721
0.029492,0.389841
0.095222,0.431773
0.013643,0.375219
0.012567,0.369632
0.012105,0.372257
0.240503,0.456009
0.024278,0.384253
0.043870,0.402164
0.016590,0.377344
0.003801,0.337954
0.014234,0.374576
0.025393,0.388524
0.029773,0.395057
0.007761,0.367858
0.027929,0.390595
0.016071,0.368432
0.019600,0.379912
0.017256,0.373073
0.050408,0.403228
0.042629,0.398206
0.050224,0.406541
0.009315,0.366614
0.087551,0.415903
0.029819,0.390044
0.017492,0.378641
0.025193,0.385299
0.019637,0.374296
0.025137,0.388525
0.027298,0.385411
0.010051,0.363226
0.012815,0.371770
0.013935,0.377275
0.015448,0.373912
0.050150,0.403035
0.013943,0.371139
0.018658,0.378343
0.024067,0.389341
0.027217,0.385921
0.011470,0.368832
0.014397,0.372451
0.002853,0.339972
0.047363,0.406400
0.026916,0.388185
0.013723,0.376264
0.019357,0.380657
0.040638,0.402920
0.026484,0.388502
0.024978,0.389040
0.011829,0.366913
0.005391,0.355307
0.013266,0.374998
0.014285,0.376684
0.008128,0.362596
0.014050,0.373922
0.073969,0.415051
0.053150,0.412868
0.016433,0.383271
0.021080,0.386623
0.013660,0.365627
0.018892,0.374879
0.021372,0.384224
0.029841,0.393816
0.029724,0.384163
0.021542,0.382719
0.035897,0.391385
0.066001,0.414814
0.035577,0.392257
0.007571,0.359990
0.005370,0.357396
0.011790,0.365934
0.028708,0.388921
0.031044,0.390713
0.069363,0.431944
0.067810,0.407355
0.029102,0.390713
0.026338,0.387973
0.016992,0.374770
0.034269,0.392454
0.016165,0.370814
0.016903,0.379209
0.042252,0.400324
0.022616,0.382543
0.046413,0.399626
0.022418,0.386274
0.026784,0.384920
0.093177,0.423373
0.005232,0.357284
0.018722,0.380118
0.003746,0.347157
0.090148,0.421308
0.045174,0.403874
0.028989,0.395729
0.028201,0.392301
0.024068,0.389979
0.022063,0.385603
0.012462,0.363528
0.008426,0.358810
0.013513,0.382482
0.020368,0.381415
0.097280,0.425670
0.022977,0.387107
0.013602,0.377018
0.011394,0.371476
0.014480,0.371023
0.025229,0.386452
0.005149,0.351242
0.043493,0.397049
0.037723,0.397222
0.031988,0.391261
0.033251,0.392365
0.024656,0.386479
0.041352,0.396907
0.037807,0.395950
0.041746,0.397559
0.038902,0.397104
0.055119,0.410814
0.012951,0.385930
0.008776,0.371020
0.011380,0.366640
0.004833,0.356469
0.021168,0.388605
0.014240,0.359935
0.013311,0.371599
0.021841,0.385253
0.017604,0.371175
0.007144,0.359632
0.033773,0.394986
0.009726,0.360885
0.021040,0.376618
0.018724,0.384352
0.034058,0.394666
0.009723,0.361675
0.011825,0.366450
0.029060,0.390159
0.019969,0.380740
0.024812,0.388817
0.021754,0.383265
0.018051,0.379275
0.016376,0.378806
0.055029,0.407782
0.047493,0.404545
0.085180,0.417267
0.032661,0.392969
0.009565,0.365577
0.019569,0.381320
0.037977,0.398173
0.059573,0.409036
0.018842,0.380915
0.013544,0.364873
0.058980,0.411582
0.019223,0.376462
0.034612,0.396229
0.029050,0.392681
0.018583,0.378968
0.029435,0.390425
0.017250,0.372810
0.043179,0.400226
0.019024,0.382319
0.009792,0.360275
0.029192,0.384992
0.054884,0.399936
0.003971,0.339514
0.023702,0.383929
0.022782,0.383300
0.016486,0.372571
0.009486,0.368502
0.040735,0.400688
0.012096,0.366004
0.006992,0.358358
0.024522,0.390588
0.048811,0.405814
0.013884,0.372466
0.017615,0.370060
0.020857,0.383546
0.018275,0.377947
0.034874,0.395113
0.024195,0.381714
0.006952,0.356404
0.012431,0.368615
0.022744,0.385540
0.024107,0.380540
0.017540,0.377555
0.016259,0.375858
0.065894,0.410423
0.006246,0.345354
0.022213,0.380016
0.078176,0.417149
0.035054,0.397379
0.022055,0.382276
0.017715,0.373314
0.034183,0.393428
0.031312,0.394382
0.032951,0.392989
0.034829,0.395621
0.011942,0.365627
0.005845,0.347026
0.015285,0.373407
0.071860,0.422405
0.054294,0.408529
0.029763,0.401569
0.006623,0.353263
0.023894,0.383470
0.060617,0.407894
0.025080,0.386767
0.021590,0.384882
0.014766,0.377211
0.036282,0.393364
0.082437,0.420594
0.019484,0.396384
0.024586,0.383751
0.026580,0.385336
0.008367,0.364090
0.082321,0.415799
0.008132,0.364514
0.032135,0.393335
0.009628,0.359497
0.009944,0.366084
0.042027,0.401044
0.021924,0.380627
0.030233,0.391235
0.036950,0.399049
0.028976,0.392555
0.019012,0.377011
0.016658,0.374241
0.008733,0.363667
0.022254,0.383834
0.019423,0.382182
0.015820,0.377502
0.010794,0.375003
0.012791,0.371186
0.044878,0.404683
0.019156,0.379416
0.022064,0.390313
0.027430,0.389404
0.026831,0.387995
0.038597,0.397867
0.019279,0.378490
0.040752,0.399343
0.035841,0.405243
0.025326,0.392050
0.016582,0.372867
0.028629,0.390694
0.011057,0.372120
0.020877,0.379680
0.017919,0.370544
0.027919,0.388353
0.023909,0.382944
0.052504,0.399445
0.072921,0.419706
0.013868,0.368889
0.021631,0.380148
0.018434,0.381628
0.025974,0.385256
0.027052,0.385496
0.037446,0.400723
0.048152,0.404092
0.044505,0.401361
0.057226,0.408516
0.039314,0.396830
0.005620,0.358537
0.009336,0.355553
0.008368,0.359293
0.010005,0.366108
0.031232,0.390099
0.011665,0.364468
0.026717,0.374359
0.044042,0.397278
0.023775,0.374392
0.030059,0.383748
0.020446,0.380411
0.028320,0.391132
0.017223,0.363127
0.021285,0.378069
0.044106,0.396791
0.039762,0.396457
0.025835,0.386999
0.029707,0.390479
0.020610,0.384958
0.022058,0.386779
0.012097,0.369578
0.010430,0.355782
0.030786,0.393267
0.029416,0.390840
0.027129,0.388713
0.026078,0.382760
0.051426,0.406764
0.012069,0.359718
0.022347,0.379795
0.007262,0.369654
0.021921,0.382909
0.005500,0.339484
0.022345,0.381112
0.067998,0.414079
0.021010,0.385830
0.017001,0.379832
0.042916,0.401908
0.037987,0.392675
0.034219,0.394725
0.014008,0.384449
0.013256,0.372853
0.018417,0.383042
0.055906,0.404088
0.077817,0.414444
0.012643,0.369547
0.049515,0.420858
0.009029,0.359898
0.022978,0.388045
0.041408,0.402021
0.001887,0.321132
0.055959,0.416925
0.064421,0.411474
0.017800,0.375603
0.011522,0.368064
0.015027,0.373985
0.031367,0.389632
0.018220,0.381139
0.039248,0.399027
0.040631,0.398627
0.023242,0.386885
0.046902,0.404439
0.004505,0.346870
0.023345,0.383923
0.016943,0.378526
0.002077,0.344210
0.027679,0.383284
0.054554,0.403715
0.047223,0.400103
0.001889,0.338349
0.013784,0.363574
0.034314,0.398082
0.024642,0.396514
0.020016,0.381075
0.046905,0.402595
0.023926,0.391879
0.074929,0.433095
0.002415,0.341935
0.012394,0.389405
0.355049,0.477448
0.020572,0.382621
0.011571,0.364187
0.056827,0.413254
0.036231,0.406183
0.033534,0.388076
0.028528,0.394873
0.011621,0.365519
0.023826,0.383787
0.064915,0.417729
0.018905,0.377122
0.018915,0.374799
0.046590,0.402502
0.029113,0.390098
0.230207,0.453445
0.012226,0.372238
0.038445,0.393780
0.028130,0.386502
0.024275,0.386040
0.021290,0.380134
0.016082,0.375572
0.117826,0.441311
0.010714,0.358735
0.033584,0.395394
0.026753,0.393602
0.023762,0.383738
0.008646,0.349223
0.015445,0.376815
0.059976,0.410000
0.014402,0.378395
0.039243,0.396265
0.012562,0.365429
0.033012,0.392395
0.014240,0.374037
0.006683,0.361837
0.011728,0.375606
0.010253,0.365304
0.020052,0.382923
0.017385,0.374784
0.013099,0.371056
0.012864,0.368476
0.018153,0.390724
0.036685,0.402733
0.009940,0.363546
0.037793,0.393014
0.012029,0.370574
0.030832,0.392890
0.021068,0.375870
0.017803,0.375806
0.004856,0.348932
0.027842,0.394092
0.027509,0.395514
0.019175,0.379161
0.034510,0.397309
0.014175,0.377027
0.021732,0.388815
0.072850,0.416706
0.023618,0.385116
0.018159,0.380552
0.012376,0.377526
0.028623,0.403053
0.039379,0.404859
0.025585,0.386795
0.009535,0.363411
0.007707,0.359330
0.045391,0.401222
0.014103,0.375913
0.039731,0.395199
0.013799,0.373780
0.068768,0.410763
0.021906,0.385692
0.016992,0.384402
0.023903,0.385491
0.030339,0.393693
0.005971,0.362403
0.036770,0.392425
0.013930,0.369186
0.022325,0.373844
0.016421,0.374112
0.015219,0.370740
0.015414,0.372934
0.051291,0.403810
0.011946,0.369551
0.010886,0.355522
0.051843,0.403545
0.020710,0.375918
0.044829,0.375113
0.023600,0.398929
0.034291,0.391835
0.005347,0.355085
0.019245,0.379451
0.011708,0.379255
0.025455,0.386498
0.048291,0.402796
0.015416,0.368565
0.040457,0.396700
0.044487,0.407221
0.024849,0.383488
0.048334,0.400594
0.013045,0.372056
0.026046,0.387530
0.012682,0.375175
0.027043,0.390313
0.035754,0.393265
0.016759,0.376002
0.049116,0.402836
0.016997,0.375741
0.024768,0.384958
0.020363,0.383888
0.021338,0.381977
0.028776,0.391269
0.082376,0.415789
0.042526,0.399374
0.033614,0.391811
0.025045,0.388319
0.021969,0.379972
0.039472,0.399529
0.017282,0.380854
0.007857,0.352385
0.073279,0.412215
0.008534,0.361741
0.036390,0.399139
0.020942,0.380601
0.034538,0.394041
0.017669,0.373960
0.007623,0.364855
0.025083,0.387131
0.023603,0.381417
0.022827,0.384536
0.026009,0.390066
0.016097,0.372781
0.019196,0.380785
0.060339,0.417277
0.010286,0.368815
0.021794,0.388192
0.041066,0.400476
0.021613,0.377832
0.059685,0.413053
0.058528,0.406672
0.024386,0.385595
0.017304,0.377876
0.023252,0.387543
0.004332,0.347584
0.015572,0.376708
0.009308,0.362734
0.011876,0.368603
0.042879,0.399211
0.021926,0.379370
0.009069,0.363026
0.017091,0.374107
0.049626,0.405026
0.022271,0.386528
0.023656,0.385554
0.026194,0.385963
0.009908,0.369171
0.027354,0.395882
0.020230,0.381224
0.035159,0.395081
0.010590,0.365167
0.021040,0.388241
0.028836,0.389142
0.024843,0.385196
0.008875,0.353703
0.064385,0.415065
0.035314,0.394738
0.025289,0.386092
0.297858,0.459498
0.031759,0.397268
0.032427,0.393160
0.040392,0.400962
0.015935,0.377212
0.040205,0.397544
0.031868,0.394157
0.075395,0.421559
0.029873,0.392980
0.010743,0.358757
0.047598,0.402998
0.016235,0.375825
0.038611,0.396225
0.016422,0.372705
0.035212,0.396919
0.055267,0.411137
0.016694,0.372233
0.058528,0.409354
0.014176,0.367709
0.013949,0.367722
0.022681,0.381049
0.018453,0.372929
0.010684,0.354295
0.044147,0.402577
0.024104,0.389534
0.033044,0.392510
0.024019,0.384606
0.017307,0.385743
0.008894,0.356247
0.018911,0.384559
0.013414,0.381129
0.019715,0.378556
0.010184,0.361122
0.005490,0.362247
0.025374,0.387466
0.015157,0.371939
0.007203,0.362629
0.021966,0.380900
0.034023,0.391682
0.002559,0.343247
0.026271,0.387024
0.019584,0.382980
0.011628,0.366298
0.015882,0.375143
0.022884,0.382507
0.025611,0.383119
0.052999,0.404849
0.043678,0.402471
0.192322,0.459621
0.019449,0.375465
0.020918,0.384182
0.008445,0.358685
0.032924,0.390181
0.020935,0.380320
0.004034,0.344942
0.056469,0.409413
0.288796,0.459725
0.008451,0.354125
0.030025,0.393063
0.007262,0.355279
0.305652,0.469238
0.074091,0.416768
0.016612,0.380714
0.024465,0.386664
0.022137,0.380799
0.012612,0.366948
0.030057,0.391653
0.027327,0.390505
0.011871,0.372126
0.020054,0.383020
0.047941,0.401620
0.039744,0.397304
0.028612,0.381835
0.060863,0.410759
0.020979,0.382135
0.016090,0.375332
0.029809,0.385914
0.036572,0.395504
0.032906,0.391166
0.023575,0.383944
0.015984,0.369419
0.050220,0.409255
0.006224,0.359313
0.008377,0.363511
0.015212,0.379624
0.018719,0.386276
0.015597,0.368058
0.013429,0.370822
0.041046,0.397844
0.017998,0.382068
0.091067,0.423902
0.037310,0.396284
0.022856,0.387355
0.013065,0.377189
0.053737,0.414682
0.034960,0.409869
0.094542,0.434247
0.076255,0.422782
0.008137,0.363297
0.182153,0.448745
0.014650,0.371784
0.006633,0.354651
0.029467,0.395132
0.021555,0.380040
0.047923,0.411441
0.008364,0.356400
0.024672,0.377307
0.072102,0.416253
0.010981,0.365971
0.025314,0.389961
0.004161,0.332196
0.033555,0.397755
0.005142,0.359007
0.008285,0.358670
0.009422,0.369439
0.023150,0.380496
0.019455,0.385161
0.015926,0.379782
0.039422,0.412127
0.025524,0.387524
0.018815,0.382980
0.011104,0.366043
0.010517,0.365215
0.010889,0.363387
0.037185,0.402856
0.017904,0.381054
0.018418,0.383227
0.058863,0.413121
0.090954,0.430700
0.020119,0.382885
0.024125,0.384740
0.030365,0.393178
0.019335,0.379346
0.029793,0.386889
0.021068,0.385209
0.011545,0.371044
0.029339,0.392616
0.020350,0.380024
0.024293,0.383440
0.049833,0.403378
0.022371,0.384938
0.020987,0.387172
0.063938,0.409971
0.043637,0.400089
0.031843,0.392923
0.025597,0.386967
0.032831,0.389556
0.035472,0.394106
0.017417,0.377651
0.065569,0.417651
0.024487,0.387831
0.027055,0.387360
0.022945,0.383350
0.046586,0.399439
0.019249,0.377629
0.012769,0.375058
0.009361,0.366303
0.025798,0.389432
0.024622,0.383833
0.086394,0.415894
0.021573,0.381695
0.027377,0.386980
0.022903,0.381983
0.028738,0.388492
0.112389,0.436019
0.053453,0.414354
0.013900,0.373976
0.007524,0.351935
0.012357,0.368244
0.005838,0.354097
0.008052,0.350443
0.022468,0.383318
0.004051,0.332044
0.070918,0.413422
0.028203,0.387392
0.032558,0.392574
0.050539,0.404664
0.045365,0.401672
0.021281,0.380965
0.036659,0.413128
0.008827,0.371107
0.012605,0.361379
0.009306,0.378420
0.042090,0.398779
0.032321,0.393050
0.025644,0.393045
0.019968,0.382058
0.013746,0.368722
0.021614,0.381015
0.028251,0.393247
0.031209,0.392698
0.100420,0.420261
0.042286,0.397198
0.009901,0.365043
0.033736,0.395411
0.022298,0.383791
0.027263,0.395189
0.329205,0.466501
0.010276,0.368652
0.024133,0.384005
0.037237,0.397859
0.001460,0.319801
0.083457,0.419939
0.045470,0.414814
0.036943,0.402814
0.019303,0.393154
0.033339,0.393367
0.007287,0.353647
0.007528,0.357943
0.037896,0.399515
0.057318,0.407585
0.013649,0.372651
0.025897,0.387805
0.020238,0.382010
0.069234,0.413657
0.012442,0.372470
0.029145,0.388460
0.020769,0.380981
0.025573,0.386392
0.034015,0.394417
0.033574,0.393250
0.032605,0.394147
0.014286,0.372035
0.006975,0.350980
0.022927,0.384191
0.071203,0.415831
0.031955,0.405764
0.013392,0.367200
0.069732,0.415101
0.015142,0.375636
0.019470,0.380654
0.044977,0.400343
0.016712,0.375918
0.008981,0.366099
0.009540,0.365509
0.069117,0.415311
0.040786,0.402493
0.050155,0.407130
0.054124,0.410364
0.028495,0.390841
0.063318,0.416987
0.007102,0.358035
0.035696,0.395783
0.022392,0.384019
0.009181,0.359723
0.011575,0.369886
0.050794,0.404292
0.009014,0.361443
0.014181,0.365657
0.007831,0.368185
0.021886,0.388537
0.014191,0.375685
0.056703,0.414918
0.010294,0.363667
0.013089,0.370925
0.015681,0.375259
0.027481,0.392915
0.014936,0.380085
0.038718,0.396944
0.037049,0.394146
0.029473,0.385341
0.035398,0.395469
0.022657,0.383159
0.011250,0.365223
0.029576,0.390143
0.077393,0.420315
0.041711,0.399356
0.020828,0.380287
0.078303,0.415709
0.035632,0.397854
0.020085,0.380398
0.004009,0.344797
0.020520,0.385305
0.035131,0.393897
0.005197,0.342886
0.025953,0.384798
0.037653,0.395221
0.007052,0.354878
0.016885,0.380374
0.011878,0.361776
0.011980,0.364504
0.013900,0.354866
0.040868,0.395297
0.006444,0.355430
0.018799,0.380980
0.022575,0.385838
0.021641,0.382639
0.003168,0.337358
0.038505,0.394603
0.016824,0.377629
0.028419,0.395463
0.036556,0.394991
0.003115,0.342923
0.023221,0.380982
0.037125,0.400430
0.037203,0.407904
0.040153,0.400319
0.032574,0.396334
0.026750,0.386537
0.008043,0.349491
0.022014,0.389033
0.037085,0.394983
0.034414,0.392320
0.015276,0.366027
0.010748,0.365743
0.017401,0.368621
0.016876,0.374605
0.041206,0.395639
0.048822,0.400178
0.008284,0.354658
0.024964,0.382875
0.014127,0.366105
0.004549,0.357364
0.036106,0.395140
0.010855,0.371450
0.022594,0.396761
0.008758,0.365466
0.031724,0.387123
0.021365,0.384240
0.027722,0.390078
0.038768,0.397415
0.038283,0.397778
0.044189,0.400036
0.023204,0.384071
0.025027,0.390366
0.006031,0.350321
0.016232,0.379361
0.026425,0.401052
0.014715,0.374859
0.025082,0.391297
0.016170,0.376203
0.037216,0.395302
0.025935,0.383441
0.032730,0.396189
0.029837,0.389743
0.025096,0.381842
0.015467,0.367878
0.072877,0.415811
0.013732,0.367741
0.016316,0.374105
0.043939,0.393444
0.017332,0.380561
0.014241,0.366407
0.022459,0.384139
0.034318,0.392787
0.043304,0.407201
0.024923,0.380924
0.018940,0.385552
0.036736,0.398275
0.030923,0.399649
0.015337,0.378437
0.012888,0.372527
0.013102,0.363617
0.015731,0.377370
0.018585,0.378007
0.014795,0.379757
0.022057,0.366718
0.011072,0.371603
0.006322,0.352623
0.053234,0.404014
0.006662,0.357396
0.025651,0.385043
0.030209,0.394463
0.003894,0.351200
0.040679,0.397657
0.018987,0.382677
0.020325,0.378935
0.021063,0.382405
0.032711,0.391936
0.030826,0.389333
0.026926,0.386674
0.036502,0.396537
0.063690,0.407341
0.042894,0.397680
0.025498,0.385232
0.046497,0.405878
0.023987,0.386133
0.017762,0.380224
0.052445,0.407193
0.026994,0.390922
0.034834,0.396279
0.054631,0.404000
0.016940,0.377434
0.015167,0.364759
0.033201,0.397261
0.021008,0.381591
0.022572,0.381326
0.026064,0.385853
0.068629,0.415270
0.028748,0.390972
0.015069,0.374051
0.064048,0.420682
0.020932,0.380198
0.042614,0.398963
0.036161,0.401222
0.012350,0.371873
0.043189,0.398506
0.006535,0.336863
0.040657,0.399172
0.052654,0.405250
0.037450,0.395030
0.073016,0.413521
0.010560,0.369015
0.018052,0.376893
0.021377,0.378471
0.052997,0.414454
0.033347,0.395183
0.004177,0.351331
0.032180,0.393591
0.033202,0.392823
0.023186,0.383857
0.011039,0.369260
0.008799,0.366792
0.014052,0.371250
0.017655,0.372276
0.013336,0.373166
0.022612,0.381354
0.039490,0.397813
0.027072,0.384805
0.013048,0.372623
0.003365,0.337916
0.012364,0.365754
0.078162,0.418267
0.026637,0.387818
0.013826,0.366077
0.000309,0.297570
0.008012,0.365391
0.033891,0.390070
0.013641,0.371107
0.010795,0.366108
0.028614,0.393400
0.041390,0.395723
0.032257,0.388263
0.018006,0.376841
0.029746,0.388313
0.034626,0.395371
0.017255,0.378274
0.022135,0.384270
0.019979,0.376862
0.052228,0.395013
0.046780,0.396680
0.018244,0.384660
0.023150,0.385327
0.022162,0.383969
0.027812,0.383821
0.012597,0.369606
0.022349,0.386867
0.031849,0.392980
0.049449,0.409481
0.006755,0.364094
0.017310,0.365574
0.062653,0.411092
0.028833,0.388591
0.019326,0.379398
0.024153,0.381482
0.029753,0.391090
0.017771,0.376956
0.013064,0.369317
0.022056,0.375393
0.046693,0.403879
0.026695,0.392830
0.006564,0.350028
0.024093,0.386170
0.047293,0.402373
0.031816,0.395836
0.557626,0.502140
0.015402,0.370720
0.035690,0.392919
0.025658,0.389065
0.021929,0.381569
0.007395,0.364245
0.029709,0.384860
0.019312,0.379431
0.007581,0.350811
0.032576,0.392214
0.008001,0.363871
0.025720,0.387100
0.062766,0.409018
0.030093,0.389393
0.007638,0.343212
0.016471,0.373250
0.031672,0.392070
0.027029,0.387832
0.023574,0.391441
0.010364,0.366541
0.013076,0.375200
0.024785,0.388069
0.053587,0.406581
0.002580,0.335191
0.022308,0.384304
0.034478,0.399451
0.015893,0.375198
0.022932,0.390858
0.029438,0.390434
0.014616,0.368059
0.034205,0.394072
0.024866,0.384126
0.036899,0.402232
0.035940,0.394299
0.024570,0.387606
0.015991,0.374740
0.015963,0.379068
0.041535,0.400214
0.014057,0.370033
0.016793,0.381949
0.024994,0.384164
0.039532,0.397943
0.051250,0.404920
0.062259,0.409804
0.017401,0.378819
0.043984,0.402834
0.001681,0.327481
0.034687,0.392838
0.018219,0.376502
0.028742,0.388623
0.042952,0.400939
0.035444,0.395657
0.023931,0.385985
0.045417,0.401169
0.030997,0.397450
0.045192,0.403668
0.010767,0.364557
0.013987,0.373978
0.032652,0.396552
0.034824,0.395338
0.033619,0.396539
0.017679,0.383654
0.019733,0.380355
0.006720,0.352039
0.020322,0.382900
0.025238,0.389773
0.045878,0.403940
0.023717,0.378813
0.042731,0.400343
0.018096,0.371735
0.035476,0.396718
0.019339,0.385740
0.014917,0.381168
0.027478,0.388732
0.018888,0.377599
0.032062,0.390726
0.062197,0.405814
0.023207,0.386868
0.009715,0.356413
0.031107,0.389913
0.113272,0.429561
0.010086,0.365489
0.028004,0.386973
0.050748,0.413038
0.021928,0.386596
0.033346,0.391364
0.029583,0.391591
0.017763,0.381419
0.053852,0.409501
0.028829,0.394961
0.048742,0.401405
0.020288,0.381998
0.025276,0.386024
0.009520,0.363406
0.019386,0.377888
0.022269,0.385833
0.068782,0.415690
0.050110,0.400968
0.022968,0.386705
0.040878,0.398925
0.022450,0.384620
0.029046,0.389884
0.002168,0.335918
0.111989,0.434577
0.030301,0.385275
0.032892,0.394365
0.012084,0.370082
0.022193,0.381875
0.170036,0.439973
0.013680,0.370429
0.013204,0.374420
0.009891,0.371687
0.016136,0.376690
0.025563,0.386098
0.024784,0.386555
0.038895,0.401985
0.012506,0.371660
0.017568,0.375979
0.023883,0.388538
0.033374,0.396808
0.037670,0.393299
0.035382,0.393333
0.030237,0.394873
0.030187,0.390774
0.028926,0.390312
0.029166,0.390358
0.034944,0.396157
0.024753,0.384914
0.051441,0.407595
0.026790,0.387657
0.023347,0.381704
0.017442,0.379569
0.033369,0.392757
0.033970,0.391382
0.095883,0.428363
0.021526,0.382991
0.021738,0.382183
0.028425,0.391440
0.027850,0.388041
0.010791,0.366599
0.010676,0.365851
0.017093,0.379815
0.017813,0.378683
0.039468,0.400897
0.154082,0.442580
0.035315,0.397298
0.052609,0.404913
0.029127,0.396451
0.034626,0.392928
0.044893,0.402781
0.017595,0.376465
0.009654,0.362211
0.040451,0.397937
0.021392,0.377422
0.057302,0.407553
0.071287,0.419692
0.049038,0.403860
0.023123,0.386297
0.026695,0.389042
0.022350,0.382055
0.014244,0.372021
0.009944,0.362538
0.022255,0.380791
0.042952,0.399018
0.012817,0.364907
0.018133,0.381694
0.022884,0.378603
0.034950,0.394747
0.036793,0.394754
0.014510,0.372471
0.020001,0.377888
0.020252,0.384863
0.041783,0.402173
0.039013,0.399016
0.092715,0.424696
0.028234,0.391147
0.022994,0.382934
0.093867,0.421511
0.011582,0.371466
0.024188,0.381747
0.021978,0.379020
0.015973,0.375201
0.039108,0.398633
0.028116,0.394332
0.040647,0.396566
0.040279,0.396994
0.023063,0.381115
0.045840,0.409204
0.032358,0.395125
0.013036,0.367706
0.025929,0.379972
0.013238,0.370406
0.015924,0.374676
0.010994,0.362070
0.081958,0.416962
0.028661,0.391250
0.026142,0.388806
0.010715,0.360020
0.027837,0.389060
0.020745,0.379869
0.024330,0.384133
0.066055,0.413547
0.007594,0.362971
0.033094,0.401501
0.030421,0.390136
0.018165,0.383412
0.032004,0.393586
0.045506,0.404123
0.014827,0.376659
0.048882,0.402658
0.043829,0.402470
0.034912,0.396801
0.014309,0.372387
0.019267,0.388948
0.026846,0.387760
0.036193,0.394412
0.008972,0.362432
0.049155,0.406213
0.025444,0.388171
0.028497,0.391952
0.022182,0.382858
0.015024,0.369138
0.039026,0.399252
0.009141,0.362877
0.017128,0.374261
0.021334,0.381135
0.012059,0.371044
0.019348,0.380125
0.019248,0.379861
0.035802,0.396023
0.034656,0.392801
0.027601,0.389625
0.033094,0.395432
0.059696,0.416469
0.041418,0.405796
0.010962,0.368868
0.032190,0.404223
0.013216,0.367604
0.016830,0.376061
0.038419,0.396149
0.022846,0.379882
0.015566,0.372052
0.039789,0.400363
0.015565,0.395853
0.007167,0.357430
0.012799,0.368970
0.030335,0.390033
0.011716,0.369822
0.032079,0.389600
0.011163,0.368359
0.019743,0.380489
0.020047,0.381753
0.020895,0.382364
0.017972,0.379232
0.025762,0.392720
0.069408,0.417198
0.018193,0.377138
0.045916,0.402797
0.024486,0.387067
0.034569,0.401616
0.028613,0.395751
0.016162,0.371275
0.017996,0.380109
0.035011,0.395569
0.018057,0.376520
0.038854,0.400978
0.011530,0.372432
0.028384,0.391508
0.029235,0.385591
0.031132,0.392020
0.034351,0.396292
0.009343,0.358630
0.014753,0.370841
0.027578,0.384301
0.024867,0.384308
0.037668,0.398504
0.054537,0.405782
0.018887,0.369879
0.027678,0.392690
0.060000,0.406164
0.173863,0.446693
0.034610,0.395126
0.027544,0.391334
0.005867,0.349791
0.013762,0.368593
0.033490,0.394878
0.052046,0.407106
0.032496,0.394241
0.038555,0.395505
0.031487,0.389968
0.022901,0.378270
0.050102,0.402640
0.055104,0.405858
0.032603,0.388225
0.023731,0.383017
0.097639,0.425465
0.053603,0.405012
0.021303,0.380121
0.040151,0.399430
0.048044,0.398590
0.023704,0.386619
0.009131,0.361610
0.011336,0.362940
0.022529,0.379225
0.017192,0.379776
0.009234,0.366278
0.015630,0.365074
0.038615,0.395841
0.017801,0.372261
0.036570,0.389333
0.024168,0.384493
0.024566,0.384152
0.013623,0.379080
0.013140,0.374573
0.020536,0.388716
0.006434,0.358564
0.011131,0.371308
0.013217,0.371700
0.026840,0.390220
0.031264,0.391874
0.009480,0.357227
0.045308,0.400461
0.036448,0.400508
0.063126,0.409924
0.008271,0.358621
0.065690,0.411590
0.034861,0.400676
0.113086,0.437436
0.019366,0.380937
0.012573,0.372393
0.034199,0.394960
0.026364,0.384990
0.024380,0.388978
0.014635,0.369788
0.015299,0.375020
0.021081,0.388339
0.019189,0.378314
0.045089,0.405294
0.043574,0.402463
0.026679,0.377735
0.046628,0.401383
0.029813,0.389155
0.025217,0.388579
0.029733,0.391408
0.024913,0.387658
0.034498,0.393809
0.048759,0.397944
0.020699,0.385480
0.024575,0.386137
0.024984,0.386056
0.065226,0.410006
0.022226,0.387268
0.027397,0.398979
0.009311,0.361732
0.008462,0.358099
0.003152,0.347215
0.006888,0.354440
0.018316,0.380075
0.037177,0.403614
0.018688,0.384807
0.013515,0.372937
0.026185,0.390903
0.012623,0.371161
0.062052,0.410817
0.019799,0.377432
0.022544,0.382962
0.009424,0.365693
0.016612,0.375833
0.116055,0.432320
0.044270,0.402510
0.027587,0.387364
0.023554,0.383839
0.049288,0.401820
0.040752,0.396799
0.024674,0.378015
0.033580,0.389419
0.047772,0.403618
0.023128,0.382538
0.057759,0.409766
0.020810,0.385725
0.032447,0.397711
0.018635,0.389369
0.027393,0.379506
0.005143,0.348404
0.021956,0.376147
0.027603,0.388631
0.052944,0.403228
0.045156,0.401616
0.037971,0.396259
0.021130,0.381760
0.400640,0.476551
0.030277,0.393583
0.029177,0.393483
0.028140,0.401817
0.023858,0.384674
0.028691,0.388840
0.037534,0.399025
0.045231,0.401179
0.016315,0.382172
0.018636,0.381982
0.017109,0.371622
0.010633,0.368097
0.008369,0.354614
0.013657,0.369894
0.012523,0.368456
0.010956,0.361938
0.044877,0.406643
0.025800,0.385332
0.052589,0.405962
0.025228,0.385859
0.006169,0.349326
0.014274,0.361481
0.048213,0.404494
0.025430,0.384637
0.007180,0.357982
0.218523,0.449873
0.034499,0.395015
0.097699,0.421464
0.015832,0.374400
0.030152,0.388743
0.046794,0.401561
0.045866,0.400228
0.038458,0.394217
0.029503,0.385209
0.062091,0.410585
0.031880,0.393262
0.038836,0.391311
0.012257,0.357919
0.017455,0.380099
0.025926,0.390466
0.010003,0.365820
0.032931,0.390910
0.011183,0.374848
0.042087,0.401425
0.023664,0.382023
0.021762,0.379924
0.026973,0.385910
0.029719,0.390918
0.045173,0.401358
0.046860,0.406267
0.025907,0.386743
0.025884,0.387462
0.026956,0.393936
0.007450,0.362326
0.035791,0.396351
0.022545,0.380718
0.033387,0.391436
0.028830,0.388563
0.020281,0.393366
0.051638,0.405803
0.019736,0.383942
0.122537,0.435490
0.070394,0.412463
0.017462,0.366988
0.027269,0.388229
0.016503,0.379544
0.012646,0.366424
0.022300,0.385908
0.022827,0.381593
0.008939,0.361535
0.019978,0.382883
0.030708,0.394158
0.029425,0.397001
0.027965,0.389947
0.022796,0.391410
0.035351,0.396298
0.045348,0.401923
0.032715,0.395986
0.002421,0.329383
0.008168,0.361150
0.130304,0.438370
0.045711,0.419627
0.022696,0.388396
0.031571,0.395327
0.010057,0.367045
0.031328,0.394544
0.008915,0.359397
0.009768,0.363672
0.045465,0.412987
0.066999,0.412833
0.104156,0.438031
0.006795,0.356336
0.036101,0.400327
0.007122,0.361281
0.015367,0.379794
0.009016,0.365576
0.019223,0.380684
0.010027,0.367286
0.009614,0.364065
0.021916,0.383108
0.010593,0.363823
0.015561,0.386588
0.037801,0.397404
0.047871,0.400974
0.033403,0.393925
0.023272,0.383489
0.027715,0.387597
0.022928,0.383161
0.043058,0.400282
0.049929,0.404444
0.014525,0.374203
0.041817,0.401924
0.004006,0.344334
0.033404,0.396171
0.009767,0.359276
0.021368,0.379860
0.021178,0.380270
0.033486,0.397958
0.006581,0.349513
0.012224,0.365557
0.038079,0.399908
0.010910,0.371082
0.005153,0.350813
0.020595,0.380818
0.052837,0.405867
0.072516,0.413380
0.007803,0.370671
0.073771,0.413992
0.026212,0.391954
0.036565,0.402123
0.019207,0.381602
0.032434,0.390749
0.018590,0.380806
0.046288,0.400497
0.017316,0.378986
0.018502,0.382379
0.033457,0.391341
0.029641,0.388887
0.042790,0.397431
0.018170,0.376215
0.021585,0.383827
0.041119,0.411860
0.025866,0.386692
0.029728,0.391726
0.096193,0.427624
0.017297,0.375948
0.091186,0.419136
0.032414,0.396399
0.030328,0.391500
0.028784,0.388570
0.019560,0.380271
0.011988,0.362156
0.027485,0.386987
0.018536,0.376849
0.017129,0.375925
0.023246,0.388692
0.048364,0.399534
0.028079,0.391401
0.011236,0.379601
0.032689,0.393114
0.022506,0.384653
0.211246,0.450431
0.031477,0.393711
0.015567,0.373489
0.006781,0.358631
0.056263,0.407342
0.011927,0.374714
0.009976,0.368224
0.034325,0.394856
0.006518,0.353230
0.074290,0.410314
0.008895,0.364958
0.021160,0.378889
0.011512,0.374022
0.011198,0.365358
0.043135,0.399286
0.013495,0.375496
0.009931,0.375265
0.006356,0.350353
0.042647,0.400130
0.119351,0.444995
0.021270,0.380434
0.036289,0.398123
0.065619,0.418150
0.021244,0.389884
0.025990,0.395810
0.015949,0.372229
0.107687,0.433671
0.020852,0.381135
0.016664,0.375129
0.055237,0.408406
0.020176,0.379861
0.050463,0.405895
0.017566,0.376477
0.041747,0.394959
0.023602,0.379560
0.009481,0.360471
0.013187,0.368080
0.026631,0.388687
0.054680,0.405764
0.021471,0.384857
0.036164,0.395065
0.018746,0.379646
0.017650,0.376526
0.018945,0.376164
0.030220,0.396863
0.021428,0.381944
0.020722,0.386758
0.087899,0.417710
0.043277,0.388338
0.021956,0.383585
0.029580,0.389582
0.055467,0.411764
0.028851,0.384332
0.021075,0.382389
0.014603,0.376081
0.035349,0.394389
0.012782,0.369094
0.064572,0.415824
0.026113,0.382854
0.017062,0.377249
0.016795,0.375458
0.026747,0.389129
0.012103,0.370502
0.026349,0.390610
0.053848,0.404475
0.007081,0.372634
0.010286,0.367564
0.013286,0.371902
0.050042,0.404073
0.008883,0.360079
0.023362,0.383993
0.007325,0.343397
0.019552,0.376084
0.060072,0.412123
0.033051,0.394983
0.015400,0.370816
0.013547,0.372564
0.482177,0.483515
0.022731,0.382346
0.003192,0.327492
0.022516,0.381877
0.048595,0.401303
0.034117,0.393286
0.005139,0.341578
0.002928,0.344900
0.022536,0.381201
0.032612,0.399798
0.022669,0.382033
0.022717,0.381461
0.053484,0.406886
0.023446,0.383067
0.038528,0.396121
0.017757,0.376130
0.016931,0.376057
0.029551,0.389379
0.026555,0.387481
0.094663,0.422057
0.016337,0.381116
0.048802,0.409959
0.039058,0.395106
0.012811,0.373325
0.044153,0.409426
0.058218,0.409876
0.016962,0.376848
0.031394,0.401426
0.038140,0.403323
0.031210,0.389133
0.012348,0.370830
0.025710,0.383110
0.004188,0.358954
0.075524,0.412780
0.008202,0.364982
0.012260,0.371801
0.048968,0.405879
0.031696,0.392978
0.046562,0.404108
0.054389,0.404639
0.042859,0.400952
0.023786,0.386298
0.014252,0.371553
0.030703,0.393127
0.063537,0.413896
0.075949,0.409136
0.024036,0.380486
0.009790,0.349985
0.028568,0.389755
0.024575,0.393138
0.014745,0.371984
0.019885,0.383890
0.011497,0.370327
0.039978,0.399607
0.042035,0.398742
0.032423,0.394605
0.026574,0.386619
0.020158,0.382123
0.025438,0.385801
0.020261,0.383326
0.030589,0.390079
0.026487,0.387750
0.080506,0.421995
0.041170,0.395968
0.028270,0.392176
0.033410,0.392104
0.011161,0.374936
0.057852,0.408969
0.008534,0.370413
0.010237,0.367841
0.039728,0.399587
0.017178,0.371184
0.036855,0.395446
0.025192,0.382401
0.014898,0.374308
0.014767,0.373790
0.021759,0.383456
0.027385,0.394932
0.006272,0.357865
0.020811,0.373747
0.019948,0.380365
0.029683,0.390482
0.023892,0.383273
0.035444,0.396329
0.020220,0.378999
0.026198,0.387938
0.030782,0.386150
0.012151,0.366184
0.021290,0.383982
0.050307,0.406758
0.040485,0.399004
0.010871,0.369437
0.020063,0.379706
0.027647,0.380365
0.051259,0.405692
0.035063,0.384413
0.018311,0.377015
0.023766,0.388238
0.040553,0.396542
0.010100,0.364577
0.021525,0.381683
0.027146,0.387168
0.064923,0.410272
0.042742,0.398749
0.066532,0.409409
0.008505,0.356179
0.011492,0.368905
0.075592,0.414563
0.026005,0.392525
0.049295,0.406627
0.022575,0.384358
0.016280,0.370060
0.016741,0.372758
0.036491,0.402066
0.182595,0.447250
0.022954,0.387838
0.020998,0.392431
0.039731,0.395274
0.046786,0.399555
0.020038,0.385855
0.038374,0.397629
0.011421,0.377681
0.015352,0.372300
0.010184,0.363467
0.028341,0.395770
0.024545,0.385254
0.015327,0.378360
0.051534,0.406111
0.030547,0.393196
0.020391,0.380344
0.056299,0.415121
0.012244,0.382410
0.011859,0.374822
0.021331,0.379291
0.032926,0.392336
0.018673,0.378323
0.022418,0.384855
0.010980,0.369733
0.013678,0.375150
0.016704,0.373260
0.013366,0.358945
0.014363,0.369811
0.006376,0.350496
0.018690,0.378986
0.026685,0.388391
0.018289,0.374936
0.025748,0.389219
0.023171,0.377198
0.023637,0.386078
0.052203,0.403612
0.041780,0.399348
0.012198,0.365640
0.026958,0.391528
0.047869,0.402615
0.008943,0.355371
0.013329,0.370573
0.075688,0.415973
0.051576,0.405315
0.035468,0.393867
0.018174,0.376568
0.009320,0.370006
0.012271,0.370930
0.029014,0.390034
0.021954,0.382561
0.026617,0.386517
0.018055,0.375265
0.024013,0.385861
0.017573,0.376725
0.027214,0.385957
0.020799,0.388489
0.025455,0.388357
0.032453,0.393813
0.014426,0.372859
0.030971,0.403878
0.235631,0.449519
0.061691,0.407752
0.009297,0.358820
0.035299,0.395380
0.028936,0.393266
0.014339,0.375315
0.041877,0.399667
0.065812,0.410406
0.010341,0.364949
0.044397,0.399881
0.009269,0.368643
0.046737,0.405012
0.044093,0.399473
0.014231,0.379260
0.046796,0.416876
0.010930,0.369387
0.018731,0.379923
0.054314,0.406745
0.005047,0.349306
0.088939,0.424961
0.006273,0.356246
0.059196,0.407423
0.025312,0.386601
0.026593,0.389100
0.004347,0.345211
0.015007,0.373309
0.073217,0.410384
0.026808,0.389000
0.018342,0.384501
0.012595,0.363899
0.007336,0.358739
0.030747,0.392947
0.026362,0.388174
0.023464,0.382375
0.021542,0.380332
0.015287,0.374844
0.011656,0.366694
0.027601,0.388207
0.018646,0.378610
0.011651,0.370128
0.007455,0.362643
0.023647,0.381667
0.052040,0.402290
0.004053,0.342648
0.007113,0.359116
0.043029,0.397433
0.003025,0.345719
0.006652,0.361095
0.021059,0.381860
0.011585,0.367761
0.026466,0.386852
0.011220,0.364960
0.016278,0.376428
0.037131,0.398853
0.020895,0.384362
0.020820,0.380493
0.038494,0.395814
0.009763,0.360411
0.007817,0.363911
0.019460,0.377990
0.029692,0.390293
0.037874,0.397222
0.029541,0.391184
0.026459,0.387642
0.031590,0.390373
0.011197,0.362917
0.013203,0.365694
0.041956,0.402411
0.282779,0.457600
0.034040,0.398286
0.064610,0.413548
0.028359,0.388986
0.020573,0.382143
0.018332,0.380051
0.022355,0.383495
0.031256,0.395281
0.003526,0.337143
0.020343,0.383430
0.062973,0.421309
0.017528,0.378378
0.012894,0.361720
0.031006,0.392338
0.063937,0.411169
0.038690,0.400655
0.051971,0.403745
0.025759,0.387409
0.045217,0.402141
0.039039,0.394739
0.037833,0.399070
0.009895,0.371238
0.027865,0.387511
0.007030,0.359757
0.052674,0.410181
0.045990,0.401468
0.024511,0.390951
0.015943,0.378599
0.025335,0.384458
0.009635,0.362671
0.025667,0.392095
0.057437,0.408377
0.023683,0.388699
0.036306,0.395705
0.007340,0.367019
0.035225,0.392342
0.037958,0.397210
0.018630,0.376191
0.025649,0.386938
0.030945,0.393929
0.015588,0.369059
0.025644,0.387184
0.014926,0.374794
0.032374,0.393326
0.027348,0.389411
0.009622,0.364870
0.048623,0.403221
0.035987,0.395413
0.014209,0.370238
0.074718,0.413736
0.027322,0.391493
0.057995,0.404207
0.033156,0.396022
0.017898,0.371274
0.021122,0.375879
0.044037,0.400527
0.010583,0.363833
0.050998,0.408091
0.077011,0.415846
0.083210,0.420486
0.029559,0.387980
0.011183,0.368428
0.012341,0.369851
0.023384,0.383623
0.097405,0.414853
0.024863,0.382405
0.005519,0.349387
0.192115,0.446446
0.018803,0.374021
0.029090,0.386906
0.008791,0.363132
0.024753,0.377537
0.018589,0.377776
0.022722,0.386109
0.008600,0.359210
0.035953,0.392885
0.014700,0.380279
0.048618,0.405311
0.006426,0.343448
0.009651,0.365512
0.023403,0.383254
0.023964,0.390669
0.044432,0.400708
0.082645,0.418479
0.041710,0.397809
0.012536,0.373214
0.385470,0.467472
0.062875,0.411137
0.011503,0.364921
0.028185,0.394012
0.028515,0.392246
0.015887,0.368546
0.017309,0.381250
0.007295,0.375043
0.037487,0.396689
0.081456,0.429840
0.083634,0.422070
0.019956,0.378503
0.042703,0.400094
0.017750,0.369323
0.014657,0.378120
0.024371,0.384235
0.029512,0.390589
0.042624,0.403411
0.043989,0.408192
0.015025,0.381870
0.035435,0.395010
0.006939,0.359413
0.140628,0.437481
0.040039,0.399448
0.017907,0.378525
0.054880,0.406645
0.010143,0.371793
0.024135,0.387189
0.062703,0.408604
0.013436,0.368773
0.018677,0.371762
0.047037,0.404842
0.031661,0.391073
0.007376,0.356002
0.048347,0.406730
0.008197,0.358592
0.008529,0.360640
0.022283,0.382397
0.030324,0.390304
0.105828,0.423632
0.007823,0.360112
0.038385,0.395872
0.028402,0.390135
0.027685,0.388635
0.051533,0.406699
0.023125,0.387191
0.030821,0.393016
0.067822,0.414054
0.021984,0.382303
0.022708,0.382147
0.019666,0.383456
0.044781,0.413353
0.441423,0.480531
0.017518,0.372284
0.174692,0.451570
0.009078,0.360028
0.006174,0.349637
0.042781,0.398464
0.022223,0.383612
0.022494,0.383506
0.012335,0.368804
0.024295,0.384828
0.023455,0.386565
0.022288,0.383149
0.011529,0.370185
0.023918,0.386027
0.036103,0.395798
0.039344,0.398664
0.024303,0.384689
0.009880,0.361077
0.034949,0.393424
0.031260,0.390779
0.033803,0.392479
0.032364,0.396942
0.033041,0.393370
0.041910,0.400865
0.027306,0.386961
0.027675,0.388889
0.025813,0.382143
0.004817,0.354685
0.022290,0.389372
0.017998,0.379036
0.022634,0.387466
0.061705,0.409943
0.032298,0.397186
0.045303,0.400394
0.034979,0.395866
0.023553,0.382524
0.049774,0.402542
0.017058,0.372546
0.088456,0.415923
0.046027,0.402376
0.011834,0.364418
0.021494,0.381145
0.016587,0.373517
0.010760,0.362547
0.014338,0.371897
0.043921,0.397183
0.070143,0.413983
0.025699,0.389030
0.022929,0.391867
0.012463,0.373579
0.032262,0.396109
0.073661,0.424917
0.035445,0.394682
0.030873,0.389816
0.019633,0.382674
0.011092,0.363659
0.035401,0.396076
0.028699,0.390440
0.036610,0.393450
0.027792,0.387446
0.016408,0.377768
0.018997,0.380403
0.026336,0.387921
0.011643,0.367740
0.027761,0.402499
0.009085,0.362714
0.023365,0.385536
0.043130,0.400776
0.010573,0.362611
0.013668,0.376502
0.046759,0.400441
0.033018,0.394941
0.023103,0.387474
0.047413,0.406812
0.044902,0.402239
0.027698,0.388230
0.061748,0.408938
0.035762,0.402342
0.068556,0.420099
0.014309,0.375365
0.010326,0.368010
0.002059,0.335569
0.027155,0.389103
0.017262,0.374813
0.013284,0.366725
0.017020,0.380102
0.021165,0.380330
0.029481,0.392795
0.039701,0.402501
0.071699,0.418885
0.015100,0.381872
0.012155,0.367834
0.033817,0.396936
0.046893,0.401645
0.004645,0.342226
0.023997,0.384934
0.028250,0.397759
0.053823,0.408839
0.021338,0.379393
0.022918,0.377918
0.015184,0.378808
0.011914,0.377289
0.038774,0.398241
0.009632,0.356412
0.009513,0.360622
0.016843,0.371240
0.015560,0.373484
0.032261,0.392128
0.025556,0.386638
0.061322,0.410814
0.010340,0.357325
0.007138,0.354974
0.022580,0.384185
0.024951,0.379807
0.009615,0.365055
0.016085,0.381015
0.013044,0.378601
0.021019,0.381830
0.016640,0.388114
0.024410,0.383350
0.134709,0.433586
0.015947,0.373588
0.027615,0.387644
0.014521,0.377424
0.022177,0.388797
0.054899,0.410103
0.014822,0.369383
0.037225,0.399346
0.179983,0.455640
0.025207,0.385873
0.022092,0.382646
0.018035,0.383821
0.019239,0.379564
0.027061,0.387360
0.020593,0.380856
0.034093,0.394596
0.046902,0.412071
0.014990,0.371248
0.006515,0.366006
0.012160,0.371127
0.049066,0.412633
0.035488,0.393437
0.028092,0.391511
0.027193,0.377671
0.025954,0.385910
0.026568,0.390272
0.019291,0.374588
0.025951,0.386608
0.043041,0.401552
0.024093,0.383682
0.013170,0.371756
0.021318,0.384242
0.021745,0.380583
0.015689,0.374045
0.067439,0.420396
0.032816,0.396497
0.073177,0.415546
0.015587,0.386596
0.007682,0.355497
0.012200,0.368833
0.007322,0.356113
0.023248,0.382617
0.046687,0.400269
0.021023,0.382047
0.043384,0.405172
0.042539,0.404463
0.286370,0.464907
0.036672,0.390270
0.041147,0.401847
0.043789,0.396208
0.019659,0.378682
0.012650,0.375828
0.019181,0.377702
0.021327,0.383654
0.032543,0.393969
0.021218,0.385618
0.021009,0.383412
0.039584,0.397846
0.016034,0.376924
0.008383,0.355338
0.017889,0.380576
0.023790,0.386667
0.034210,0.396791
0.010413,0.370043
0.031788,0.391054
0.011993,0.359550
0.023429,0.384923
0.019364,0.379661
0.023823,0.396135
0.029372,0.387881
0.006888,0.356109
0.033977,0.401734
0.037976,0.393817
0.020979,0.380486
0.006440,0.355578
0.027997,0.385637
0.009172,0.356367
0.005357,0.345722
0.127581,0.441253
0.053043,0.407161
0.010448,0.367224
0.013427,0.381706
0.026936,0.398000
0.029911,0.396517
0.043110,0.400164
0.007744,0.364207
0.004698,0.363714
0.016412,0.380123
0.050399,0.408678
0.022531,0.387165
0.011495,0.367058
0.017840,0.378293
0.011976,0.369446
0.045226,0.406863
0.030192,0.390073
0.039665,0.395186
0.017350,0.376005
0.024020,0.389691
0.013230,0.370370
0.011401,0.378771
0.066377,0.411869
0.030990,0.392822
0.019477,0.386445
0.012920,0.372762
0.012787,0.374219
0.009047,0.359416
0.107589,0.420894
0.036790,0.397772
0.035448,0.389801
0.021312,0.385881
0.101168,0.425062
0.056058,0.414839
0.042989,0.400737
0.012248,0.360847
0.014878,0.366309
0.049377,0.401130
0.005748,0.351823
0.010722,0.365316
0.021722,0.380129
0.019947,0.380622
0.095407,0.421206
0.010340,0.366885
0.016915,0.377635
0.029771,0.393306
0.053641,0.416410
0.034467,0.398020
0.017092,0.379460
0.023869,0.387702
0.045061,0.402032
0.039356,0.395906
0.015163,0.375655
0.004985,0.356944
0.011000,0.369245
0.009347,0.359561
0.040890,0.400923
0.033796,0.394673
0.020168,0.380733
0.023050,0.386696
0.024490,0.383381
0.019360,0.378833
0.061730,0.408004
0.029183,0.389895
0.006746,0.339291
0.023553,0.381682
0.045199,0.400578
0.089181,0.426640
0.011520,0.368220
0.029146,0.391196
0.026902,0.387989
0.042420,0.400002
0.018227,0.380502
0.036025,0.402632
0.017166,0.380341
0.066763,0.404219
0.028119,0.389485
0.021057,0.381470
0.151262,0.436224
0.012964,0.373920
0.017520,0.378078
0.007529,0.361514
0.007764,0.363526
0.018234,0.378526
0.029758,0.393126
0.018329,0.377337
0.014277,0.367581
0.011591,0.372793
0.051746,0.409181
0.020378,0.382607
0.017183,0.378277
0.019854,0.380092
0.015792,0.373993
0.008570,0.357321
0.014486,0.371695
0.023057,0.384945
0.023028,0.386605
0.071469,0.416886
0.017797,0.380284
0.031915,0.395222
0.027486,0.387854
0.047693,0.404135
0.013850,0.358610
0.085349,0.420245
0.010040,0.367827
0.006408,0.358476
0.019597,0.392222
0.009896,0.367764
0.024707,0.389247
0.004625,0.356998
0.020126,0.383674
0.026627,0.388947
0.009533,0.365590
0.010042,0.360651
0.007797,0.356638
0.019428,0.383175
0.044048,0.398038
0.013421,0.370367
0.083679,0.420162
0.023300,0.386285
0.010225,0.362048
0.011920,0.370215
0.016500,0.376589
0.043637,0.412898
0.053603,0.408408
0.026317,0.386744
0.029593,0.390177
0.031838,0.389745
0.040001,0.400369
0.022677,0.383654
0.021237,0.375734
0.021382,0.377066
0.025167,0.386694
0.021658,0.382293
0.026624,0.387162
0.017091,0.376783
0.034135,0.392289
0.042933,0.399382
0.029912,0.392820
0.066313,0.410396
0.042923,0.399032
0.018636,0.378135
0.015915,0.376350
0.026784,0.387967
0.036982,0.402719
0.021362,0.379923
0.041635,0.401363
0.018849,0.379539
0.023240,0.383570
0.039671,0.402990
0.024227,0.383195
0.010619,0.358401
0.071204,0.419427
0.008099,0.369165
0.011649,0.366472
0.022356,0.381778
0.034087,0.406126
0.018983,0.381208
0.017334,0.370386
0.017782,0.376679
0.008107,0.355005
0.018310,0.376867
0.042074,0.401041
0.032858,0.393003
0.014304,0.374233
0.047158,0.393148
0.048577,0.405558
0.014972,0.373372
0.018848,0.368464
0.012585,0.367693
0.032360,0.386655
0.019090,0.381417
0.027670,0.390092
0.031712,0.390194
0.009449,0.355982
0.021357,0.383362
0.014310,0.374029
0.045791,0.401610
0.023714,0.385107
0.039927,0.392366
0.027099,0.386973
0.010923,0.369603
0.015363,0.372478
0.032386,0.397007
0.038894,0.398692
0.044854,0.404060
0.032649,0.394139
0.023954,0.389791
0.020153,0.388542
0.129091,0.433823
0.035109,0.394185
0.050064,0.397965
0.053075,0.406254
0.034110,0.392286
0.006599,0.356445
0.006186,0.351043
0.013359,0.368442
0.006684,0.360824
0.011459,0.350298
0.027987,0.382999
0.011296,0.364503
0.078022,0.423737
0.050124,0.401520
0.032714,0.386586
0.008395,0.359449
0.118944,0.438966
0.020849,0.386897
0.043233,0.403850
0.010248,0.361858
0.023418,0.387897
0.020877,0.376565
0.048068,0.408111
0.004522,0.346674
0.008377,0.353295
0.034207,0.393552
0.031873,0.394254
0.048446,0.406578
0.011540,0.377537
0.013406,0.373204
0.037438,0.396586
0.033170,0.392338
0.044445,0.403188
0.030088,0.385784
0.159303,0.433885
0.036659,0.396535
0.135414,0.431014
0.019869,0.381635
0.013435,0.375713
0.032537,0.392672
0.026838,0.385435
0.012602,0.367939
0.018051,0.376348
0.034225,0.393337
0.025599,0.400476
0.017707,0.374572
0.012206,0.369646
0.009794,0.368005
0.025212,0.381576
0.011446,0.356244
0.005693,0.345886
0.031684,0.390044
0.020110,0.376124
0.008287,0.356012
0.018280,0.375896
0.052857,0.404172
0.020430,0.382397
0.049859,0.402704
0.015284,0.372923
0.018695,0.375409
0.046109,0.407973
0.040249,0.392772
0.028572,0.391543
0.027116,0.394203
0.028079,0.389387
0.024840,0.386737
0.043853,0.394457
0.037758,0.401472
0.022322,0.385968
0.046688,0.402946
0.031898,0.391257
0.039186,0.396263
0.050257,0.402786
0.019659,0.378680
0.019392,0.377141
0.019066,0.376577
0.025205,0.384691
0.017659,0.378961
0.008755,0.364157
0.024836,0.382301
0.021392,0.382013
0.029689,0.397174
0.044713,0.406707
0.015259,0.364370
0.045876,0.401870
0.012429,0.368203
0.004829,0.351030
0.085388,0.422897
0.017254,0.375017
0.018067,0.377344
0.019436,0.371957
0.033115,0.401734
0.025764,0.387239
0.012689,0.360494
0.010073,0.364123
0.018173,0.378594
0.064888,0.413062
0.005090,0.356680
0.019659,0.377750
0.038994,0.401622
0.057048,0.406778
0.009486,0.361106
0.016053,0.371882
0.036804,0.395639
0.080281,0.415277
0.030160,0.385383
0.027420,0.386988
0.025263,0.390060
0.031093,0.391405
0.050229,0.406259
0.030959,0.388921
0.021876,0.378519
0.021000,0.391503
0.014000,0.373076
0.022642,0.384343
0.026365,0.386138
0.007873,0.358064
0.012689,0.369053
0.049594,0.405540
0.021345,0.383683
0.013952,0.372868
0.039752,0.393468
0.013039,0.376958
0.016719,0.377096
0.009015,0.364391
0.020542,0.386493
0.012777,0.367799
0.030320,0.392792
0.141783,0.438742
0.018106,0.379191
0.021485,0.385593
0.021301,0.382808
0.015575,0.373446
0.019303,0.383214
0.012960,0.373551
0.019254,0.382482
0.023923,0.382336
0.042937,0.400344
0.019980,0.380906
0.013918,0.367836
0.029942,0.389680
0.059407,0.406721
0.017853,0.374188
0.028284,0.387322
0.009244,0.364635
0.012357,0.368808
0.015068,0.371463
0.031069,0.392282
0.031448,0.387433
0.039485,0.401787
0.011432,0.370325
0.002378,0.345376
0.006946,0.348846
0.019712,0.377362
0.062108,0.414523
0.033922,0.394978
0.007453,0.358092
0.011057,0.369001
0.022166,0.387306
0.011380,0.360185
0.018896,0.384379
0.017185,0.391162
0.014280,0.375069
0.014824,0.373273
0.032394,0.389577
0.008735,0.364056
0.020629,0.384397
0.061319,0.412146
0.062728,0.412241
0.004933,0.343421
0.040665,0.396769
0.032412,0.395331
0.023223,0.385179
0.032588,0.393063
0.039373,0.399069
0.014025,0.370948
0.030696,0.392153
0.018263,0.383058
0.027997,0.390581
0.017949,0.375284
0.023048,0.383691
0.014593,0.368061
0.019656,0.383118
0.021326,0.383155
0.033546,0.392601
0.016481,0.375694
0.032776,0.389875
0.041745,0.399233
0.010775,0.365847
0.022155,0.384172
0.044042,0.399706
0.006687,0.357882
0.026687,0.386844
0.031011,0.391142
0.069464,0.412729
0.036890,0.394794
0.026600,0.383211
0.085648,0.420305
0.005439,0.352804
0.014525,0.370499
0.018415,0.385230
0.008132,0.359283
0.019872,0.384665
0.014084,0.379902
0.012791,0.380103
0.065807,0.416355
0.017608,0.389631
0.029765,0.393130
0.035598,0.397304
0.008175,0.344248
0.013618,0.372073
0.040963,0.398656
0.017813,0.379527
0.016788,0.376118
0.025754,0.389059
0.021273,0.382330
0.010789,0.363109
0.033909,0.392939
0.032159,0.389047
0.033307,0.392965
0.019970,0.376785
0.041892,0.406138
0.015772,0.377943
0.047197,0.399962
0.031600,0.391368
0.020510,0.378664
0.033658,0.392743
0.105256,0.424543
0.011530,0.364556
0.031776,0.391318
0.041725,0.398209
0.017613,0.379046
0.010746,0.356625
0.014514,0.366785
0.027789,0.389742
0.014733,0.384941
0.054907,0.407666
0.085592,0.418798
0.009395,0.366441
0.024245,0.381434
0.010525,0.365204
0.057146,0.408172
0.029212,0.398879
0.051446,0.405311
0.017606,0.377249
0.016392,0.370717
0.071406,0.409141
0.013919,0.363871
0.056801,0.408590
0.047154,0.402540
0.016011,0.361189
0.022207,0.386731
0.008102,0.359278
0.007206,0.363897
0.024141,0.386951
0.039544,0.395154
0.031446,0.391521
0.007492,0.362801
0.053648,0.405599
0.016814,0.377490
0.043678,0.399325
0.034619,0.393101
0.018184,0.380360
0.014766,0.379401
0.040133,0.390373
0.008796,0.354792
0.024140,0.390264
0.008634,0.364163
0.020148,0.385142
0.018261,0.377902
0.020182,0.377234
0.023583,0.379149
0.001943,0.328281
0.008658,0.357886
0.008895,0.358615
0.008847,0.359195
0.002087,0.327324
0.017999,0.378138
0.015915,0.378149
0.041759,0.401032
0.009089,0.362559
0.016439,0.378275
0.011501,0.358616
0.025722,0.384551
0.033374,0.397862
0.029541,0.388120
0.135062,0.436776
0.044725,0.404672
0.005638,0.349483
0.040731,0.411080
0.018480,0.380520
0.007835,0.354533
0.020065,0.382991
0.102122,0.435731
0.022052,0.384067
0.183365,0.448937
0.006057,0.348304
0.013051,0.370092
0.017830,0.379244
0.029945,0.390466
0.014423,0.367983
0.003577,0.338699
0.042596,0.399737
0.025244,0.380245
0.006908,0.345109
0.036094,0.395241
0.047250,0.403784
0.034439,0.392863
0.039424,0.395879
0.010548,0.365801
0.022527,0.387256
0.015221,0.373984
0.173493,0.438038
0.026490,0.388655
0.023507,0.382736
0.055666,0.405783
0.030115,0.389934
0.049381,0.403902
0.025879,0.386769
0.014152,0.370021
0.076865,0.414863
0.050709,0.404614
0.021936,0.383087
0.037084,0.399507
0.043154,0.399482
0.042137,0.398677
0.009761,0.362895
0.013602,0.373838
0.011462,0.368994
0.014947,0.371987
0.015453,0.371424
0.019275,0.375663
0.019930,0.379007
0.011753,0.372245
0.020976,0.383724
0.015312,0.376452
0.006021,0.346971
0.022089,0.384794
0.010297,0.358967
0.022980,0.386979
0.012727,0.369573
0.026020,0.384477
0.034373,0.406376
0.010457,0.358663
0.017833,0.380705
0.020007,0.377854
0.037494,0.396674
0.021587,0.381994
0.031394,0.391578
0.017360,0.383582
0.031796,0.392409
0.021693,0.381757
0.020054,0.378674
0.036345,0.395211
0.042179,0.395931
0.044772,0.402198
0.014411,0.369617
0.016749,0.376279
0.043649,0.397633
0.017843,0.374733
0.022486,0.380274
0.094637,0.417464
0.017202,0.375658
0.019918,0.381286
0.032679,0.393746
0.005916,0.353187
0.023788,0.384607
0.042661,0.400147
0.019209,0.380873
0.020070,0.380815
0.062195,0.411281
0.009570,0.368113
0.013516,0.366426
0.012724,0.370057
0.084451,0.428030
0.021979,0.380928
0.017689,0.371941
0.029923,0.389427
0.007929,0.360693
0.018199,0.381362
0.017940,0.370754
0.017845,0.372445
0.040216,0.397636
0.015580,0.371918
0.030670,0.399332
0.019370,0.377946
0.029499,0.402601
0.034575,0.395957
0.010345,0.367996
0.048464,0.403379
0.041317,0.398453
0.012273,0.369214
0.043757,0.404521
0.030972,0.392840
0.059631,0.412485
0.008808,0.364117
0.013364,0.371183
0.021455,0.382551
0.061517,0.410439
0.010382,0.357538
0.008019,0.354501
0.051718,0.401942
0.036495,0.394579
0.026833,0.386812
0.027010,0.390237
0.051728,0.404797
0.032639,0.392405
0.015584,0.377321
0.044243,0.405655
0.005022,0.349492
0.023490,0.386927
0.023905,0.384187
0.036028,0.409142
0.007849,0.362044
0.053704,0.415962
0.021295,0.382901
0.062867,0.409645
0.018455,0.380233
0.014360,0.371300
0.011115,0.378174
0.025876,0.385134
0.007605,0.360557
0.019641,0.384018
0.047628,0.403489
0.042734,0.399392
0.029252,0.388100
0.018894,0.385821
0.029849,0.392809
0.057351,0.408061
0.030803,0.389403
0.067322,0.411582
0.028370,0.386468
0.047326,0.400335
0.046519,0.394687
0.014465,0.371558
0.015321,0.371777
0.031266,0.397324
0.021743,0.382189
0.035003,0.390863
0.079880,0.419792
0.041071,0.397963
0.021785,0.381886
0.032092,0.392524
0.026366,0.385071
0.037957,0.392132
0.015663,0.377271
0.022268,0.375791
0.008555,0.364612
0.040167,0.398837
0.034323,0.392288
0.006007,0.345251
0.013061,0.364203
0.022101,0.385725
0.053239,0.405215
0.082724,0.424264
0.010055,0.356742
0.024800,0.378262
0.026305,0.385835
0.014587,0.363581
0.023778,0.372899
0.031945,0.391933
0.007644,0.360556
0.020245,0.384403
0.044625,0.399006
0.030506,0.390139
0.036459,0.398310
0.021878,0.376932
0.023293,0.381447
0.028881,0.389362
0.043941,0.399259
0.010454,0.362806
0.025888,0.382398
0.030437,0.389547
0.025716,0.386079
0.024361,0.382281
0.035831,0.389823
0.016768,0.375499
0.116815,0.431717
0.021918,0.370174
0.040250,0.398550
0.021668,0.375090
0.025981,0.382491
0.026343,0.391311
0.059190,0.410353
0.066633,0.409604
0.015620,0.379865
0.085909,0.422462
0.018238,0.368341
0.009264,0.360560
0.017567,0.373648
0.021269,0.383597
0.011322,0.366134
0.021361,0.383027
0.038898,0.398733
0.044951,0.399498
0.017892,0.377648
0.041655,0.400745
0.026264,0.387341
0.012071,0.372654
0.019237,0.379087
0.017462,0.374847
0.027728,0.404488
0.023051,0.383447
0.008088,0.367182
0.018900,0.385810
0.014271,0.369706
0.004097,0.353003
0.065494,0.416735
0.068767,0.414228
0.028752,0.395523
0.047605,0.400298
0.009980,0.363231
0.020933,0.384529
0.014658,0.373909
0.013837,0.374258
0.033422,0.393004
0.012117,0.365015
0.029389,0.391919
0.016623,0.375782
0.007399,0.356956
0.017378,0.385490
0.021682,0.392668
0.011939,0.372649
0.018358,0.382152
0.005768,0.353539
0.004140,0.350888
0.019708,0.380582
0.041544,0.398690
0.007266,0.355586
0.037109,0.398385
0.002965,0.336514
0.017698,0.380101
0.014381,0.376451
0.034802,0.390851
0.012817,0.367714
0.074946,0.415993
0.020444,0.371871
0.020578,0.381054
0.021938,0.384494
0.038719,0.396378
0.026174,0.384407
0.027167,0.382727
0.037403,0.399919
0.056126,0.400657
0.024296,0.390008
0.013395,0.378686
0.056704,0.405839
0.089703,0.421228
0.037452,0.396510
0.010410,0.363884
0.022226,0.387045
0.033678,0.389581
0.046383,0.400911
0.039061,0.396222
0.045467,0.401986
0.026529,0.389851
0.058428,0.405875
0.013949,0.370897
0.036987,0.394140
0.011688,0.364553
0.041225,0.397634
0.011902,0.364177
0.027288,0.386950
0.028298,0.388624
0.020649,0.383621
0.023902,0.385232
0.021516,0.381094
0.019995,0.379791
0.026619,0.390158
0.005562,0.347998
0.018681,0.372026
0.035938,0.393692
0.087239,0.419279
0.012439,0.367475
0.016850,0.365406
0.015678,0.370909
0.029659,0.390448
0.060888,0.409406
0.018137,0.378227
0.046342,0.396748
0.111723,0.418938
0.007871,0.360260
0.037344,0.392385
0.015366,0.369850
0.015382,0.372008
0.051158,0.410373
0.031697,0.391653
0.019793,0.377958
0.017733,0.376359
0.022530,0.380704
0.015532,0.370374
0.036509,0.394885
0.051904,0.406230
0.029530,0.388222
0.028519,0.387473
0.020705,0.379677
0.031548,0.395769
0.021229,0.381432
0.002496,0.338734
0.117154,0.433609
0.029885,0.388207
0.028365,0.388339
0.043194,0.404638
0.054675,0.416689
0.130975,0.429306
0.018766,0.377110
0.028726,0.389775
0.010435,0.361373
0.027236,0.392896
0.023790,0.383949
0.026915,0.392794
0.063753,0.415581
0.032507,0.392103
0.074730,0.416041
0.089387,0.416963
0.023489,0.387926
0.019515,0.384380
0.025384,0.384235
0.016928,0.367717
0.027137,0.386400
0.014771,0.372152
0.045685,0.401329
0.011806,0.360564
0.017407,0.381410
0.013799,0.369405
0.026603,0.378104
0.006215,0.354995
0.031259,0.386035
0.058292,0.409956
0.023092,0.385079
0.027334,0.389812
0.018054,0.379508
0.025706,0.387791
0.041258,0.397094
0.034774,0.395694
0.046591,0.401886
0.040276,0.398833
0.023842,0.383373
0.042175,0.400302
0.014808,0.373211
0.028997,0.388887
0.011161,0.368875
0.046698,0.404448
0.034317,0.394348
0.036278,0.393768
0.032948,0.392208
0.043791,0.400130
0.063249,0.418343
0.032970,0.395953
0.075532,0.419061
0.024789,0.396241
0.006042,0.352226
0.069553,0.414827
0.008521,0.367675
0.021408,0.381123
0.016672,0.373043
0.019928,0.378530
0.013660,0.368952
0.013158,0.369074
0.015728,0.374734
0.036253,0.396275
0.019780,0.381123
0.012029,0.368879
0.017908,0.380162
0.012352,0.367594
0.019060,0.380082
0.013786,0.372648
0.045579,0.402695
0.029351,0.390498
0.019289,0.374322
0.079403,0.416105
0.039599,0.399441
0.022345,0.385561
0.039957,0.394246
0.022449,0.385930
0.023554,0.386858
0.024418,0.390801
0.039885,0.396671
0.031083,0.399512
0.064731,0.408327
0.033619,0.399573
0.019552,0.378296
0.012294,0.375064
0.026671,0.386138
0.019918,0.380389
0.055632,0.419158
0.024176,0.384812
0.014700,0.371548
0.018614,0.376748
0.028987,0.388177
0.062834,0.408848
0.010422,0.365878
0.054433,0.407189
0.026109,0.386306
0.015294,0.374114
0.013897,0.378530
0.012942,0.381474
0.005775,0.368050
0.019120,0.388536
0.031455,0.394552
0.031479,0.390808
0.086644,0.428093
0.016545,0.376334
0.009982,0.367108
0.013254,0.371691
0.022240,0.377564
0.009610,0.359013
0.031273,0.393668
0.012823,0.375183
0.011333,0.370209
0.022401,0.385396
0.036867,0.394503
0.010888,0.367088
0.025646,0.387297
0.018674,0.381257
0.008239,0.350590
0.001546,0.322769
0.023183,0.377255
0.012362,0.362042
0.020413,0.382028
0.020058,0.376343
0.012773,0.376189
0.003578,0.341730
0.003787,0.351280
0.071559,0.422235
0.009133,0.360310
0.018980,0.386359
0.031377,0.390502
0.036046,0.394369
0.004362,0.346416
0.036438,0.398818
0.016692,0.370129
0.028467,0.390027
0.028186,0.389702
0.020421,0.378979
0.011444,0.367084
0.013042,0.369255
0.069917,0.411347
0.005442,0.346054
0.017149,0.381485
0.013118,0.364591
0.015090,0.379888
0.009969,0.366738
0.024766,0.385606
0.034358,0.395108
0.047984,0.401847
0.018290,0.377701
0.033181,0.392019
0.013230,0.362729
0.117804,0.426722
0.033457,0.390461
0.008561,0.355901
0.004089,0.342555
0.031359,0.392146
0.028956,0.397181
0.020571,0.381417
0.049575,0.403019
0.030319,0.390023
0.052887,0.406416
0.057265,0.408637
0.020124,0.380593
0.011640,0.364174
0.034393,0.393509
0.015059,0.373635
0.016664,0.374143
0.029324,0.391952
0.035528,0.393824
0.026919,0.390673
0.008498,0.374343
0.019328,0.384456
0.013693,0.368702
0.019297,0.380904
0.003621,0.354514
0.020498,0.396168
0.013566,0.375735
0.015283,0.380463
0.002994,0.337312
0.011753,0.370575
0.002813,0.343221
0.040432,0.398219
0.020682,0.385623
0.003215,0.340319
0.012790,0.367910
0.038378,0.395871
0.015463,0.376766
0.016441,0.377494
0.027608,0.388509
0.018293,0.380169
0.010106,0.366247
0.012045,0.365951
0.008679,0.367897
0.036728,0.397213
0.054881,0.404491
0.011498,0.367677
0.014342,0.373850
0.017393,0.378770
0.014561,0.379924
0.013760,0.362985
0.040371,0.397275
0.018821,0.380449
0.017355,0.376492
0.025646,0.392656
0.103481,0.429844
0.023683,0.399558
0.004887,0.355297
0.006187,0.353857
0.015445,0.387240
0.018728,0.377894
0.013899,0.373365
0.028776,0.388705
0.033660,0.391727
0.023718,0.385315
0.158222,0.451653
0.096393,0.419809
0.017091,0.385403
0.034551,0.393994
0.030069,0.392883
0.017686,0.380889
0.018302,0.377679
0.015798,0.372430
0.020543,0.379982
0.012798,0.368581
0.034684,0.394494
0.022397,0.380766
0.022361,0.382323
0.033684,0.395181
0.045501,0.400593
0.010662,0.361062
0.021131,0.380766
0.017541,0.375793
0.024804,0.387327
0.241029,0.456840
0.010094,0.364392
0.036880,0.399754
0.050879,0.406190
0.029686,0.391516
0.020512,0.380043
0.026815,0.392820
0.053166,0.405617
0.028845,0.389810
0.038523,0.395923
0.029523,0.389120
0.031201,0.392643
0.035450,0.394964
0.037679,0.397062
0.029729,0.392509
0.027556,0.386750
0.042931,0.401113
0.019726,0.383539
0.038443,0.402061
0.004443,0.346828
0.076183,0.414033
0.014295,0.371844
0.010597,0.362929
0.015737,0.374632
0.024554,0.381678
0.039324,0.402390
0.028835,0.388361
0.051064,0.409283
0.033483,0.388867
0.021570,0.385377
0.036979,0.396039
0.013890,0.376010
0.043520,0.399383
0.018082,0.379750
0.049488,0.404321
0.021876,0.387183
0.045954,0.401276
0.017054,0.374489
0.048273,0.404356
0.037648,0.395612
0.019235,0.374940
0.022750,0.380194
0.045726,0.402382
0.017231,0.375979
0.011777,0.363570
0.052593,0.405316
0.013164,0.374846
0.017091,0.376420
0.028952,0.388962
0.027797,0.388519
0.036987,0.395361
0.018820,0.376511
0.025077,0.384241
0.021442,0.380132
0.024590,0.386897
0.015038,0.371418
0.012086,0.365014
0.006192,0.360962
0.032553,0.392703
0.003227,0.353476
0.002294,0.346085
0.023809,0.384630
0.042182,0.398671
0.062137,0.408581
0.036724,0.401051
0.051021,0.405650
0.003400,0.348635
0.051213,0.402703
0.010765,0.364333
0.007014,0.347870
0.011559,0.366891
0.007297,0.361261
0.023792,0.384567
0.063334,0.418081
0.023804,0.386329
0.024502,0.384022
0.026532,0.389721
0.019965,0.386088
0.015885,0.379166
0.010154,0.365830
0.021219,0.386055
0.006444,0.359476
0.004296,0.343996
0.015609,0.379082
0.037402,0.392818
0.037710,0.394603
0.009390,0.355651
0.004697,0.340242
0.025274,0.393127
0.005428,0.356093
0.007106,0.353012
0.012704,0.368609
0.009342,0.358274
0.016969,0.373792
0.051480,0.401475
0.015195,0.367662
0.010374,0.369425
0.030249,0.391601
0.006532,0.359696
0.034922,0.402079
0.014209,0.372765
0.035275,0.393694
0.020312,0.380457
0.012346,0.367007
0.021001,0.378104
0.017925,0.380974
0.235766,0.449076
0.020501,0.380791
0.020456,0.381867
0.014111,0.370587
0.021377,0.385505
0.023357,0.387466
0.027116,0.386722
0.013520,0.374343
0.040808,0.398072
0.042428,0.401404
0.008090,0.358601
0.016653,0.374834
0.018447,0.378175
0.014098,0.378803
0.003230,0.344589
0.012707,0.369341
0.002288,0.330650
0.007885,0.362423
0.024615,0.390399
0.037405,0.394539
0.012437,0.372011
0.007872,0.356296
0.015805,0.375783
0.027447,0.394447
0.028804,0.389116
0.028343,0.387821
0.008159,0.352747
0.031127,0.390776
0.034618,0.395859
0.047401,0.402382
0.032681,0.394929
0.068405,0.415721
0.022007,0.383997
0.013519,0.364389
0.032058,0.392620
0.035371,0.395163
0.011422,0.363114
0.049864,0.400665
0.015689,0.377089
0.009280,0.363534
0.157513,0.445894
0.028174,0.392806
0.012548,0.365953
0.026435,0.386042
0.047980,0.401646
0.009463,0.363602
0.014867,0.371476
0.037034,0.396307
0.033922,0.395328
0.035341,0.398198
0.024188,0.385039
0.006554,0.360135
0.006265,0.349893
0.061595,0.412465
0.060487,0.412751
0.022521,0.377413
0.020492,0.371413
0.010743,0.368053
0.019909,0.383024
0.003802,0.347051
0.039772,0.397804
0.017142,0.376466
0.042640,0.401217
0.073228,0.422170
0.008362,0.360012
0.018234,0.374287
0.039149,0.395151
0.026646,0.389229
0.016185,0.375823
0.020926,0.383302
0.021161,0.378215
0.005925,0.360882
0.014989,0.372088
0.009999,0.364813
0.011305,0.362394
0.015132,0.382188
0.017057,0.376060
0.026099,0.389071
0.036348,0.395867
0.010065,0.361073
0.027434,0.392268
0.084677,0.424152
0.025504,0.388785
0.012546,0.372287
0.053031,0.403745
0.024300,0.384728
0.022524,0.384375
0.010592,0.361362
0.030111,0.383720
0.023062,0.384028
0.033015,0.392735
0.054073,0.432944
0.025145,0.392302
0.012857,0.384544
0.016520,0.380256
0.019802,0.376916
0.035208,0.407165
0.016667,0.375737
0.003076,0.337193
0.020463,0.373250
0.095480,0.439163
0.040357,0.393816
0.023696,0.380637
0.018381,0.382455
0.032855,0.391160
0.028039,0.391776
0.006281,0.344622
0.015022,0.371715
0.011023,0.368134
0.028946,0.387649
0.023755,0.389229
0.022456,0.381690
0.053940,0.406851
0.006773,0.361453
0.021227,0.385655
0.003921,0.352370
0.015271,0.371959
0.035801,0.385550
0.022728,0.377168
0.031252,0.391027
0.017432,0.381299
0.004704,0.355568
0.005399,0.345846
0.022943,0.383669
0.027525,0.385993
0.018370,0.373892
0.038137,0.401588
0.043141,0.398282
0.017316,0.381819
0.013528,0.371820
0.015519,0.376550
0.035954,0.394183
0.026261,0.388571
0.017051,0.374249
0.020561,0.388122
0.019484,0.387798
0.063111,0.413917
0.012373,0.363321
0.022844,0.381164
0.039088,0.397731
0.034438,0.407782
0.011002,0.372189
0.013175,0.372169
0.011995,0.371890
0.013803,0.373222
0.053297,0.408100
0.027420,0.399671
0.031507,0.391900
0.041563,0.402209
0.050808,0.404685
0.009266,0.359501
0.019655,0.378357
0.020914,0.380274
0.019612,0.377987
0.015987,0.369866
0.025660,0.377696
0.042979,0.401753
0.020801,0.383217
0.009759,0.361449
0.006492,0.345388
0.002520,0.336774
0.010639,0.366075
0.017251,0.374370
0.028289,0.391980
0.019098,0.377205
0.010666,0.359523
0.029221,0.393577
0.022422,0.382928
0.022182,0.382127
0.035153,0.393964
0.015625,0.370658
0.027094,0.380591
0.039600,0.398003
0.006984,0.358860
0.059944,0.402176
0.020620,0.385345
0.036557,0.398796
0.010034,0.358600
0.016746,0.374682
0.010515,0.365302
0.017235,0.374930
0.008515,0.357948
0.025143,0.382947
0.020033,0.379522
0.012783,0.368725
0.024197,0.382134
0.024146,0.386379
0.031157,0.391308
0.020543,0.379997
0.006965,0.353665
0.011416,0.368925
0.021267,0.385606
0.006901,0.359983
0.045543,0.407025
0.023672,0.394747
0.014035,0.366631
0.016915,0.379703
0.009160,0.361163
0.014899,0.364368
0.006943,0.357541
0.006827,0.362910
0.136510,0.449558
0.103262,0.430064
0.030175,0.391545
0.035900,0.398616
0.031760,0.390689
0.029275,0.390751
0.036914,0.392190
0.030842,0.389822
0.012484,0.364954
0.071836,0.417883
0.013419,0.368721
0.017884,0.386067
0.020446,0.382812
0.015182,0.378209
0.019605,0.380947
0.039254,0.399679
0.003078,0.339289
0.036511,0.397715
0.021707,0.385794
0.069080,0.408791
0.029053,0.390569
0.005103,0.352806
0.047138,0.406741
0.161126,0.438684
0.062861,0.417882
0.016394,0.375356
0.034494,0.397505
0.034460,0.388251
0.037574,0.392649
0.029328,0.391110
0.011212,0.371540
0.039083,0.401916
0.141106,0.431258
0.014973,0.372370
0.008546,0.374035
0.049317,0.400983
0.043595,0.397439
0.026571,0.383604
0.013493,0.371711
0.040163,0.394707
0.019085,0.383322
0.030102,0.389688
0.020727,0.384952
0.009201,0.354490
0.023474,0.381623
0.048248,0.384997
0.022128,0.384137
0.012396,0.370746
0.014122,0.373604
0.030676,0.388833
0.016408,0.382792
0.063537,0.409659
0.007060,0.355929
0.021155,0.382101
0.027441,0.391533
0.009127,0.355516
0.031931,0.388088
0.012631,0.373660
0.084454,0.416341
0.012526,0.368545
0.041567,0.400432
0.023403,0.387814
0.048234,0.402678
0.026276,0.386050
0.027841,0.396025
0.000661,0.300693
0.006653,0.345807
0.032587,0.394510
0.007881,0.353994
0.018925,0.378084
0.015449,0.376806
0.003951,0.347062
0.019380,0.382671
0.060647,0.422387
0.036960,0.396103
0.012138,0.361513
0.015865,0.375338
0.037368,0.393003
0.016526,0.376518
0.035935,0.401352
0.035251,0.390031
0.027069,0.391896
0.007003,0.366971
0.045388,0.401260
0.010725,0.368480
0.056723,0.422902
0.020315,0.397623
0.011891,0.371834
0.009989,0.378471
0.025185,0.386597
0.028607,0.386295
0.020916,0.379436
0.025034,0.380184
0.027209,0.384051
0.028116,0.388274
0.026799,0.386069
0.016206,0.373032
0.021989,0.383841
0.013902,0.378154
0.035906,0.396732
0.046546,0.403989
0.057314,0.406657
0.033588,0.395069
0.032072,0.387335
0.007314,0.358919
0.021054,0.378706
0.062668,0.407778
0.041058,0.397955
0.029587,0.392491
0.022967,0.386410
0.014702,0.373854
0.057305,0.407763
0.034231,0.394201
0.023348,0.384774
0.026649,0.386528
0.032924,0.391576
0.027467,0.390271
0.031976,0.392005
0.032149,0.393123
0.025739,0.388096
0.010812,0.375244
0.002502,0.341901
0.005640,0.351414
0.030308,0.392604
0.013263,0.372540
0.024176,0.385339
0.010348,0.359635
0.031737,0.391045
0.016794,0.382250
0.045253,0.406048
0.036264,0.397232
0.013748,0.374343
0.030647,0.393636
0.014082,0.372159
0.005089,0.345054
0.002078,0.329309
0.013377,0.369979
0.022692,0.382831
0.043241,0.404795
0.066984,0.415566
0.023300,0.388572
0.014586,0.371442
0.033745,0.392569
0.016257,0.371887
0.032143,0.396857
0.025204,0.380064
0.029501,0.386574
0.037908,0.395380
0.009739,0.364378
0.089123,0.432886
0.025077,0.386410
0.030932,0.390749
0.012226,0.371517
0.013148,0.375808
0.038442,0.397963
0.033616,0.396339
0.009632,0.363153
0.034064,0.396832
0.041861,0.404107
0.038458,0.396975
0.019688,0.379861
0.014682,0.377753
0.019240,0.379475
0.044932,0.401906
0.023370,0.384131
0.025254,0.381990
0.026271,0.387102
0.022686,0.378686
0.022641,0.380694
0.014806,0.373821
0.013349,0.371931
0.023934,0.387393
0.025493,0.387859
0.017762,0.379713
0.032874,0.391342
0.021521,0.382190
0.024442,0.391563
0.029761,0.389409
0.034156,0.394198
0.017593,0.379601
0.016874,0.375275
0.023405,0.385112
0.026814,0.390646
0.037300,0.399006
0.022361,0.383195
0.030373,0.389322
0.015752,0.373311
0.022739,0.382504
0.041297,0.403694
0.028029,0.385646
0.020251,0.380085
0.003136,0.346096
0.057111,0.407349
0.012693,0.365817
0.024268,0.387110
0.010225,0.362933
0.034579,0.393886
0.036619,0.394556
0.013706,0.367077
0.088843,0.431197
0.012824,0.371743
0.013414,0.378184
0.025685,0.387285
0.016193,0.370108
0.008407,0.358285
0.042019,0.401701
0.009635,0.363716
0.013307,0.370963
0.032942,0.395819
0.007772,0.359847
0.017587,0.377156
0.005878,0.340222
0.013263,0.372662
0.019177,0.376365
0.016654,0.378809
0.017289,0.379533
0.045580,0.401081
0.031796,0.388475
0.011510,0.364123
0.021571,0.381813
0.025447,0.386187
0.020638,0.378679
0.018100,0.377320
0.026113,0.390601
0.048695,0.400524
0.029755,0.390862
0.059794,0.410742
0.022873,0.383498
0.016814,0.378203
0.031248,0.381151
0.017251,0.374177
0.030841,0.389163
0.011127,0.366754
0.073227,0.416053
0.073451,0.413141
0.025815,0.390511
0.023578,0.385729
0.033682,0.394749
0.018845,0.379974
0.015855,0.377460
0.022594,0.382896
0.042491,0.401072
0.034459,0.393723
0.026834,0.391797
0.018237,0.373236
0.037747,0.388263
0.226252,0.456005
0.036218,0.386967
0.010173,0.364842
0.023179,0.388787
0.036233,0.389117
0.015698,0.371426
0.098779,0.425877
0.013550,0.363540
0.014664,0.369133
0.244191,0.461056
0.026574,0.385238
0.057826,0.420013
0.105630,0.417754
0.030537,0.386955
0.018530,0.376677
0.018250,0.383561
0.040627,0.394132
0.016815,0.376052
0.018538,0.377772
0.047655,0.407879
0.030994,0.394644
0.006914,0.349020
0.048507,0.404102
0.008642,0.359870
0.020712,0.382548
0.011309,0.362565
0.015427,0.367815
0.036218,0.395580
0.007536,0.360738
0.011020,0.365613
0.016186,0.374623
0.019110,0.374090
0.040445,0.397763
0.011377,0.371521
0.033707,0.394937
0.029179,0.391571
0.101360,0.422479
0.004307,0.336000
0.003766,0.340645
0.041733,0.405311
0.004667,0.350911
0.025487,0.388662
0.026063,0.390220
0.006336,0.355562
0.006140,0.350418
0.033699,0.392558
0.021289,0.382302
0.011790,0.365439
0.065504,0.411811
0.007608,0.362574
0.018219,0.371994
0.016113,0.381994
0.022715,0.382828
0.032841,0.396700
0.049073,0.402664
0.013286,0.376328
0.053922,0.408726
0.011236,0.365982
0.052348,0.410575
0.052312,0.410068
0.019188,0.381583
0.087237,0.425107
0.012322,0.367313
0.022747,0.375666
0.012931,0.372298
0.016014,0.370904
0.033045,0.390227
0.041896,0.396670
0.027760,0.391413
0.017585,0.370636
0.050881,0.406097
0.022779,0.375736
0.031098,0.390461
0.023228,0.388099
0.010884,0.373281
0.024566,0.385675
0.009458,0.365020
0.049842,0.404062
0.002402,0.323775
0.035757,0.400462
0.016433,0.379096
0.039765,0.390666
0.013312,0.367142
0.005085,0.353273
0.007885,0.358014
0.006624,0.360305
0.023912,0.384207
0.014379,0.371129
0.024620,0.384091
0.016218,0.373560
0.012043,0.366244
0.030786,0.389002
0.013648,0.365925
0.026764,0.384986
0.023393,0.386176
0.033932,0.393866
0.011959,0.365216
0.022765,0.379903
0.017842,0.379909
0.006142,0.367197
0.036804,0.397355
0.013323,0.373383
0.038478,0.400154
0.035003,0.395704
0.019771,0.395328
0.015090,0.388470
0.021323,0.380136
0.005754,0.352728
0.010846,0.354263
0.038550,0.396599
0.017334,0.380588
0.019467,0.385046
0.022602,0.380865
0.029236,0.391015
0.017913,0.386749
0.014258,0.368691
0.026815,0.388249
0.018734,0.380381
0.025846,0.389949
0.009858,0.365563
0.009127,0.374246
0.031248,0.385642
0.031719,0.389974
0.042627,0.400014
0.012840,0.367021
0.029914,0.389014
0.034640,0.395415
0.026930,0.382525
0.036315,0.392513
0.055115,0.406565
0.034244,0.395376
0.003683,0.330598
0.013146,0.372070
0.003674,0.339667
0.025408,0.383959
0.034787,0.393937
0.036486,0.396575
0.033692,0.393048
0.029068,0.388022
0.072638,0.411353
0.088441,0.422849
0.037959,0.396950
0.012017,0.372946
0.020115,0.385291
0.020719,0.389894
0.027495,0.386515
0.022251,0.384206
0.031468,0.389240
0.069900,0.414226
0.032909,0.381990
0.047548,0.398121
0.027969,0.390777
0.019340,0.377982
0.104272,0.421935
0.020896,0.380096
0.018784,0.382526
0.017076,0.381254
0.276777,0.459410
0.035554,0.391403
0.035435,0.396677
0.051454,0.405617
0.026689,0.389174
0.046339,0.405545
0.024196,0.390193
0.028598,0.380547
0.032039,0.393063
0.029913,0.387953
0.009505,0.364976
0.025344,0.389808
0.032836,0.389055
0.016144,0.379561
0.023588,0.385767
0.016652,0.375225
0.040644,0.411749
0.032140,0.391332
0.016054,0.376404
0.017135,0.377639
0.037728,0.398799
0.011195,0.372772
0.039202,0.395152
0.047038,0.403267
0.029943,0.396407
0.012889,0.369192
0.038524,0.399659
0.012982,0.372265
0.016855,0.381474
0.005371,0.361219
0.035690,0.390900
0.003470,0.338695
0.008170,0.352225
0.044462,0.397323
0.019777,0.383479
0.041444,0.406453
0.029622,0.390709
0.042971,0.399521
0.027343,0.391532
0.011881,0.372008
0.038658,0.397344
0.014229,0.374472
0.018807,0.375977
0.038673,0.395655
0.015957,0.371844
0.038167,0.396258
0.036378,0.400527
0.028353,0.389373
0.027260,0.389505
0.038419,0.397590
0.028271,0.391185
0.037501,0.393602
0.032602,0.392145
0.026978,0.392161
0.039001,0.397371
0.021277,0.383731
0.023435,0.388447
0.020994,0.380585
0.028137,0.390053
0.143791,0.434851
0.021781,0.380849
0.026420,0.387475
0.005440,0.368348
0.032090,0.393010
0.008767,0.362354
0.049927,0.410146
0.013618,0.368394
0.042154,0.397116
0.059349,0.410197
0.064571,0.409742
0.018349,0.378899
0.023010,0.386035
0.019795,0.381008
0.015765,0.373343
0.020945,0.382715
0.032115,0.391610
0.003717,0.340031
0.026163,0.385128
0.035165,0.393818
0.014225,0.373589
0.028207,0.400158
0.013382,0.363483
0.051901,0.403199
0.009255,0.364623
0.030790,0.391112
0.012754,0.367330
0.029915,0.390723
0.003271,0.343817
0.013866,0.368070
0.039344,0.398805
0.014206,0.373298
0.017272,0.365226
0.035079,0.392147
0.038014,0.394026
0.030728,0.389601
0.019667,0.377862
0.014846,0.375920
0.006826,0.352552
0.016532,0.374595
0.028649,0.395441
0.007109,0.359853
0.016104,0.377625
0.015356,0.377365
0.034058,0.390774
0.018154,0.377586
0.009343,0.362116
0.015242,0.366345
0.002209,0.328953
0.022925,0.381002
0.031361,0.393741
0.010913,0.395334
0.013845,0.365437
0.022506,0.374300
0.006952,0.346320
0.011516,0.366549
0.019929,0.378779
0.020587,0.381683
0.048239,0.406063
0.024946,0.388949
0.044185,0.399835
0.044785,0.404031
0.016779,0.375980
0.012549,0.366929
0.033788,0.392969
0.042546,0.401462
0.015731,0.373588
0.008565,0.357999
0.009877,0.367702
0.054076,0.407205
0.027064,0.383355
0.133176,0.452002
0.026415,0.385488
0.026857,0.386709
0.228397,0.447562
0.004894,0.348232
0.011496,0.366354
0.037119,0.395236
0.016246,0.380038
0.050857,0.415098
0.040769,0.418183
0.037672,0.400179
0.046262,0.405668
0.015596,0.372213
0.025309,0.386029
0.008882,0.364839
0.006901,0.356477
0.015070,0.374413
0.052828,0.415202
0.020490,0.393816
0.050876,0.403709
0.016509,0.382381
0.017645,0.374581
0.004064,0.338985
0.008289,0.356157
0.025738,0.395161
0.008391,0.359069
0.005394,0.340439
0.010868,0.353974
0.007488,0.360025
0.052480,0.407270
0.006771,0.362340
0.029792,0.387137
0.009299,0.366703
0.020935,0.382094
0.020936,0.375309
0.008576,0.352181
0.019788,0.379107
0.022247,0.374968
0.010554,0.359514
0.012391,0.364635
0.040683,0.398238
0.025600,0.385376
0.021498,0.382336
0.020345,0.378389
0.020769,0.380705
0.028794,0.388915
0.011780,0.366221
0.005522,0.352976
0.022872,0.384201
0.030763,0.390174
0.008664,0.362122
0.051425,0.406954
0.037057,0.398720
0.027188,0.387732
0.011622,0.364737
0.066635,0.414041
0.016985,0.372808
0.017833,0.380470
0.010893,0.368193
0.020594,0.370542
0.034020,0.393881
0.011781,0.367437
0.161926,0.449286
0.011777,0.366054
0.028075,0.391495
0.053268,0.405437
0.219961,0.455347
0.052515,0.405916
0.048056,0.398657
0.028326,0.386651
0.005848,0.354446
0.018383,0.375648
0.050253,0.401742
0.016052,0.372881
0.016163,0.374043
0.022105,0.386800
0.031422,0.390780
0.013086,0.371321
0.044584,0.405102
0.065112,0.411235
0.045559,0.394940
0.031419,0.394273
0.025980,0.378586
0.534762,0.493325
0.028420,0.389460
0.042194,0.397050
0.032319,0.381247
0.037311,0.393351
0.021033,0.379428
0.038903,0.394656
0.026514,0.390570
0.045253,0.407818
0.007857,0.355144
0.023973,0.389182
0.012818,0.373795
0.022545,0.394913
0.010850,0.369776
0.036413,0.396420
0.022727,0.383599
0.028176,0.388505
0.021748,0.382154
0.018407,0.382989
0.015880,0.375367
0.034061,0.384902
0.036642,0.396922
0.028619,0.390353
0.050813,0.403676
0.030731,0.389691
0.029681,0.390217
0.029018,0.389577
0.030706,0.390135
0.023138,0.382978
0.009890,0.371436
0.032170,0.389829
0.027225,0.386092
0.054105,0.406355
0.007535,0.353673
0.018111,0.373621
0.017480,0.375794
0.018032,0.374087
0.058516,0.409162
0.029835,0.395574
0.021988,0.384873
0.009590,0.365111
0.028039,0.388043
0.032052,0.394647
0.040741,0.403635
0.019039,0.379743
0.012270,0.371834
0.024355,0.386127
0.022535,0.381927
0.034691,0.394145
0.014515,0.373254
0.068545,0.418311
0.051877,0.404883
0.015155,0.376465
0.020689,0.383938
0.058219,0.411134
0.025152,0.387509
0.070203,0.413748
0.036842,0.399297
0.057836,0.406330
0.027876,0.392650
0.013171,0.365918
0.031936,0.390992
0.023377,0.383230
0.021248,0.363328
0.032633,0.390371
0.041176,0.397241
0.014372,0.371826
0.051881,0.405437
0.019074,0.375199
0.052983,0.399339
0.026396,0.386362
0.016131,0.372073
0.029210,0.387999
0.026524,0.385549
0.043702,0.398730
0.025591,0.386219
0.014968,0.374715
0.024841,0.382714
0.026760,0.387776
0.045371,0.399121
0.022398,0.378107
0.060864,0.409856
0.043523,0.402462
0.042775,0.398804
0.019969,0.380499
0.045090,0.403368
0.005518,0.350127
0.040680,0.396179
0.020355,0.382931
0.055157,0.405205
0.005436,0.364984
0.010956,0.369081
0.030811,0.395344
0.019832,0.373201
0.004435,0.353785
0.038416,0.402038
0.003901,0.352414
0.013523,0.357295
0.019785,0.367164
0.036873,0.398007
0.012448,0.374278
0.018153,0.382903
0.014836,0.372451
0.013907,0.370875
0.022371,0.380624
0.020309,0.380866
0.026342,0.388363
0.041701,0.398907
0.031042,0.384848
0.011242,0.367363
0.037153,0.397421
0.012523,0.375328
0.042112,0.395908
0.013851,0.372145
0.044017,0.403697
0.008878,0.361588
0.025935,0.393979
0.013847,0.370246
0.024210,0.385246
0.051643,0.403515
0.022914,0.381206
0.020485,0.382465
0.011956,0.371418
0.042325,0.399431
0.022431,0.379759
0.024309,0.385497
0.019856,0.378463
0.017707,0.373824
0.027425,0.387184
0.020114,0.379491
0.008330,0.364908
0.023252,0.383108
0.033044,0.398033
0.011442,0.364718
0.054875,0.408701
0.196434,0.453967
0.023415,0.390956
0.010739,0.372748
0.007395,0.355215
0.010550,0.361865
0.024294,0.393846
0.015681,0.383994
0.024549,0.384422
0.007596,0.363573
0.024181,0.383227
0.026974,0.386660
0.005902,0.351184
0.026796,0.387546
0.053293,0.404483
0.024925,0.379057
0.009631,0.351685
0.012536,0.370146
0.052102,0.404421
0.039415,0.395861
0.051471,0.404970
0.046115,0.398808
0.017514,0.380466
0.016849,0.377178
0.043854,0.404975
0.015580,0.372443
0.012534,0.372598
0.055854,0.409712
0.020619,0.380684
0.008904,0.359999
0.027683,0.388913
0.041188,0.399801
0.054816,0.406682
0.042920,0.399264
0.025321,0.386370
0.021498,0.382445
0.008382,0.353573
0.034243,0.393655
0.002265,0.337756
0.010362,0.368778
0.031975,0.393295
0.009796,0.359369
0.006350,0.360527
0.036403,0.394441
0.006541,0.352334
0.053202,0.405020
0.022116,0.383115
0.027075,0.388898
0.039898,0.399378
0.022463,0.383604
0.027553,0.389323
0.024055,0.386845
0.023412,0.382288
0.015453,0.369906
0.019280,0.369623
0.015986,0.373832
0.021633,0.381100
0.020991,0.376897
0.005593,0.357619
0.055327,0.414676
0.021522,0.381269
0.028560,0.387842
0.045268,0.402476
0.054185,0.413638
0.008024,0.352861
0.012417,0.366943
0.063251,0.409993
0.023091,0.381501
0.025742,0.384567
0.009210,0.364147
0.022191,0.382774
0.024551,0.396899
0.043933,0.401789
0.031593,0.394145
0.031417,0.394241
0.028271,0.387819
0.034131,0.395099
0.020335,0.381463
0.012998,0.369721
0.008925,0.359230
0.064791,0.415404
0.025679,0.390308
0.019558,0.382194
0.044163,0.403653
0.010474,0.357916
0.031566,0.393838
0.018161,0.374151
0.042351,0.404080
0.137471,0.432494
0.098207,0.421024
0.020910,0.381585
0.015432,0.370066
0.025891,0.393331
0.065353,0.413333
0.018489,0.379005
0.033080,0.397041
0.017844,0.377636
0.025314,0.387684
0.005674,0.353100
0.010402,0.357634
0.024915,0.384321
0.064096,0.412465
0.012898,0.365300
0.004513,0.354945
0.008454,0.365616
0.008501,0.351991
0.015005,0.371397
0.020375,0.385340
0.026185,0.389687
0.022957,0.383328
0.019726,0.388443
0.036951,0.392756
0.024761,0.386026
0.020985,0.380659
0.026544,0.387950
0.063237,0.409206
0.009548,0.362177
0.036994,0.394433
0.020358,0.378435
0.024452,0.387374
0.027681,0.385724
0.031239,0.393725
0.022449,0.383925
0.025916,0.388648
0.024174,0.382911
0.049969,0.401149
0.008336,0.363386
0.014345,0.374573
0.021987,0.385931
0.086795,0.422626
0.023424,0.383392
0.023017,0.383742
0.025731,0.389314
0.030809,0.389390
0.036230,0.394957
0.013148,0.366779
0.029016,0.389144
0.051952,0.403693
0.028595,0.388102
0.032217,0.393995
0.028903,0.389667
0.062170,0.412549
0.016514,0.376783
0.023750,0.389689
0.047036,0.410125
0.019479,0.375614
0.031360,0.393440
0.005711,0.344229
0.052487,0.414739
0.025117,0.378187
0.017700,0.373950
0.002688,0.333324
0.045019,0.402634
0.030081,0.393128
0.029742,0.389717
0.076600,0.415017
0.029494,0.390087
0.024740,0.384396
0.064385,0.411731
0.012910,0.368638
0.033307,0.392515
0.026158,0.390266
0.032067,0.384670
0.020798,0.384150
0.022493,0.382346
0.010911,0.347601
0.025298,0.389806
0.024705,0.390626
0.052710,0.402806
0.004147,0.332607
0.024598,0.386734
0.050889,0.403393
0.036361,0.389081
0.035472,0.394376
0.042249,0.396976
0.015414,0.375548
0.016062,0.372691
0.026072,0.386513
0.023235,0.383828
0.085806,0.419801
0.005538,0.350024
0.030326,0.391604
0.024749,0.390648
0.005714,0.363063
0.015393,0.387196
0.011441,0.369241
0.066448,0.415249
0.003931,0.356609
0.032167,0.398913
0.002291,0.343692
0.020830,0.383886
0.066634,0.408170
0.004691,0.349304
0.017667,0.393536
0.013132,0.369699
0.026966,0.389648
0.009938,0.367886
0.047886,0.406336
0.010353,0.370342
0.016615,0.387674
0.036481,0.394981
0.011224,0.367891
0.029607,0.389755
0.046850,0.399694
0.025478,0.385364
0.025968,0.391323
0.027266,0.386945
0.010167,0.363204
0.040654,0.400145
0.065500,0.413716
0.015743,0.382834
0.014219,0.367711
0.011058,0.360528
0.022211,0.388019
0.009718,0.363268
0.023141,0.383639
0.022862,0.384544
0.026137,0.382676
0.008921,0.364368
0.010485,0.367151
0.022977,0.381993
0.075089,0.416635
0.004880,0.344550
0.024606,0.384513
0.015987,0.369630
0.029491,0.397301
0.012764,0.366529
0.027281,0.388221
0.020827,0.381581
0.027605,0.390621
0.031296,0.392954
0.019626,0.384833
0.031852,0.392532
0.027358,0.386500
0.016881,0.376381
0.032159,0.392386
0.015569,0.369379
0.027699,0.388985
0.072663,0.414990
0.032055,0.397527
0.019988,0.379943
0.027669,0.388059
0.028555,0.392030
0.021041,0.383878
0.019047,0.379158
0.016290,0.378712
0.003500,0.343538
0.022500,0.387096
0.016182,0.372100
0.037175,0.399098
0.004806,0.355739
0.041342,0.389429
0.017574,0.370394
0.037716,0.398104
0.002936,0.331183
0.033484,0.393414
0.044173,0.402664
0.014486,0.369014
0.016488,0.375861
0.012602,0.371909
0.019036,0.377070
0.024018,0.382867
0.039239,0.400581
0.014907,0.374709
0.042167,0.399756
0.029870,0.382772
0.027880,0.396474
0.085160,0.418739
0.006123,0.348001
0.033270,0.382135
0.037657,0.402748
0.030428,0.392422
0.011096,0.375816
0.011956,0.382395
0.018670,0.382811
0.035825,0.394200
0.024668,0.383502
0.025301,0.382549
0.027018,0.385262
0.008936,0.356324
0.013283,0.371748
0.035010,0.393061
0.084702,0.427853
0.041148,0.398682
0.008798,0.361615
0.011682,0.365102
0.040253,0.399559
0.041786,0.399494
0.026480,0.388549
0.019669,0.379810
0.049334,0.403937
0.017706,0.376421
0.038587,0.400319
0.009815,0.357784
0.027611,0.388928
0.026978,0.387578
0.020196,0.378330
0.019451,0.379786
0.039290,0.396739
0.024926,0.386875
0.031602,0.390604
0.027976,0.389874
0.017223,0.371682
0.010491,0.359725
0.020771,0.373540
0.012400,0.367130
0.026702,0.386228
0.021051,0.379002
0.019731,0.380449
0.867886,0.543019
0.031831,0.390418
0.023408,0.385881
0.036901,0.395485
0.021394,0.379872
0.018070,0.383462
0.009338,0.368691
0.021760,0.379497
0.044036,0.401209
0.028866,0.384644
0.051458,0.402276
0.021768,0.383657
0.013672,0.368891
0.030371,0.389518
0.058546,0.410590
0.041378,0.399558
0.021313,0.379740
0.017728,0.377289
0.011750,0.365762
0.020567,0.381664
0.019805,0.380653
0.014580,0.377246
0.016430,0.374364
0.007248,0.349816
0.027940,0.385100
0.004500,0.344172
0.017942,0.375735
0.044439,0.398144
0.028083,0.388416
